name,RA,DEC,cand_set,tid,2rxs_sep,2rxs_id,2rxs_cts,2rxs_hr1,2rxs_n,xmmsl3_sep,xmmsl3_id,xmmsl3_flux_02_2,xmmsl3_flux_02_12,xmmsl3_rate_02_2,xmmsl3_n,csc21_sep,csc21_id,csc21_flux_b,csc21_flux_s,csc21_flag_e,csc21_flag_var,csc21_n,2sxps_sep,2sxps_id,2sxps_rate0,2sxps_flux_po0,2sxps_det,2sxps_pconst,2sxps_n,catwise_sep,catwise_id,catwise_w1,catwise_w2,catwise_n,gvar_sep,gvar_id,gvar_gmin,gvar_gmax,gvar_ng,gvar_n,gclass_sep,gclass_id,gclass_class,gclass_score,gclass_n,xmmssc_id,xmmssc_sep,xmmssc_flux_02_12,xmmssc_flux_err,xmmssc_flux_05_2,xmmssc_nobs,xmmssc_n,artxc_sep,artxc_name,artxc_flux,artxc_signi,artxc_cname,artxc_newxray,artxc_type,artxc_z,mkm_sep,mkm_iauname,mkm_ferass1,mkm_f2rxs,mkm_dist,mkm_lum
3eRASS J161242.8-522522,243.1785060564443,-52.42291376756108,pair,0,,,,,,11.638342,XMMSL3 J161243.5-522531,49.443577,257.964203,34.431461,1.0,2.078041,2CXO J161243.0-522523,0.000114,1.7e-05,True,True,2.0,5.798405,44624.0,4.81,2.761e-10,0.0,0.0,1.0,3.735852,J161243.16-522520.1,11.332,11.647,3.0,,,,,,,,,,,,,,,,,,,3.954069,SRGA J161243.3-522523,310.504,103.49,4U 1608-52,0.0,LMXB,,,,,,,
3eRASS J054334.0-682222,85.89198886584605,-68.37291519418177,pair,1,5.085504,2RXS J054334.6-682218,2706.93,-0.939,1.0,1.88441,XMMSL3 J054333.6-682221,6.350407,15.212281,4.422289,4.0,,,,,,,,7.203757,42709.0,0.0641,3.079e-12,0.0,0.0,1.0,0.780666,J054334.02-682221.7,16.588,16.507,2.0,,,,,,,,,,,,5XMM J054334.5-682221,2.881057245808034,4.67915e-12,4.37346e-14,3.753381e-13,336.0,1.0,,,,,,,,,,,,,,
3eRASS J162636.4-515631,246.6519045727625,-51.9421202647553,pair,2,,,,,,8.463071,XMMSL3 J162638.0-515635,3.660568,4.426893,2.549142,2.0,1.117923,2CXO J162636.5-515630,0.000135,6.19e-06,True,True,1.0,2.053677,25063.0,0.547,4.124e-11,0.0,0.0,1.0,,,,,,,,,,,,,,,,,,,,,,,,2.262428,SRGA J162636.5-515629,72.3474,42.53,SWIFT J1626.6-5156,0.0,HMXB,,,,,,,
3eRASS J094452.8-711152,146.22033015318507,-71.19802286286726,pair,3,,,,,,,,,,,,,,,,,,,,,,,,,,5.237307,J094453.74-711156.0,16.692,16.43,2.0,,,,,,,,,,,,,,,,,,,,,,,,,,,,,,,,
3eRASS J090506.7-533020,136.27832006628677,-53.505647307592405,pair,4,,,,,,8.683638,XMMSL3 J090505.8-533022,1.37856,6.53913,0.96,2.0,,,,,,,,,,,,,,,0.802969,J090506.82-533019.5,12.285,12.337,1.0,0.862338,5.311384333263075e+18,13.11701,13.167003,52.0,1.0,,,,,,,,,,,,,6.942241,SRGA J090507.5-533024,67.4916,45.88,MAXI J0903-531,0.0,HMXB,,,,,,,
3eRASS J150616.3-750200,226.56807462222548,-75.03360801480872,pair,5,8.749701,2RXS J150618.4-750157,60.95,-0.983,1.0,,,,,,,,,,,,,,,,,,,,,1.616261,J150615.92-750201.0,13.712,13.259,2.0,,,,,,,,,,,,,,,,,,,,,,,,,,,,,,,,
3eRASS J123915.4-324332,189.8142427788829,-32.725704888668616,pair,6,,,,,,,,,,,,,,,,,,,,,,,,,,4.364848,J123915.72-324334.7,7.146,6.877,1.0,,,,,,,,,,,,,,,,,,,,,,,,,,,,,,,,
3eRASS J071521.8-191603,108.84116983684136,-19.267748310491587,pair,7,,,,,,,,,,,,,,,,,,,,,,,,,,1.811569,J071521.77-191604.9,15.451,15.476,3.0,,,,,,,,,,,,5XMM J071521.9-191606,2.8987929821939127,1.34707e-11,6.26175e-14,1.673847e-12,1.0,1.0,,,,,,,,,,,,,,
3eRASS J014554.9-674648,26.47891788138732,-67.78012775307835,pair,8,,,,,,5.024259,XMMSL3 J014555.0-674653,1.52216,1.359428,1.06,3.0,,,,,,,,1.583846,191201.0,0.0101,4.341e-13,0.0,,1.0,0.388562,J014554.86-674648.3,12.966,12.194,3.0,0.341447,4.697600761807512e+18,16.731377,17.728746,45.0,1.0,0.341447,4.697600761807512e+18,AGN,0.8003036,1.0,,,,,,,,,,,,,,,,,,,,,
3eRASS J142111.9-624156,215.29989673640551,-62.69892351486364,pair,9,,,,,,,,,,,,1.174495,2CXO J142112.1-624156,4.47e-05,0.0,False,True,1.0,2.14359,192409.0,1.11,1.226e-10,0.0,0.0,2.0,1.38252,J142112.17-624156.4,11.747,11.683,1.0,,,,,,,,,,,,,,,,,,,1.851405,SRGA J142112.1-624158,161.596,78.12,4U 1416-62,0.0,HMXB,,,,,,,
3eRASS J092023.3+021339,140.09739656658027,2.2275482690723445,pair,10,12.207521,2RXS J092023.0+021350,19.48,0.474,1.0,,,,,,,,,,,,,,,,,,,,,1.216975,J092023.40+021340.3,10.26,10.209,1.0,,,,,,,,,,,,,,,,,,,,,,,,,,,,,,,,
3eRASS J231021.8-594252,347.5912369413067,-59.71467418042196,pair,11,,,,,,,,,,,,,,,,,,,,,,,,,,1.882456,J231021.88-594250.8,10.277,10.076,1.0,,,,,,,,,,,,,,,,,,,,,,,,,,,,,,,,
3eRASS J022404.3-185028,36.01795292703209,-18.84128406642364,pair,12,,,,,,10.146713,XMMSL3 J022403.6-185025,0.778871,2.063762,0.54239,1.0,,,,,,,,2.824635,168405.0,0.00284,8.394e-14,0.0,0.518,1.0,0.55944,J022404.32-185029.1,14.479,13.682,2.0,0.652683,5.131381905967267e+18,18.042374,18.814499,45.0,1.0,0.652683,5.131381905967267e+18,AGN,0.87379795,1.0,,,,,,,,,,,,,,,,,,,,,
3eRASS J060622.5-624814,91.59383843034584,-62.80399358684873,pair,13,,,,,,,,,,,,,,,,,,,,,,,,,,,,,,,,,,,,,,,,,,,,,,,,,,,,,,,,,,,,,,
3eRASS J062258.5-095259,95.74381642473094,-9.883280259327467,pair,14,,,,,,,,,,,,,,,,,,,,,,,,,,0.928334,J062258.48-095300.6,10.918,10.773,2.0,,,,,,,,,,,,,,,,,,,,,,,,,,,,,,,,
3eRASS J112114.9-603725,170.31230580237462,-60.62383396965885,pair,15,2.179577,2RXS J112115.2-603725,98.34,0.944,1.0,2.033375,XMMSL3 J112114.7-603725,2.960883,62.490643,2.061896,4.0,1.053433,2CXO J112115.1-603725,0.000185,1.76e-06,True,True,2.0,2.637305,178587.0,14.6,3.861e-09,0.0,0.0,1.0,0.959894,J112115.09-603725.7,9.572,9.796,2.0,0.992667,5.337498593446517e+18,12.822245,12.947536,46.0,1.0,,,,,,5XMM J112115.0-603724,1.654527850714944,1.9292e-10,2.23064e-13,3.378102000000001e-12,2.0,1.0,1.024303,SRGA J112115.1-603725,1291.04,304.55,Cen X-3,0.0,HMXB,,,,,,,
3eRASS J123351.5-210344,188.4648065183532,-21.062339540428425,pair,16,,,,,,,,,,,,,,,,,,,2.350603,104048.0,0.09,3.847e-12,0.0,1.66e-11,1.0,1.949349,J123351.42-210345.1,11.417,10.515,1.0,,,,,,,,,,,,,,,,,,,,,,,,,,,,,,,,
3eRASS J040311.3-023207,60.797093378833445,-2.535376442185701,pair,17,,,,,,,,,,,,,,,,,,,,,,,,,,0.797089,J040311.33-023206.7,15.043,14.636,5.0,1.588136,3.252941125422005e+18,18.770718,19.74889,39.0,1.0,1.588136,3.252941125422005e+18,AGN,0.40905106,1.0,,,,,,,,,,,,,,,,,,,,,
3eRASS J140907.2-451717,212.2800560735496,-45.28825117092416,pair,18,9.035775,2RXS J140906.9-451709,623.1,-0.931,1.0,,,,,,,,,,,,,,,,,,,,,1.850163,J140907.17-451715.8,13.245,12.603,1.0,1.926011,6.096905573613586e+18,13.804744,16.802599,24.0,1.0,1.926011,6.096905573613586e+18,CV,0.6995301,1.0,5XMM J140907.2-451714,3.3761794380608188,3.95649e-12,7.34892e-14,1.466644e-12,3.0,1.0,9.249775,SRGA J140908.1-451720,7.00309,10.21,V834 Cen,0.0,CV,,1.907293,1eRASS J140907.2-451716,1.58e-11,7.77e-11,112.0,2.38e+31
3eRASS J053517.6-055827,83.82336438309689,-5.974330885559013,pair,19,,,,,,5.509509,XMMSL3 J053517.6-055833,,1.028523,,1.0,,,,,,,,,,,,,,,1.394836,J053517.67-055826.5,8.371,7.932,1.0,8.085363,3.0171882445384187e+18,15.546854,15.884442,49.0,1.0,8.085363,3.0171882445384187e+18,YSO,0.5449581,1.0,5XMM J053517.6-055827,0.4216758418349652,2.14704e-13,6.17045e-15,1.361224e-13,22.0,1.0,,,,,,,,,,,,,,
3eRASS J082731.8-694520,126.88290041010228,-69.75563207634447,pair,20,,,,,,,,,,,,,,,,,,,,,,,,,,0.733858,J082732.03-694520.2,14.114,14.127,1.0,,,,,,,,,,,,,,,,,,,,,,,,,,,,,,,,
3eRASS J054101.0-614312,85.25429164613975,-61.72009443365733,pair,21,,,,,,,,,,,,,,,,,,,,,,,,,,3.587032,J054100.52-614312.6,17.031,16.112,3.0,,,,,,,,,,,,,,,,,,,,,,,,,,,,,,,,
3eRASS J061543.9+283506,93.93329723280154,28.58522250467383,pair,22,6.377102,2RXS J061543.6+283502,25.61,0.725,1.0,,,,,,,,,,,,,,0.651511,165831.0,0.0139,7.187e-13,0.0,1.11e-16,1.0,1.79465,J061543.92+283508.4,15.143,14.816,3.0,1.839844,3.436435910858051e+18,15.046162,18.696945,21.0,1.0,1.839844,3.436435910858051e+18,CV,0.7667611,1.0,,,,,,,,,,,,,,,,,,,,,
3eRASS J092718.4+230112,141.8270534553282,23.02012369386773,pair,23,6.905251,2RXS J092718.4+230119,90.72,0.394,1.0,0.580037,XMMSL3 J092718.5+230112,2.828115,7.564162,1.969439,3.0,,,,,,,,1.738786,132975.0,0.181,7.318e-12,0.0,1.05e-05,1.0,0.149218,J092718.50+230112.5,10.67,10.509,1.0,,,,,,,,,,,,,,,,,,,,,,,,,,,,,,,,
3eRASS J181036.0-812023,272.6503106585501,-81.33987487558566,pair,24,,,,,,3.973053,XMMSL3 J181037.6-812025,2.2976,7.51842,1.6,1.0,,,,,,,,,,,,,,,1.065254,J181036.40-812024.2,13.586,13.432,2.0,,,,,,,,,,,,5XMM J181036.4-812023,0.9115223003879196,4.51734e-14,3.41167e-15,1.214272e-14,3.0,1.0,,,,,,,,,,,,,,
3eRASS J143209.5-432948,218.0395873113225,-43.49673535023875,pair,25,11.982464,2RXS J143208.5-432954,21.7,0.186,1.0,,,,,,,,,,,,,,,,,,,,,0.659432,J143209.47-432947.6,9.452,9.526,2.0,0.66363,6.099922702242246e+18,13.177282,13.260696,27.0,1.0,0.66363,6.099922702242246e+18,YSO,0.33491534,1.0,,,,,,,,,,,,,,,,,,,,,
3eRASS J214719.8-480319,326.83278086495045,-48.055404761889,pair,26,14.72224,2RXS J214719.9-480304,30.28,-0.533,1.0,,,,,,,,,,,,,,,,,,,,,1.93419,J214719.72-480318.1,9.769,9.589,1.0,,,,,,,,,,,,,,,,,,,,,,,,,,,,,,,,
3eRASS J051903.0-512631,79.76258966077562,-51.44219009993429,pair,27,,,,,,4.619189,XMMSL3 J051902.7-512635,0.83288,1.76904,0.58,1.0,,,,,,,,,,,,,,,1.447858,J051903.07-512630.5,15.809,15.219,5.0,,,,,,,,,,,,,,,,,,,,,,,,,,,,,,,,
3eRASS J073505.0-690753,113.77095111541038,-69.13139099643652,pair,28,,,,,,,,,,,,,,,,,,,0.499763,88624.0,0.017,3.481e-13,0.0,0.0,1.0,1.072231,J073505.22-690753.3,15.768,15.704,5.0,,,,,,,,,,,,,,,,,,,,,,,,,,,,,,,,
3eRASS J123050.0+011521,187.70846170870897,1.256033815547423,pair,29,6.128208,2RXS J123050.2+011526,30.01,-1.0,1.0,,,,,,,,,,,,,,,,,,,,,0.890721,J123050.03+011522.5,10.042,9.04,1.0,0.876545,3.69728061345813e+18,14.448449,14.746298,45.0,1.0,0.876545,3.69728061345813e+18,AGN,0.31579497,1.0,5XMM J123050.0+011523,1.4875704529712075,3.20392e-13,9.41065e-15,8.41583e-14,2.0,1.0,,,,,,,,,,,,,,
3eRASS J050715.2-290721,76.81365570384848,-29.122532796770138,pair,30,36.643239,2RXS J050712.9-290701,17.76,-0.433,1.0,16.079124,XMMSL3 J050716.4-290726,0.729947,2.015757,0.50832,1.0,,,,,,,,,,,,,,,0.811967,J050715.23-290720.6,11.61,11.367,2.0,,,,,,,,,,,,,,,,,,,,,,,,,,,,,,,,
3eRASS J073128.9+095623,112.87082496595455,9.93973360893277,pair,31,,,,,,4.406786,XMMSL3 J073128.7+095626,,5.148573,,1.0,,,,,,,,0.746326,79473.0,0.186,2.4e-11,0.0,0.0,1.0,,,,,,0.083484,3.161562367602419e+18,14.63972,15.25773,25.0,1.0,0.083484,3.161562367602419e+18,CV,0.4078998,1.0,,,,,,,,4.334284,SRGA J073128.7+095621,18.1725,12.74,BG CMi,0.0,CV,,,,,,,
3eRASS J051227.6+225351,78.11530821000709,22.89758339480881,pair,32,,,,,,,,,,,,,,,,,,,,,,,,,,2.476336,J051227.59+225349.0,8.937,8.669,1.0,,,,,,,,,,,,,,,,,,,,,,,,,,,,,,,,
3eRASS J155500.2-234508,238.7508400516559,-23.75245268802884,pair,33,,,,,,,,,,,,,,,,,,,,,,,,,,0.409727,J155500.22-234508.9,9.824,9.614,1.0,,,,,,,,,,,,,,,,,,,,,,,,,,,,,,,,
3eRASS J094640.9-455202,146.67066270227207,-45.867245925521416,pair,34,5.999621,2RXS J094640.3-455201,71.09,-1.0,1.0,,,,,,,,,,,,,,5.437853,154622.0,0.00149,7.196e-14,0.0,0.514,1.0,0.326717,J094640.99-455202.1,16.538,16.601,1.0,0.476964,5.411586053396882e+18,18.587679,20.099108,55.0,1.0,0.476964,5.411586053396882e+18,CV,0.7764704,1.0,,,,,,,,,,,,,,,,,,,,,
3eRASS J062106.5-711307,95.27709389632882,-71.21879861549789,pair,35,,,,,,,,,,,,,,,,,,,,,,,,,,2.383858,J062106.03-711307.0,17.701,17.347,2.0,,,,,,,,,,,,,,,,,,,,,,,,,,,,,,,,
3eRASS J083533.2-090529,128.88867015823055,-9.091400570556816,pair,36,,,,,,,,,,,,,,,,,,,1.008416,124316.0,0.105,3.902e-12,0.0,0.0,1.0,1.329905,J083533.31-090530.3,11.715,10.9,1.0,1.374871,5.75343703894844e+18,16.52491,17.122896,41.0,1.0,1.374871,5.75343703894844e+18,AGN,0.43946585,1.0,,,,,,,,,,,,,,,,,,,,,
3eRASS J035606.5-083328,59.02739019119332,-8.55781632926033,pair,37,,,,,,,,,,,,,,,,,,,,,,,,,,0.336837,J035606.55-083328.4,8.848,8.832,2.0,,,,,,,,,,,,,,,,,,,,,,,,,,,,,,,,
3eRASS J153406.1-090331,233.52558338394948,-9.058753482922397,pair,38,,,,,,,,,,,,,,,,,,,,,,,,,,2.863239,J153406.27-090333.4,12.375,12.554,1.0,,,,,,,,,,,,,,,,,,,,,,,,,,,,,,,,
3eRASS J123822.2-253210,189.5926583093056,-25.53631318365286,pair,39,,,,,,,,,,,,,,,,,,,,,,,,,,0.800342,J123822.18-253211.1,17.949,17.819,3.0,,,,,,,,,,,,,,,,,,,10.04822,SRGA J123821.5-253208,10.8979,12.64,,1.0,UNIDENT,,,,,,,
3eRASS J090831.3-702611,137.13048155550572,-70.43648631780559,pair,40,,,,,,,,,,,,,,,,,,,,,,,,,,,,,,,,,,,,,,,,,,,,,,,,,,,,,,,,,,,,,,
3eRASS J044115.3-375924,70.31406832228633,-37.99004274498103,pair,41,,,,,,,,,,,,,,,,,,,,,,,,,,1.384643,J044115.35-375925.5,14.522,14.334,2.0,,,,,,,,,,,,,,,,,,,,,,,,,,,,,,,,
3eRASS J223835.7-633422,339.6491239150181,-63.57279903300673,pair,42,17.232031,2RXS J223836.2-633439,22.21,0.438,1.0,,,,,,,,,,,,,,2.629875,203384.0,0.048,1.632e-12,0.0,0.335,1.0,0.507938,J223835.75-633421.6,6.739,6.539,1.0,0.480904,6.404861806838483e+18,8.675889,8.769358,53.0,1.0,0.480904,6.404861806838483e+18,RS,0.21843445,1.0,,,,,,,,,,,,,,,,,,,,,
3eRASS J160901.8-390513,242.2577220320897,-39.08708923255466,pair,43,,,,,,,,,,,,0.846308,2CXO J160901.8-390512,0.00011,6.46e-05,False,False,1.0,,,,,,,,0.726429,J160901.83-390512.7,8.687,8.02,1.0,0.750844,5.997410491550195e+18,13.103678,13.809207,70.0,1.0,0.750844,5.997410491550195e+18,YSO,0.9295868,1.0,5XMM J160901.8-390513,0.1462269014115405,3.35842e-13,1.34622e-14,2.180353e-13,1.0,1.0,4.24515,SRGA J160901.9-390518,2.74419,5.88,THA 15-35,0.0,STAR,,0.761201,1eRASS J160901.9-390512,1.07e-11,,162.0,3.3599999999999996e+31
3eRASS J125601.0+075759,194.00425007119017,7.966410149076604,pair,44,,,,,,,,,,,,,,,,,,,,,,,,,,0.496115,J125601.03+075758.6,10.504,10.3,2.0,,,,,,,,,,,,,,,,,,,,,,,,,,,,,,,,
3eRASS J112952.2+360641,172.4676690442013,36.111444652595736,pair,45,14.228501,2RXS J112952.8+360629,14.17,-0.444,1.0,,,,,,,,,,,,,,,,,,,,,1.191551,J112952.16+360640.5,8.923,8.79,1.0,,,,,,,,,,,,,,,,,,,,,,,,,,,,,,,,
3eRASS J173953.8-282947,264.9745061432481,-28.49657079735067,pair,46,,,,,,7.670975,XMMSL3 J173954.0-282940,,49.971401,,1.0,1.355278,2CXO J173953.9-282946,7.99e-06,7.19e-07,False,True,1.0,2.941689,168495.0,5.09,6.807e-10,0.0,0.0,2.0,,,,,,,,,,,,,,,,,5XMM J173953.2-282954,10.76469427182507,8.2991e-10,1.56726e-11,3.3500338e-11,308.0,1.0,3.770204,SRGA J173954.1-282945,203.91,65.1,XTE J1739-285,0.0,LMXB,,,,,,,
3eRASS J095836.7+170001,149.6531425602366,17.00047932147244,pair,47,,,,,,,,,,,,,,,,,,,,,,,,,,0.562995,J095836.79+170001.6,16.129,15.881,1.0,,,,,,,,,,,,,,,,,,,,,,,,,,,,,,,,
3eRASS J085554.2+005109,133.97602644912732,0.8527439443538521,pair,48,,,,,,4.296197,XMMSL3 J085554.5+005116,2.428078,6.423217,1.690862,2.0,,,,,,,,2.919716,129321.0,0.0775,2.924e-12,0.0,0.179,1.0,1.508281,J085554.25+005111.3,12.324,11.784,6.0,,,,,,,,,,,,,,,,,,,,,,,,,,,,,,,,
3eRASS J162719.4-244142,246.8309216104689,-24.695190486386164,pair,49,35.651596,2RXS J162722.0-244144,34.8,0.682,1.0,,,,,,,2.061255,2CXO J162719.5-244140,0.000345,0.000175,False,True,1.0,1.805663,138662.0,0.0282,5.662e-13,0.0,1.07e-08,1.0,2.159634,J162719.50-244140.7,8.288,8.149,1.0,,,,,,,,,,,,5XMM J162719.5-244141,2.276021056017206,7.3556e-13,2.67715e-15,4.61582e-13,11.0,1.0,3.933332,SRGA J162719.3-244146,4.75144,7.46,SR 12,0.0,STAR,,2.141908,1eRASS J162719.4-244142,1.24e-11,9.04e-13,112.0,1.8599999999999999e+31
3eRASS J163401.4-472335,248.5062327258242,-47.39318276025279,pair,50,18.635598,2RXS J163403.2-472341,205.16,0.957,1.0,3.469592,XMMSL3 J163400.8-472331,8.970248,546.069824,6.246691,2.0,1.184625,2CXO J163401.5-472334,1.15e-05,0.0,False,True,2.0,4.197967,39729.0,3.28,8.526e-10,0.0,0.0,4.0,,,,,,,,,,,,,,,,,5XMM J163401.8-472336,3.4239717687795284,1.9452e-14,1.1657e-14,6.8495e-16,17.0,1.0,4.629205,SRGA J163402.0-472335,298.507,88.04,4U 1630-47,0.0,LMXB,,,,,,,
3eRASS J100710.3+220302,151.79303580706508,22.050607988917573,pair,51,10.260923,2RXS J100710.0+220311,278.62,-0.051,1.0,4.1582,XMMSL3 J100710.1+220305,1.99604,5.65461,1.39,3.0,,,,,,,,1.899503,83741.0,0.0591,1.613e-12,0.0,0.0,1.0,1.89132,J100710.21+220301.1,12.562,11.711,1.0,1.886948,6.295667172484442e+17,16.691582,17.18955,30.0,1.0,1.886948,6.295667172484442e+17,AGN,0.70320624,1.0,,,,,,,,,,,,,,,,,,,,,
3eRASS J000009.1-772028,0.0382329133911122,-77.34132362002869,pair,52,,,,,,6.591127,XMMSL3 J000007.5-772033,0.98178,3.65151,0.683691,1.0,,,,,,,,,,,,,,,0.694769,J000009.38-772028.6,12.922,12.444,2.0,,,,,,,,,,,,5XMM J000009.4-772026,2.096712103256685,5.45372e-13,3.33224e-14,1.48415e-13,1.0,1.0,,,,,,,,,,,,,,
3eRASS J090206.8-403318,135.5285164215782,-40.5551479427421,pair,53,10.126944,2RXS J090207.1-403308,853.25,1.0,1.0,0.390807,XMMSL3 J090206.8-403319,25.427727,317.649139,17.707331,4.0,,,,,,,,3.632058,173867.0,7.09,1.759e-09,0.0,0.0,2.0,2.031812,J090206.80-403316.5,7.178,5.615,1.0,1.785699,5.620657678322626e+18,6.697162,6.795925,45.0,1.0,1.785699,5.620657678322626e+18,ACYG,0.6171171,1.0,5XMM J090206.8-403316,1.822906062296327,5.04666e-10,4.89033e-13,2.4659140000000002e-12,3.0,1.0,2.096025,SRGA J090207.0-403317,1428.05,216.85,Vela X-1,0.0,HMXB,,,,,,,
3eRASS J104411.1-595242,161.04633729175555,-59.87842313964693,pair,54,,,,,,8.70037,XMMSL3 J104410.4-595249,1.06264,,0.74,1.0,0.090634,2CXO J104411.1-595242,1.46e-05,1.44e-05,True,False,1.0,0.70401,3728.0,0.0028,8.628e-14,4.0,0.065,1.0,9.183609,J104409.91-595243.2,10.082,10.52,1.0,0.429561,5.350350132001192e+18,10.336263,10.370713,36.0,1.0,0.429561,5.350350132001192e+18,SOLAR_LIKE,0.008297086,1.0,5XMM J104411.3-595243,2.122515861242447,4.23872e-14,2.95867e-15,3.39339e-14,51.0,1.0,,,,,,,,,,,,,,
3eRASS J111007.6-762936,167.5317604319482,-76.49354747621493,pair,55,32.720329,2RXS J111010.6-763007,15.39,1.0,1.0,,,,,,,2.681102,2CXO J111007.0-762937,0.000106,5.01e-05,False,True,2.0,,,,,,,,2.604654,J111006.95-762937.6,7.977,7.379,1.0,2.600269,5.20135225327635e+18,12.685618,13.600611,46.0,1.0,2.600269,5.20135225327635e+18,YSO,0.5697386,1.0,5XMM J111007.0-762937,2.302660050974145,3.86949e-13,9.80224e-15,2.085509e-13,2.0,1.0,,,,,,,,,,,,,,
3eRASS J100358.8+392606,150.9953908587629,39.435101894668094,pair,56,,,,,,,,,,,,,,,,,,,,,,,,,,1.574722,J100358.97+392607.7,10.408,10.365,1.0,,,,,,,,,,,,,,,,,,,,,,,,,,,,,,,,
3eRASS J053641.2-063401,84.17207699607724,-6.567002919789598,pair,57,,,,,,,,,,,,2.099059,2CXO J053641.3-063359,0.000102,3.58e-05,False,False,1.0,1.476825,164733.0,0.00411,9.203e-14,0.0,0.331,1.0,1.243648,J053641.35-063400.2,8.414,7.517,1.0,,,,,,,,,,,,5XMM J053641.3-063400,0.6517279703417059,1.10045e-13,9.08269e-15,6.72475e-14,22.0,1.0,,,,,,,,,,,,,,
3eRASS J054332.9-273904,85.88731748097666,-27.651251448312955,pair,58,15.21991,2RXS J054332.1-273914,20.69,0.177,1.0,,,,,,,0.809802,2CXO J054332.9-273905,0.00015,1.8e-05,False,False,1.0,2.240662,185346.0,0.279,1.274e-11,0.0,0.0076,1.0,0.511717,J054332.96-273905.0,10.501,10.067,1.0,0.565537,2.90775550149287e+18,15.21123,15.812585,53.0,1.0,0.565537,2.90775550149287e+18,AGN,0.035786595,1.0,,,,,,,,,,,,,,,,,,,,,
3eRASS J090533.5-145955,136.38992957276193,-14.998756287218855,pair,59,,,,,,,,,,,,,,,,,,,4.710337,197226.0,0.0277,1.201e-12,0.0,0.732,1.0,1.117799,J090533.64-145956.2,12.559,11.937,3.0,1.125395,5.732063701135319e+18,17.682875,18.50565,50.0,1.0,1.125395,5.732063701135319e+18,AGN,0.47220713,1.0,,,,,,,,,,,,,,,,,,,,,
3eRASS J035840.3-381047,59.66797623462686,-38.17985054290995,pair,60,,,,,,5.102838,XMMSL3 J035839.8-381048,1.197317,5.031854,0.833786,1.0,,,,,,,,,,,,,,,0.339518,J035840.32-381047.1,12.606,11.6,3.0,0.257791,4.845165186578472e+18,17.203035,17.801682,57.0,1.0,0.257791,4.845165186578472e+18,AGN,0.57170653,1.0,,,,,,,,,,,,,,,,,,,,,
3eRASS J105818.5-364003,164.57719451586735,-36.66776668638502,pair,61,,,,,,,,,,,,,,,,,,,,,,,,,,1.834931,J105818.68-364003.6,12.43,12.054,3.0,,,,,,,,,,,,,,,,,,,,,,,,,,,,,,,,
3eRASS J124945.4-571624,192.4392996341833,-57.273414315003535,pair,62,,,,,,,,,,,,,,,,,,,,,,,,,,3.293052,J124945.11-571622.2,13.406,13.31,4.0,3.534958,6.061283183599853e+18,18.254183,18.963871,72.0,1.0,3.534958,6.061283183599853e+18,ECL,0.8215321,1.0,,,,,,,,,,,,,,,,,,,,,
3eRASS J055333.6-665748,88.39033513187442,-66.96354873749512,pair,63,14.535062,2RXS J055336.0-665744,99.2,0.002,1.0,,,,,,,,,,,,,,,,,,,,,0.4706,J055333.59-665748.7,14.422,14.18,4.0,,,,,,,,,,,,,,,,,,,,,,,,,,,,,,,,
3eRASS J063623.7-425202,99.09910354545778,-42.86746623978544,pair,64,,,,,,,,,,,,,,,,,,,,,,,,,,,,,,,,,,,,,,,,,,,,,,,,,,,,,,,,,,,,,,
3eRASS J122808.8-552254,187.0367470424783,-55.3817948485025,pair,65,16.118611,2RXS J122810.2-552304,19.77,0.223,1.0,,,,,,,,,,,,,,,,,,,,,0.747657,J122808.90-552254.3,9.17,9.091,1.0,,,,,,,,,,,,,,,,,,,20.476529,SRGA J122806.9-552242,5.3347,8.96,2RXS J122810.2-552304,0.0,STAR?,,,,,,,
3eRASS J065027.1-320318,102.61327928451436,-32.05500901350605,pair,66,24.490921,2RXS J065025.6-320303,18.73,-0.766,1.0,,,,,,,,,,,,,,,,,,,,,1.552951,J065027.28-320318.9,9.561,9.406,1.0,1.590254,5.583279333855503e+18,13.738786,13.803186,53.0,1.0,1.590254,5.583279333855503e+18,SOLAR_LIKE,0.1069184,1.0,,,,,,,,,,,,,,,,1.581084,1eRASS J065027.1-320318,5.41e-12,3.27e-13,32.0,6.42e+29
3eRASS J054324.9+090610,85.85381603760467,9.103014563901002,pair,67,,,,,,,,,,,,,,,,,,,,,,,,,,,,,,,,,,,,,,,,,,5XMM J054324.7+090607,3.7569650710763183,8.55266e-14,8.70408e-14,6.431630000000002e-14,3.0,1.0,,,,,,,,,3.655513,1eRASS J054324.7+090610,9.77e-13,,464.0,2.5099999999999996e+31
3eRASS J095747.6-061110,149.44835077150614,-6.186152935472186,pair,68,,,,,,,,,,,,,,,,,,,,,,,,,,2.430527,J095747.74-061108.7,10.159,9.938,1.0,,,,,,,,,,,,,,,,,,,,,,,,,,,,,,,,
3eRASS J050214.5-674617,75.56067307689224,-67.77144588365367,pair,69,,,,,,,,,,,,,,,,,,,,,,,,,,2.500151,J050214.12-674617.7,12.92,12.71,2.0,2.498189,4.661465209126624e+18,13.612308,13.765628,39.0,1.0,2.498189,4.661465209126624e+18,BE|GCAS|SDOR|WR,0.65923184,1.0,5XMM J050213.6-674616,5.541146192772878,6.82981e-15,9.30828e-16,1.052892e-15,336.0,1.0,,,,,,,,,,,,,,
3eRASS J005456.2-722647,13.734467841050604,-72.44661641432718,pair,70,,,,,,,,,,,,0.373004,2CXO J005456.2-722647,2.12e-05,3.04e-06,False,True,2.0,1.396793,3382.0,0.041,3.285e-12,0.0,0.0,1.0,0.334621,J005456.20-722648.0,14.552,14.481,2.0,0.43025,4.689005982553402e+18,15.151755,15.239429,44.0,1.0,0.43025,4.689005982553402e+18,BE|GCAS|SDOR|WR,0.8356393,1.0,5XMM J005456.1-722648,0.923701109544145,1.20302e-11,9.62251e-13,1.029907e-12,182.0,1.0,3.6583,SRGA J005456.2-722644,9.44481,12.28,2E 0053.2-7242,0.0,HMXB,,,,,,,
3eRASS J140721.9-312055,211.84138079545704,-31.348843260040493,pair,71,17.914631,2RXS J140721.6-312113,12.32,-0.733,1.0,11.674586,XMMSL3 J140722.8-312057,1.560676,4.283718,1.086822,1.0,,,,,,,,,,,,,,,2.022484,J140721.99-312057.6,11.766,10.884,1.0,,,,,,,,,,,,,,,,,,,,,,,,,,,,,,,,
3eRASS J110316.7-065415,165.81994824167663,-6.904441033946328,pair,72,20.714885,2RXS J110315.4-065409,16.02,0.235,1.0,,,,,,,1.41537,2CXO J110316.7-065417,7.04e-05,2.36e-05,False,False,1.0,,,,,,,,1.097128,J110316.82-065416.9,12.825,12.484,4.0,,,,,,,,,,,,,,,,,,,,,,,,,,,,,,,,
3eRASS J124536.4-705345,191.40182655338705,-70.8959219359087,pair,73,,,,,,,,,,,,,,,,,,,,,,,,,,0.784679,J124536.37-705344.6,9.369,9.122,1.0,,,,,,,,,,,,,,,,,,,,,,,,,,,,,,,,
3eRASS J050123.9-703333,75.34958814136628,-70.55936593424065,pair,74,11.461899,2RXS J050126.1-703332,12.24,0.634,1.0,3.360054,XMMSL3 J050124.5-703334,1.128075,7.549397,0.785568,2.0,,,,,,,,1.117751,87240.0,0.00231,1.088e-13,0.0,0.00399,1.0,1.331566,J050124.12-703334.4,12.694,12.745,3.0,0.321691,4.655053441413348e+18,14.34817,14.658946,43.0,1.0,0.321691,4.655053441413348e+18,BE|GCAS|SDOR|WR,0.6713979,1.0,5XMM J050123.6-703333,1.072504780974036,2.04651e-13,1.01636e-14,2.312071e-14,2.0,1.0,10.849766,SRGA J050125.9-703338,1.50577,6.19,2E 0501.8-7037,0.0,HMXB,,,,,,,
3eRASS J144306.9-243101,220.7790627235092,-24.51720218428885,pair,75,,,,,,,,,,,,,,,,,,,,,,,,,,1.711083,J144306.95-243103.5,9.718,9.542,1.0,1.743967,6.230028153668542e+18,13.682821,13.776916,25.0,1.0,1.743967,6.230028153668542e+18,YSO,0.89073277,1.0,,,,,,,,,,,,,,,,,,,,,
3eRASS J055207.8-052500,88.03276206946448,-5.416709049446846,pair,76,14.367583,2RXS J055208.3-052512,13.2,1.0,1.0,,,,,,,,,,,,,,,,,,,,,1.263213,J055207.78-052500.5,12.411,12.268,1.0,1.261125,3.022568258011201e+18,12.5186,15.113544,45.0,1.0,1.261125,3.022568258011201e+18,CV,0.8067612,1.0,,,,,,,,,,,,,,,,,,,,,
3eRASS J082630.2-343036,126.62620715133914,-34.51013416607671,pair,77,,,,,,,,,,,,,,,,,,,,,,,,,,1.441378,J082630.39-343037.1,10.949,11.072,1.0,,,,,,,,,,,,,,,,,,,,,,,,,,,,,,,,
3eRASS J144357.1-390839,220.9882658893721,-39.14424019216902,pair,78,8.460774,2RXS J144356.9-390847,155.01,0.845,1.0,3.554384,XMMSL3 J144356.6-390842,4.47942,10.8219,3.119373,3.0,,,,,,,,1.433412,77941.0,0.482,1.262e-11,0.0,0.0,1.0,0.914286,J144357.20-390840.1,11.19,10.472,2.0,0.804195,6.105307629157336e+18,14.732078,15.869874,27.0,1.0,0.804195,6.105307629157336e+18,AGN,0.90540886,1.0,,,,,,,,12.982241,SRGA J144356.4-390830,5.3331,7.51,PKS 1440-389,0.0,BLAZAR,0.1385,,,,,,
3eRASS J130304.4-770704,195.76862657582063,-77.11785277668157,pair,79,9.367961,2RXS J130305.1-770655,24.03,0.904,1.0,17.245097,XMMSL3 J130309.7-770706,,1.699572,,1.0,,,,,,,,2.242157,193462.0,0.0172,4.452e-13,0.0,0.509,1.0,1.404645,J130304.35-770702.8,8.592,8.505,1.0,1.428848,5.789026065680783e+18,12.210782,12.445138,45.0,1.0,1.428848,5.789026065680783e+18,YSO,0.8434701,1.0,,,,,,,,,,,,,,,,,,,,,
3eRASS J155120.8-283225,237.8368788791309,-28.540484340332,pair,80,,,,,,,,,,,,,,,,,,,,,,,,,,2.273849,J155121.02-283225.1,10.692,10.535,1.0,,,,,,,,,,,,,,,,,,,,,,,,,,,,,,,,
3eRASS J142139.6-295321,215.41521478790816,-29.889317488003982,pair,81,,,,,,,,,,,,,,,,,,,,,,,,,,,,,,,,,,,,,,,,,,,,,,,,,,,,,,,,,,,,,,
3eRASS J122150.2-533805,185.45919286395105,-53.63486761045006,pair,82,,,,,,,,,,,,,,,,,,,,,,,,,,0.97539,J122150.13-533804.7,14.062,13.46,5.0,,,,,,,,,,,,,,,,,,,,,,,,,,,,,,,,
3eRASS J163528.6-480601,248.86952044061243,-48.10055510565408,pair,83,6.154116,2RXS J163528.5-480556,22.37,0.823,1.0,,,,,,,,,,,,,,1.671692,168847.0,0.0253,1.074e-12,0.0,9.92e-06,1.0,1.502455,J163528.54-480601.6,6.97,7.145,2.0,,,,,,,,,,,,,,,,,,,5.581699,SRGA J163529.1-480606,7.9624,8.64,2E 1631.7-4759,0.0,X-RAY BINARY?,,0.44871,1eRASS J163528.8-480601,9.35e-12,6.51e-13,1140.0,1.44e+33
3eRASS J064734.7+280622,101.89469329163268,28.106136045310155,pair,84,8.021768,2RXS J064734.9+280629,61.29,0.182,1.0,,,,,,,,,,,,,,2.425298,188442.0,0.128,4.27e-12,0.0,0.698,1.0,0.298343,J064734.74+280621.9,13.884,13.628,1.0,0.294801,3.386289728137231e+18,12.87877,16.626352,22.0,1.0,0.294801,3.386289728137231e+18,CV,0.9350649,1.0,,,,,,,,,,,,,,,,,,,,,
3eRASS J041222.3-690819,63.09314631562407,-69.1387960084712,pair,85,,,,,,,,,,,,,,,,,,,,,,,,,,2.445034,J041221.96-690821.1,11.782,11.213,1.0,,,,,,,,,,,,,,,,,,,,,,,,,,,,,,,,
3eRASS J160049.7-233843,240.20720654606225,-23.645475572605296,pair,86,,,,,,,,,,,,,,,,,,,,,,,,,,0.296673,J160049.71-233843.5,9.632,9.534,1.0,0.334401,6.236346909562824e+18,13.43004,13.521167,45.0,1.0,0.334401,6.236346909562824e+18,YSO,0.9653135,1.0,,,,,,,,,,,,,,,,,,,,,
3eRASS J053654.0-025316,84.22512019065644,-2.887860747851269,pair,87,,,,,,,,,,,,,,,,,,,,,,,,,,1.23318,J053654.10-025315.6,9.58,9.267,1.0,1.25273,3.2160798993176064e+18,12.860118,13.079077,45.0,1.0,1.25273,3.2160798993176064e+18,YSO,0.6480433,1.0,,,,,,,,,,,,,,,,,,,,,
3eRASS J142423.4-695758,216.09777382918315,-69.96629404310299,pair,88,,,,,,5.098827,XMMSL3 J142422.8-695755,6.01684,24.51384,4.19,1.0,,,,,,,,,,,,,,,2.01534,J142423.10-695757.8,10.694,10.76,2.0,2.023891,5.846300382299656e+18,12.364688,12.774886,53.0,1.0,2.023891,5.846300382299656e+18,ECL,0.94692725,1.0,,,,,,,,,,,,,,,,,,,,,
3eRASS J143308.0-772941,218.2836668490748,-77.4949552731067,pair,89,,,,,,,,,,,,,,,,,,,,,,,,,,0.349391,J143307.99-772941.5,13.236,12.92,1.0,,,,,,,,,,,,,,,,,,,,,,,,,,,,,,,,
3eRASS J064011.8-255342,100.04931939078168,-25.89509938353798,pair,90,6.33456,2RXS J064011.5-255337,93.23,0.937,1.0,,,,,,,1.443533,2CXO J064011.7-255343X,0.00226,0.000296,True,False,2.0,2.565399,107470.0,0.622,2.877e-11,0.0,0.0,1.0,2.095565,J064011.69-255343.1,9.524,8.919,1.0,,,,,,,,,,,,5XMM J064011.7-255343,1.551301604901176,2.503e-11,1.19578e-13,5.19006e-12,2.0,1.0,6.252705,SRGA J064011.4-255341,7.88411,8.41,2RXS J064011.5-255337,0.0,SEYFERT,0.0249,,,,,,
3eRASS J103100.6+202834,157.75262438247478,20.476128294141063,pair,91,,,,,,,,,,,,,,,,,,,,,,,,,,2.780439,J103100.53+202831.7,17.595,16.51,1.0,2.506082,7.206946189161046e+17,18.020147,20.254902,33.0,1.0,2.506082,7.206946189161046e+17,CV,0.9043695,1.0,,,,,,,,,,,,,,,,,,,,,
3eRASS J085117.7-273607,132.82379676674475,-27.60219775227626,pair,92,,,,,,,,,,,,,,,,,,,,,,,,,,1.468316,J085117.79-273606.9,9.938,9.931,1.0,1.445863,5.648942030830217e+18,12.17622,12.264275,55.0,1.0,1.445863,5.648942030830217e+18,RS,0.05409913,1.0,,,,,,,,,,,,,,,,,,,,,
3eRASS J132329.4-581017,200.8725194276996,-58.17150668241159,pair,93,,,,,,,,,,,,,,,,,,,,,,,,,,0.5753,J132329.48-581017.3,10.201,10.106,2.0,,,,,,,,,,,,,,,,,,,,,,,,,,,,,,,,
3eRASS J075438.3-515246,118.65990918709812,-51.879548799425415,pair,94,,,,,,,,,,,,,,,,,,,,,,,,,,1.475997,J075438.30-515245.1,12.928,12.737,2.0,,,,,,,,,,,,,,,,,,,,,,,,,,,,,,,,
3eRASS J151559.2-360234,228.9970315117771,-36.04283293613414,pair,95,21.934777,2RXS J151600.4-360217,25.32,1.0,1.0,,,,,,,,,,,,,,,,,,,,,0.409999,J151559.29-360233.7,12.313,11.272,1.0,,,,,,,,,,,,,,,,,,,,,,,,,,,,,,,,
3eRASS J124129.1+190456,190.3713348470941,19.08228313085776,pair,96,,,,,,,,,,,,,,,,,,,,,,,,,,0.627279,J124129.08+190455.8,9.345,9.151,1.0,,,,,,,,,,,,,,,,,,,,,,,,,,,,,,,,
3eRASS J074333.7-555402,115.89074087830254,-55.90075690847885,pair,97,,,,,,,,,,,,,,,,,,,,,,,,,,0.423523,J074333.72-555402.6,11.668,10.678,1.0,0.419603,5.487855983855799e+18,16.819609,16.99505,50.0,1.0,0.419603,5.487855983855799e+18,AGN,0.6821736,1.0,,,,,,,,,,,,,,,,,,,,,
3eRASS J172927.8-441605,262.365883501494,-44.26809969195391,pair,98,,,,,,,,,,,,,,,,,,,,,,,,,,0.350749,J172927.82-441605.4,9.871,9.975,2.0,0.397303,5.952534847868326e+18,13.939961,14.153657,52.0,1.0,0.397303,5.952534847868326e+18,RS,0.18997777,1.0,5XMM J172927.7-441605,0.7523909280390205,2.23759e-13,7.89424e-14,1.2438550000000004e-13,1.0,1.0,,,,,,,,,0.387553,1eRASS J172927.8-441605,2.87e-12,,199.0,1.3599999999999999e+31
3eRASS J011731.0-553459,19.37941093926632,-55.58323328150232,pair,99,,,,,,,,,,,,,,,,,,,,,,,,,,0.472702,J011731.08-553500.0,14.003,13.247,4.0,0.386058,4.913636895241116e+18,18.396582,19.107323,52.0,1.0,0.386058,4.913636895241116e+18,AGN,0.5731617,1.0,,,,,,,,,,,,,,,,,,,,,
1eRASS J011706.7-732648,19.27808880357431,-73.44681616595088,vanished,100,15.864748,2RXS J011705.8-732633,283.69,0.879,1.0,7.1199,XMMSL3 J011705.4-732644,73.132507,294.581146,50.927929,7.0,13.808142,2CXO J011705.1-732631X,,,True,True,2.0,,,,,,,,9.52566,J011706.89-732658.0,15.391,15.602,1.0,,,,,,,,,,,,5XMM J011708.5-732700,13.785983755046985,1.21223e-12,1.02566e-13,9.39374e-13,182.0,3.0,13.112254,SRGA J011704.8-732638,163.612,152.79,SMC X-1,0.0,HMXB,,,,,,,
1eRASS J114724.4-495303,176.85173264720294,-49.88421019660567,vanished,101,5.784039,2RXS J114724.2-495257,82.84,0.144,1.0,2.237854,XMMSL3 J114724.7-495303,5.219837,12.569806,3.634984,2.0,,,,,,,,,,,,,,,0.738966,J114724.49-495303.1,7.234,7.412,1.0,,,,,,,,,,,,,,,,,,,23.41324,SRGA J114722.1-495308,7.21469,12.52,2RXS J114724.2-495257,0.0,UNIDENT,,,,,,,
1eRASS J050558.2-680146,76.4926966917543,-68.0296573463546,vanished,102,18.219319,2RXS J050554.9-680146,2418.16,0.872,1.0,12.603324,XMMSL3 J050554.7-680154,13.337868,32.529675,9.288209,3.0,,,,,,,,,,,,,,,3.264152,J050557.83-680149.1,16.876,16.157,3.0,,,,,,,,,,,,,,,,,,,,,,,,,,,,,,,,
1eRASS J053323.7-645745,83.34884672385304,-64.9627696285099,vanished,103,,,,,,,,,,,,,,,,,,,,,,,,,,1.84136,J053323.48-645744.8,15.444,14.368,3.0,,,,,,,,,,,,,,,,,,,,,,,,,,,,,,,,
1eRASS J073144.0-470001,112.93349727990255,-47.0003095888563,vanished,104,,,,,,10.465551,XMMSL3 J073143.7-465951,0.950539,1.998571,0.661935,1.0,,,,,,,,,,,,,,,0.758025,J073144.11-470001.0,8.437,8.415,2.0,0.807797,5.507465876817019e+18,10.712565,10.839282,39.0,2.0,0.807797,5.507465876817019e+18,RS,0.2173955,2.0,5XMM J073144.0-465959,1.194826767711744,9.31066e-13,3.59925e-14,4.99307e-13,2.0,1.0,,,,,,,,,0.808616,1eRASS J073144.0-470001,4.39e-13,,428.0,9.6e+30
1eRASS J064100.4+095401,100.25169794521332,9.900426555886934,vanished,105,26.843716,2RXS J064058.8+095346,172.48,0.338,1.0,,,,,,,2.105196,2CXO J064100.4+095403,4.22e-05,2.11e-05,False,False,3.0,7.078975,99076.0,0.00568,1.441e-13,0.0,0.0,1.0,,,,,,,,,,,,,,,,,5XMM J064100.6+095401,3.9663401531084737,3.97549e-13,2.97018e-14,1.725242e-13,6.0,1.0,,,,,,,,,,,,,,
1eRASS J050338.2-304513,75.90941019162457,-30.75362190505544,vanished,106,16.643992,2RXS J050337.2-304501,43.5,-0.51,1.0,,,,,,,,,,,,,,3.78833,186727.0,0.0193,8.21e-13,0.0,0.271,1.0,0.456283,J050338.22-304512.9,14.806,13.867,2.0,1.08955,4.875603344927818e+18,18.726238,19.1887,49.0,1.0,1.08955,4.875603344927818e+18,AGN,0.9270242,1.0,,,,,,,,,,,,,,,,,,,,,
1eRASS J054656.6-653401,86.73583612572537,-65.56713447578834,vanished,107,,,,,,,,,,,,,,,,,,,,,,,,,,1.591147,J054656.36-653402.4,15.84,14.95,2.0,,,,,,,,,,,,,,,,,,,,,,,,,,,,,,,,
1eRASS J052524.1-655818,81.3506538768491,-65.97171292220668,vanished,108,,,,,,15.692761,XMMSL3 J052526.0-655829,2.71404,7.20252,1.89,1.0,,,,,,,,4.417116,191628.0,0.0796,3.683e-12,16.0,0.0462,1.0,7.209785,J052523.83-655825.1,16.799,17.072,2.0,,,,,,,,,,,,5XMM J052522.6-655826,12.471839850907331,3.11559e-12,3.91746e-13,2.408292e-12,336.0,1.0,,,,,,,,,,,,,,
1eRASS J051621.3-631123,79.08902574031303,-63.189898416388566,vanished,109,,,,,,,,,,,,,,,,,,,,,,,,,,5.182686,J051622.12-631122.9,16.627,16.508,1.0,,,,,,,,,,,,,,,,,,,,,,,,,,,,,,,,
1eRASS J131400.5-190157,198.5024325620027,-19.03264248527008,vanished,110,,,,,,,,,,,,,,,,,,,,,,,,,,2.918075,J131400.42-190159.3,8.627,8.53,1.0,,,,,,,,,,,,,,,,,,,,,,,,,,,2.95595,1eRASS J131400.5-190157,5.34e-13,,58.0,2.11e+29
1eRASS J034852.6-552534,57.21947855994609,-55.42628552002499,vanished,111,,,,,,,,,,,,,,,,,,,,,,,,,,0.899555,J034852.75-552535.0,12.008,11.864,1.0,,,,,,,,,,,,,,,,,,,,,,,,,,,,,,,,
1eRASS J071212.4-363045,108.05192601720184,-36.51259655859472,vanished,112,,,,,,,,,,,,,,,,,,,,,,,,,,3.104182,J071212.39-363048.3,11.226,11.166,1.0,,,,,,,,,,,,,,,,,,,,,,,,,,,,,,,,
1eRASS J063020.5-674651,97.58583120761054,-67.78087760725649,vanished,113,,,,,,,,,,,,,,,,,,,,,,,,,,1.459355,J063020.43-674650.0,16.481,15.621,3.0,,,,,,,,,,,,,,,,,,,,,,,,,,,,,,,,
1eRASS J055329.9-663938,88.37488674157659,-66.66065262669059,vanished,114,,,,,,,,,,,,,,,,,,,,,,,,,,2.688467,J055329.62-663936.7,15.812,15.365,4.0,,,,,,,,,,,,,,,,,,,,,,,,,,,,,,,,
1eRASS J051910.4-253443,79.79373375742396,-25.57881066390798,vanished,115,,,,,,4.169873,XMMSL3 J051910.9-253449,1.289108,1.83222,0.897708,2.0,,,,,,,,,,,,,,,1.590614,J051910.56-253445.0,14.161,13.339,1.0,1.652176,2.9578097332574177e+18,18.701199,19.588198,55.0,1.0,1.652176,2.9578097332574177e+18,AGN,0.626005,1.0,,,,,,,,,,,,,,,,,,,,,
1eRASS J013328.1-643410,23.36711038359957,-64.56960346128153,vanished,116,,,,,,,,,,,,,,,,,,,6.268826,152571.0,0.0141,5.772e-13,0.0,0.504,1.0,1.157652,J013328.15-643409.4,17.129,17.065,4.0,,,,,,,,,,,,5XMM J013326.6-643405,10.390196266691838,1.5765e-12,6.93505e-14,5.09451e-13,1.0,1.0,,,,,,,,,,,,,,
1eRASS J081658.8-534158,124.2452819398988,-53.69948246139895,vanished,117,,,,,,,,,,,,,,,,,,,,,,,,,,9.155511,J081659.81-534154.5,11.779,11.559,1.0,9.131513,5.320493374760994e+18,15.835666,15.895871,34.0,1.0,9.131513,5.320493374760994e+18,YSO,0.2970779,1.0,,,,,,,,,,,,,,,,,,,,,
1eRASS J053410.9-045032,83.5457422058537,-4.842399641803628,vanished,118,,,,,,,,,,,,8.849679,2CXO J053410.4-045038,0.00016,7.99e-05,True,True,1.0,,,,,,,,7.870638,J053410.47-045035.1,9.167,8.881,2.0,7.874912,3.209598548853144e+18,12.574868,12.700364,56.0,1.0,7.874912,3.209598548853144e+18,YSO,0.40684605,1.0,,,,,,,,10.596785,SRGA J053411.7-045030,3.80768,6.05,2E 0531.7-0452,0.0,STAR?,,,,,,,
1eRASS J052605.0-621225,81.52096474855139,-62.2070758315065,vanished,119,,,,,,13.767207,XMMSL3 J052604.0-621237,0.68928,2.14812,0.48,1.0,,,,,,,,,,,,,,,1.175879,J052605.11-621226.4,12.702,12.664,5.0,,,,,,,,,,,,,,,,,,,,,,,,,,,,,,,,
3eRASS J172341.8-310306,260.9245114573623,-31.051778751332545,new_bright,120,,,,,,,,,,,,,,,,,,,,,,,,,,2.024425,J172341.95-310308.2,9.019,9.057,2.0,,,,,,,,,,,,,,,,,,,,,,,,,,,,,,,,
3eRASS J170930.3-263920,257.3763682992362,-26.65555849118433,new_bright,121,7.505926,2RXS J170930.0-263926,906.12,0.969,1.0,,,,,,,0.672032,2CXO J170930.3-263919,3.88e-05,1.4e-05,True,True,1.0,0.63935,89301.0,1.2,5.243e-11,0.0,0.0,1.0,9.656766,J170931.02-263922.4,16.717,18.142,1.0,,,,,,,,,,,,5XMM J170930.4-263920,2.3603299128314084,1.83851e-12,2.72317e-14,7.17716e-13,1.0,1.0,5.677421,SRGA J170930.5-263925,6.23073,6.59,XTE J1709-267,0.0,LMXB,,,,,,,
3eRASS J234403.0-352639,356.01277416305146,-35.44421798096663,new_bright,122,,,,,,,,,,,,,,,,,,,,,,,,,,4.993545,J234402.89-352643.7,13.045,12.769,1.0,,,,,,,,,,,,5XMM J234402.8-352641,3.908462381184732,2.14314e-13,3.49726e-15,3.841487e-14,3.0,1.0,,,,,,,,,,,,,,
3eRASS J173758.6-374616,264.494296456611,-37.77121433452904,new_bright,123,,,,,,,,,,,,3.018093,2CXO J173758.8-374618,4.26e-06,6.07e-07,False,False,1.0,3.993052,191634.0,0.487,2.306e-11,0.0,0.0,2.0,7.190702,J173758.59-374623.5,11.628,11.846,1.0,,,,,,,,,,,,,,,,,,,8.718997,SRGA J173759.2-374622,14.3853,12.54,IGR J17379-3747,0.0,LMXB,,,,,,,
3eRASS J192832.3-500134,292.1348322130564,-50.026282542215526,new_bright,124,,,,,,1.950155,XMMSL3 J192832.6-500138,1.824062,4.955688,1.270238,3.0,,,,,,,,1.396836,138332.0,0.264,1.111e-11,0.0,0.0,1.0,0.270228,J192832.38-500134.6,13.066,12.863,2.0,,,,,,,,,,,,,,,,,,,8.048934,SRGA J192832.4-500143,4.57517,6.0,CTCV J1928-5001,0.0,CV,,,,,,,
3eRASS J045649.7-203747,74.20716087081234,-20.629847419221143,new_bright,125,,,,,,,,,,,,,,,,,,,,,,,,,,0.979154,J045649.76-203748.1,14.925,14.893,2.0,,,,,,,,,,,,5XMM J045649.7-203749,2.202458179665261,8.09861e-14,1.48873e-15,2.28156e-14,11.0,1.0,,,,,,,,,,,,,,
3eRASS J155100.8-453347,237.75364824786325,-45.56326785295143,new_bright,126,,,,,,,,,,,,,,,,,,,,,,,,,,1.933553,J155101.06-453348.0,13.011,12.914,2.0,1.94604,5.988386112446545e+18,17.674219,17.840456,41.0,1.0,,,,,,,,,,,,,,,,,,,,,,,,,,
3eRASS J074910.4-054926,117.29345999283314,-5.824103397274831,new_bright,127,4.524202,2RXS J074910.3-054931,69.79,-0.764,1.0,,,,,,,,,,,,,,,,,,,,,1.174868,J074910.39-054925.7,15.539,15.286,2.0,1.322759,3.0442633404165253e+18,17.299721,18.553881,44.0,1.0,,,,,,,,,,,,,,,,,,,,,,,,,,
3eRASS J115415.8-501801,178.5658899777514,-50.300384336924886,new_bright,128,,,,,,3.741101,XMMSL3 J115415.6-501758,3.84848,17.50086,2.68,1.0,,,,,,,,,,,,,,,0.732133,J115415.80-501802.1,13.464,13.243,1.0,0.756492,5.370642890382758e+18,14.542631,17.167078,78.0,1.0,0.756492,5.370642890382758e+18,CV,0.85312045,1.0,,,,,,,,2.537511,SRGA J115415.6-501801,5.30505,10.18,,1.0,CV?,,,,,,,
3eRASS J155747.9-542453,239.4499271458604,-54.414756085931685,new_bright,129,,,,,,,,,,,,2.561392,2CXO J155748.3-542453,4.63e-05,0.0,False,True,1.0,0.554945,151675.0,6.66,1.633e-09,0.0,0.0,1.0,2.48603,J155748.25-542453.9,11.629,11.575,3.0,,,,,,,,,,,,,,,,,,,4.578584,SRGA J155747.6-542450,66.1033,43.91,2S 1553-542,0.0,HMXB,,,,,,,
3eRASS J090023.0+214951,135.09601941843613,21.83100993527568,new_bright,130,,,,,,,,,,,,,,,,,,,,,,,,,,6.162798,J090023.10+214957.8,9.418,9.234,1.0,,,,,,,,,,,,,,,,,,,,,,,,,,,,,,,,
3eRASS J092909.3-024504,142.2889693372582,-2.75113505368429,new_bright,131,,,,,,1.860383,XMMSL3 J092909.4-024504,1.076284,2.746735,0.749501,2.0,,,,,,,,,,,,,,,1.601776,J092909.30-024502.7,5.034,4.951,1.0,1.019859,3.8377463807056384e+18,6.927397,6.966885,38.0,1.0,1.019859,3.8377463807056384e+18,SOLAR_LIKE,0.696055,1.0,,,,,,,,,,,,,,,,,,,,,
3eRASS J132435.1-194509,201.14651448554773,-19.7525502624014,new_bright,132,5.116501,2RXS J132435.4-194506,21.03,0.26,1.0,1.604691,XMMSL3 J132435.2-194511,0.649878,1.577264,0.452561,2.0,,,,,,,,,,,,,,,2.471095,J132435.29-194510.9,10.519,10.16,9.0,,,,,,,,,,,,,,,,,,,,,,,,,,,,,,,,
3eRASS J083821.2+241036,129.58850789113032,24.176896421921214,new_bright,133,13.340674,2RXS J083820.5+241026,49.1,0.02,1.0,6.080615,XMMSL3 J083821.5+241040,1.22204,3.72484,0.851003,1.0,,,,,,,,,,,,,,,0.443737,J083821.21+241036.8,12.586,12.004,8.0,,,,,,,,,,,,,,,,,,,,,,,,,,,,,,,,
3eRASS J155517.1-232216,238.8213449885216,-23.371199848158057,new_bright,134,13.840441,2RXS J155517.8-232206,24.34,1.0,1.0,10.034989,XMMSL3 J155517.4-232207,,2.353228,,1.0,,,,,,,,,,,,,,,1.596429,J155517.01-232217.0,9.186,9.056,1.0,1.65616,6.237252529183461e+18,13.424623,13.532307,44.0,1.0,1.65616,6.237252529183461e+18,YSO,0.87514573,1.0,5XMM J155517.2-232214,2.5846501213935564,3.87753e-13,1.90238e-14,2.87674e-13,6.0,1.0,,,,,,,,,,,,,,
3eRASS J205101.0-743003,312.7545122549176,-74.50101300966952,new_bright,135,,,,,,,,,,,,,,,,,,,,,,,,,,0.70267,J205101.04-743002.9,15.143,14.912,1.0,,,,,,,,,,,,,,,,,,,,,,,,,,,,,,,,
3eRASS J024510.8-434441,41.29524037548752,-43.74489566384688,new_bright,136,39.51479,2RXS J024513.5-434414,79.06,-0.377,1.0,6.893542,XMMSL3 J024511.2-434448,1.06264,2.43243,0.74,1.0,,,,,,,,,,,,,,,3.718341,J024510.76-434437.9,7.138,6.981,1.0,,,,,,,,,,,,,,,,,,,,,,,,,,,,,,,,
3eRASS J064957.1+281418,102.48830498786604,28.23843443921123,new_bright,137,30.797374,2RXS J064955.3+281437,39.21,0.672,1.0,,,,,,,,,,,,,,4.104472,181979.0,0.0233,1.051e-12,0.0,0.194,1.0,0.606806,J064957.16+281417.8,12.75,11.831,2.0,0.618321,3.385565184333443e+18,17.167551,17.867432,22.0,1.0,0.618321,3.385565184333443e+18,AGN,0.381348,1.0,,,,,,,,,,,,,,,,,,,,,
3eRASS J072919.2+081501,112.33029138646238,8.250321788063694,new_bright,138,19.037457,2RXS J072917.9+081501,106.76,-0.678,1.0,,,,,,,,,,,,,,4.75959,205464.0,0.0051,1.333e-13,0.0,0.000261,1.0,0.423407,J072919.28+081500.8,17.184,16.89,1.0,0.59133,3.14327507975482e+18,17.835314,20.032558,15.0,1.0,0.59133,3.14327507975482e+18,CV,0.6675974,1.0,,,,,,,,,,,,,,,,,,,,,
3eRASS J091529.5-690509,138.87303358329106,-69.08584112546575,new_bright,139,29.8473,2RXS J091534.4-690455,82.35,-0.188,1.0,6.943883,XMMSL3 J091530.3-690514,0.899172,2.391685,0.626164,2.0,,,,,,,,1.767079,193744.0,0.0288,1.28e-12,0.0,0.528,1.0,0.972738,J091529.60-690509.9,8.759,8.59,1.0,0.992234,5.222920479527658e+18,12.629377,14.019518,43.0,1.0,0.992234,5.222920479527658e+18,LPV,0.24577382,1.0,,,,,,,,,,,,,,,,,,,,,
1eRASS J053427.4-623926,83.61435899449728,-62.65729685909504,vanished_full,140,,,,,,,,,,,,,,,,,,,,,,,,,,4.019628,J053427.02-623923.4,13.339,13.339,4.0,,,,,,,,,,,,5XMM J053426.7-623915,11.640813479720064,3.60658e-13,3.67624e-14,1.335895e-13,6.0,1.0,,,,,,,,,,,,,,
1eRASS J051754.0-583537,79.47526098274481,-58.59370607100254,vanished_full,141,,,,,,,,,,,,,,,,,,,,,,,,,,6.038339,J051753.97-583543.3,17.574,18.227,1.0,,,,,,,,,,,,,,,,,,,,,,,,,,,,,,,,
1eRASS J064759.4-441943,101.99780213470864,-44.3288636268597,vanished_full,142,,,,,,,,,,,,,,,,,,,2.063692,8540.0,0.0144,2.959e-13,0.0,0.0,1.0,2.398146,J064759.56-441941.7,9.462,9.391,1.0,,,,,,,,,,,,5XMM J064759.5-441941,2.9904552178587736,2.7068e-13,1.54797e-15,1.888413e-13,16.0,1.0,,,,,,,,,,,,,,
1eRASS J045545.0-683951,73.93758957836019,-68.66442152863584,vanished_full,143,9.861994,2RXS J045545.5-684001,36.59,1.0,1.0,,,,,,,,,,,,,,,,,,,,,2.455742,J045545.15-683949.6,12.334,12.537,1.0,,,,,,,,,,,,,,,,,,,,,,,,,,,,,,,,
1eRASS J024930.1-274958,42.37552600280996,-27.833048504121045,vanished_full,144,,,,,,,,,,,,,,,,,,,,,,,,,,5.047749,J024930.18-274953.9,16.055,15.843,2.0,,,,,,,,,,,,,,,,,,,,,,,,,,,,,,,,
1eRASS J121547.0-173140,183.9459016611428,-17.527785127200293,vanished_full,145,,,,,,,,,,,,,,,,,,,7.485787,91298.0,0.0391,1.532e-12,0.0,0.000793,1.0,,,,,,6.575472,3.52077470188565e+18,17.649841,18.05588,16.0,1.0,6.575472,3.52077470188565e+18,AGN,0.23925123,1.0,,,,,,,,,,,,,,,,,,,,,
1eRASS J060753.0-670524,91.9712452479053,-67.0901251026576,vanished_full,146,,,,,,,,,,,,,,,,,,,,,,,,,,0.367243,J060753.05-670524.8,16.932,16.756,4.0,,,,,,,,,,,,,,,,,,,,,,,,,,,,,,,,
1eRASS J110450.9-762524,166.2123558337007,-76.42360511880531,vanished_full,147,15.432206,2RXS J110454.6-762533,9.71,1.0,1.0,,,,,,,,,,,,,,5.324791,157631.0,0.0182,4.76e-13,0.0,0.0256,1.0,0.878423,J110450.94-762524.0,9.554,9.516,1.0,,,,,,,,,,,,,,,,,,,,,,,,,,,,,,,,
1eRASS J054351.5-654739,85.96459539873919,-65.79440540654224,vanished_full,148,,,,,,,,,,,,,,,,,,,,,,,,,,2.535761,J054351.08-654739.5,16.306,15.705,3.0,,,,,,,,,,,,,,,,,,,,,,,,,,,,,,,,
1eRASS J011222.6-281630,18.09437737770509,-28.27503368780116,vanished_full,149,23.919338,2RXS J011220.8-281626,31.32,1.0,1.0,18.187483,XMMSL3 J011221.7-281617,1.19188,,0.83,1.0,,,,,,,,4.03962,188713.0,0.00707,3.015e-13,0.0,,1.0,4.060811,J011222.37-281628.1,13.566,12.615,3.0,4.072744,5.03335979581129e+18,17.548981,17.894464,84.0,1.0,4.072744,5.03335979581129e+18,AGN,0.12677887,1.0,,,,,,,,,,,,,,,,,,,,,
1eRASS J043215.0-692624,68.06272088061927,-69.44023872724033,vanished_full,150,,,,,,,,,,,,,,,,,,,,,,,,,,9.628622,J043214.04-692616.8,17.528,17.465,1.0,,,,,,,,,,,,,,,,,,,,,,,,,,,,,,,,
1eRASS J085701.0-760307,134.25452651938895,-76.05221562654444,vanished_full,151,,,,,,,,,,,,,,,,,,,,,,,,,,2.066005,J085701.23-760306.0,16.253,15.769,3.0,,,,,,,,,,,,,,,,,,,,,,,,,,,,,,,,
1eRASS J070652.7-622111,106.71997728782866,-62.35331593289367,vanished_full,152,38.635037,2RXS J070658.2-622106,165.44,-0.209,1.0,,,,,,,,,,,,,,,,,,,,,1.677291,J070652.55-622112.3,10.15,9.939,1.0,,,,,,,,,,,,,,,,,,,,,,,,,,,,,,,,
1eRASS J155518.5-232210,238.82745632295035,-23.369720875707017,vanished_full,153,10.916937,2RXS J155517.8-232206,24.34,1.0,1.0,17.363687,XMMSL3 J155517.4-232207,,2.353228,,1.0,,,,,,,,,,,,,,,,,,,,,,,,,,,,,,,5XMM J155518.8-232206,6.439615191449304,1.49668e-13,1.9468e-14,1.049142e-13,6.0,1.0,,,,,,,,,,,,,,
1eRASS J051114.8-592056,77.8119565171076,-59.34891091324298,vanished_full,154,,,,,,,,,,,,,,,,,,,,,,,,,,3.732331,J051115.29-592054.2,16.057,15.359,1.0,,,,,,,,,,,,,,,,,,,,,,,,,,,,,,,,
1eRASS J055855.6-665204,89.73175394466855,-66.86784856559628,vanished_full,155,,,,,,,,,,,,,,,,,,,,,,,,,,2.524412,J055855.79-665202.0,17.992,17.187,3.0,,,,,,,,,,,,,,,,,,,,,,,,,,,,,,,,
1eRASS J062417.1-711335,96.07164416406653,-71.22642982549772,vanished_full,156,,,,,,,,,,,,,,,,,,,,,,,,,,3.41544,J062417.85-711333.8,20.322,17.557,4.0,,,,,,,,,,,,,,,,,,,,,,,,,,,,,,,,
1eRASS J055024.4-682418,87.60197945778121,-68.40526929487733,vanished_full,157,30.262811,2RXS J055027.3-682353,104.01,0.63,1.0,,,,,,,,,,,,,,,,,,,,,2.263301,J055024.11-682420.0,15.155,15.228,3.0,,,,,,,,,,,,,,,,,,,,,,,,,,,,,,,,
1eRASS J042227.4-634840,65.61454949204767,-63.81114611415591,vanished_full,158,,,,,,,,,,,,,,,,,,,,,,,,,,,,,,,,,,,,,,,,,,,,,,,,,,,,,,,,,,,,,,
1eRASS J042014.0-512647,65.05852168845458,-51.44646021266155,vanished_full,159,,,,,,,,,,,,,,,,,,,,,,,,,,3.583958,J042014.06-512650.8,12.498,12.733,3.0,,,,,,,,,,,,,,,,,,,,,,,,,,,,,,,,
1eRASS J044439.9-594134,71.16632106550313,-59.69294520069152,vanished_full,160,,,,,,,,,,,,,,,,,,,,,,,,,,0.290258,J044439.94-594134.6,11.405,11.336,1.0,,,,,,,,,,,,,,,,,,,,,,,,,,,,,,,,
1eRASS J053732.2-663013,84.3844998306501,-66.50364141191811,vanished_full,161,,,,,,,,,,,,,,,,,,,,,,,,,,0.705728,J053732.28-663012.4,16.716,15.828,4.0,,,,,,,,,,,,5XMM J053732.3-663009,4.08161159766293,9.29334e-14,1.12167e-14,2.308042e-14,336.0,1.0,,,,,,,,,,,,,,
1eRASS J060317.3-675951,90.82238040109684,-67.99769401746899,vanished_full,162,,,,,,,,,,,,,,,,,,,,,,,,,,5.709975,J060318.36-675952.7,15.74,15.749,1.0,,,,,,,,,,,,,,,,,,,,,,,,,,,,,,,,
1eRASS J044423.9-335553,71.09959408790638,-33.931538164223035,vanished_full,163,,,,,,,,,,,,,,,,,,,,,,,,,,5.089026,J044424.21-335556.7,15.862,15.451,2.0,,,,,,,,,,,,,,,,,,,,,,,,,,,,,,,,
1eRASS J145727.7-212510,224.36563256557648,-21.41971552553706,vanished_full,164,,,,,,16.993495,XMMSL3 J145727.6-212528,1.19188,3.31695,0.83,1.0,12.133755,2CXO J145728.6-212510,0.000155,0.000142,False,True,1.0,,,,,,,,,,,,,3.112355,6.232511675556408e+18,6.965116,7.316399,25.0,1.0,3.112355,6.232511675556408e+18,LPV,0.095090024,1.0,,,,,,,,,,,,,,,,,,,,,
1eRASS J004058.4-442918,10.243731593962629,-44.48843697774522,vanished_full,165,,,,,,13.977745,XMMSL3 J004059.7-442913,0.84724,2.24289,0.59,2.0,,,,,,,,,,,,,,,4.069392,J004058.26-442921.6,17.208,17.314,3.0,,,,,,,,,,,,5XMM J004058.8-442928,10.799877807082702,1.3402e-14,5.87555e-15,3.748824e-15,44.0,1.0,,,,,,,,,,,,,,
1eRASS J034806.4-244936,57.02673750566063,-24.82678750910253,vanished_full,166,,,,,,2.842783,XMMSL3 J034806.2-244937,0.845692,,0.588922,1.0,,,,,,,,3.870013,187518.0,0.0128,3.366e-13,0.0,0.12,1.0,2.002393,J034806.56-244936.1,14.26,13.401,1.0,2.002277,5.083748450911707e+18,18.98012,19.483829,64.0,1.0,2.002277,5.083748450911707e+18,AGN,0.6450952,1.0,,,,,,,,,,,,,,,,,,,,,
1eRASS J054054.4-625047,85.22699673226421,-62.846459832710174,vanished_full,167,,,,,,,,,,,,,,,,,,,,,,,,,,1.787662,J054054.50-625049.0,14.047,13.946,6.0,,,,,,,,,,,,,,,,,,,,,,,,,,,,,,,,
1eRASS J052427.0-544401,81.1125847742874,-54.73368783606233,vanished_full,168,,,,,,,,,,,,,,,,,,,,,,,,,,4.101983,J052427.40-544358.9,15.047,14.3,1.0,4.132334,4.769994973905083e+18,20.1129,20.666733,40.0,1.0,4.132334,4.769994973905083e+18,AGN,0.05323555,1.0,,,,,,,,,,,,,,,,,,,,,
1eRASS J084215.3-702500,130.5638478778852,-70.41675617332815,vanished_full,169,,,,,,,,,,,,,,,,,,,,,,,,,,1.170818,J084215.50-702501.1,15.808,14.991,1.0,,,,,,,,,,,,,,,,,,,,,,,,,,,,,,,,
1eRASS J071432.7-704355,108.63649641813652,-70.73218610363838,vanished_full,170,,,,,,,,,,,,,,,,,,,,,,,,,,5.85376,J071433.94-704356.2,15.387,14.61,5.0,,,,,,,,,,,,,,,,,,,,,,,,,,,,,,,,
1eRASS J062127.7-671207,95.36567614426338,-67.20195643156956,vanished_full,171,,,,,,,,,,,,,,,,,,,,,,,,,,1.362432,J062127.55-671206.4,16.772,16.672,3.0,,,,,,,,,,,,,,,,,,,,,,,,,,,,,,,,
1eRASS J060437.7-665131,91.15714555390618,-66.85873609785551,vanished_full,172,,,,,,,,,,,,,,,,,,,,,,,,,,1.715024,J060437.42-665131.0,16.937,15.762,3.0,,,,,,,,,,,,,,,,,,,,,,,,,,,,,,,,
1eRASS J055205.0-071834,88.02087625107067,-7.309534205284666,vanished_full,173,,,,,,,,,,,,,,,,,,,,,,,,,,,,,,,,,,,,,,,,,,,,,,,,,,,,,,,,,,,,,,
1eRASS J033918.9-553550,54.828845796887,-55.59732642130536,vanished_full,174,,,,,,,,,,,,,,,,,,,,,,,,,,2.89795,J033918.94-553547.4,10.898,10.932,1.0,,,,,,,,,,,,,,,,,,,,,,,,,,,,,,,,
1eRASS J055043.8-641628,87.68272307304116,-64.27464130312411,vanished_full,175,,,,,,,,,,,,,,,,,,,,,,,,,,3.588685,J055043.92-641625.0,11.516,11.601,3.0,3.649841,4.756456588457055e+18,13.068262,13.678085,35.0,1.0,3.649841,4.756456588457055e+18,ECL,0.954397,1.0,,,,,,,,,,,,,,,,,,,,,
1eRASS J095155.8+220949,147.9828820956782,22.16381619822268,vanished_full,176,37.122671,2RXS J095158.3+220936,27.72,-0.047,1.0,,,,,,,,,,,,,,,,,,,,,3.663251,J095155.68+220947.6,14.005,12.935,2.0,3.693775,6.403165737139148e+17,17.642626,18.356396,51.0,1.0,3.693775,6.403165737139148e+17,AGN,0.8903997,1.0,,,,,,,,,,,,,,,,,,,,,
1eRASS J060134.1-615749,90.39236761931154,-61.96381397067939,vanished_full,177,,,,,,,,,,,,,,,,,,,,,,,,,,3.196266,J060134.22-615746.5,15.987,15.482,2.0,,,,,,,,,,,,,,,,,,,,,,,,,,,,,,,,
1eRASS J111816.0-324912,169.5669992776348,-32.82019756663476,vanished_full,178,,,,,,,,,,,,,,,,,,,4.496128,71345.0,0.0,0.0,18.0,1.0,1.0,,,,,,,,,,,,,,,,,5XMM J111815.9-324909,3.4322429873782863,1.18049e-13,2.9181e-15,6.00531e-14,2.0,1.0,,,,,,,,,,,,,,
1eRASS J021117.7-332003,32.8239820835968,-33.334339387233875,vanished_full,179,,,,,,,,,,,,,,,,,,,,,,,,,,2.813858,J021117.91-332005.5,14.983,14.154,1.0,2.794807,4.970912513220174e+18,20.01903,21.300066,61.0,1.0,2.794807,4.970912513220174e+18,AGN,0.52318144,1.0,,,,,,,,,,,,,,,,,,,,,
1eRASS J085443.6-664556,133.68175355870125,-66.76582125376216,vanished_full,180,,,,,,,,,,,,,,,,,,,,,,,,,,1.43916,J085443.85-664556.5,11.757,11.775,1.0,1.415889,5.272182242583722e+18,13.730219,13.823244,43.0,1.0,1.415889,5.272182242583722e+18,RS,0.5439299,1.0,,,,,,,,,,,,,,,,,,,,,
1eRASS J054135.8-092937,85.3991936243772,-9.493667800765897,vanished_full,181,,,,,,,,,,,,,,,,,,,,,,,,,,2.551885,J054135.90-092935.0,7.358,7.325,1.0,,,,,,,,,,,,5XMM J054135.7-092936,1.1298611029354404,8.66875e-14,6.03316e-15,6.34396e-14,1.0,1.0,,,,,,,,,,,,,,
1eRASS J160238.0-254139,240.6584922775962,-25.694410985466284,vanished_full,182,23.909972,2RXS J160239.2-254156,12.6,0.442,1.0,7.382098,XMMSL3 J160238.6-254140,2.4412,,1.7,1.0,,,,,,,,,,,,,,,1.136248,J160238.12-254139.4,9.252,9.226,1.0,,,,,,,,,,,,,,,,,,,,,,,,,,,,,,,,
1eRASS J014850.3-205252,27.20971916536973,-20.88116958276623,vanished_full,183,,,,,,,,,,,,,,,,,,,,,,,,,,5.621499,J014850.03-205256.0,14.478,13.187,1.0,5.634297,5.136147468535288e+18,19.426939,20.033159,41.0,1.0,5.634297,5.136147468535288e+18,AGN,0.5050326,1.0,,,,,,,,,,,,,,,,,,,,,
1eRASS J060336.8-775217,90.90361984868969,-77.87162221981976,vanished_full,184,,,,,,,,,,,,,,,,,,,,,,,,,,5.525127,J060336.72-775212.3,18.691,18.781,1.0,,,,,,,,,,,,,,,,,,,,,,,,,,,,,,,,
1eRASS J144310.9-485110,220.7956825327263,-48.852872813321525,vanished_full,185,,,,,,,,,,,,,,,,,,,,,,,,,,,,,,,,,,,,,,,,,,,,,,,,,,,,,,,,,,,,,,
1eRASS J054710.5-694301,86.79415077538343,-69.7170903361915,vanished_full,186,,,,,,,,,,,,,,,,,,,,,,,,,,3.576151,J054711.11-694259.2,13.413,13.59,2.0,,,,,,,,,,,,5XMM J054709.8-694302,3.735668116393014,1.98882e-14,3.65755e-15,1.609241e-14,336.0,1.0,,,,,,,,,,,,,,
1eRASS J031053.8-334620,47.72433313505713,-33.7723404037971,vanished_full,187,,,,,,,,,,,,,,,,,,,,,,,,,,6.671287,J031053.87-334613.7,16.497,15.645,2.0,,,,,,,,,,,,,,,,,,,,,,,,,,,,,,,,
1eRASS J064506.5-164409,101.27726413006808,-16.735983128977917,vanished_full,188,,,,,,,,,,,,,,,,,,,,,,,,,,,,,,,,,,,,,,,,,,,,,,,,,,,,,,,,,,,,,,
1eRASS J042135.7-520733,65.39890009770392,-52.126041925464655,vanished_full,189,,,,,,,,,,,,,,,,,,,,,,,,,,5.921907,J042136.32-520735.9,12.394,12.183,1.0,,,,,,,,,,,,,,,,,,,,,,,,,,,,,,,,
1eRASS J111323.0+023215,168.3462157021741,2.537686869990415,vanished_full,190,,,,,,,,,,,,,,,,,,,,,,,,,,,,,,,,,,,,,,,,,,,,,,,,,,,,,,,,,,,,,,
1eRASS J090340.0+120325,135.91672715081296,12.057218778453842,vanished_full,191,25.549698,2RXS J090339.3+120302,8.45,0.65,1.0,,,,,,,,,,,,,,,,,,,,,,,,,,,,,,,,,,,,,,,,,,,,,,,,,,,,,,,,,
1eRASS J080503.6-765352,121.26506029360492,-76.89783765021062,vanished_full,192,8.901076,2RXS J080506.0-765355,10.04,1.0,1.0,,,,,,,,,,,,,,,,,,,,,1.510002,J080503.32-765351.0,16.312,16.58,4.0,,,,,,,,,,,,,,,,,,,,,,,,,,,,,,,,
1eRASS J154527.5-762425,236.3647118508476,-76.40695183786197,vanished_full,193,,,,,,,,,,,,,,,,,,,,,,,,,,2.278324,J154527.92-762423.1,13.6,13.342,4.0,,,,,,,,,,,,,,,,,,,,,,,,,,,,,,,,
1eRASS J060434.9-665101,91.14558034469346,-66.85043084223261,vanished_full,194,,,,,,,,,,,,,,,,,,,,,,,,,,4.503145,J060434.37-665104.7,16.477,16.291,3.0,,,,,,,,,,,,,,,,,,,,,,,,,,,,,,,,
1eRASS J134511.7-403622,206.2988922629257,-40.60623561763908,vanished_full,195,,,,,,,,,,,,,,,,,,,,,,,,,,4.233018,J134511.36-403623.0,17.274,16.87,1.0,,,,,,,,,,,,,,,,,,,,,,,,,,,,,,,,
1eRASS J061450.7-725047,93.71141109762767,-72.84647903711047,vanished_full,196,,,,,,,,,,,,,,,,,,,,,,,,,,3.595487,J061451.50-725046.2,18.744,17.875,1.0,,,,,,,,,,,,,,,,,,,,,,,,,,,,,,,,
1eRASS J045339.0-313625,73.41261105855399,-31.607091349697985,vanished_full,197,,,,,,,,,,,,,,,,,,,,,,,,,,3.308347,J045338.77-313624.7,15.764,15.001,1.0,3.240062,4.87479932275353e+18,19.878557,20.485073,54.0,1.0,3.240062,4.87479932275353e+18,AGN,0.5295023,1.0,,,,,,,,,,,,,,,,,,,,,
1eRASS J115621.5-630529,179.08977799300064,-63.09145446812095,vanished_full,198,,,,,,,,,,,,,,,,,,,,,,,,,,4.778056,J115621.36-630524.6,13.931,14.422,4.0,,,,,,,,,,,,,,,,,,,,,,,,,,,,,,,,
1eRASS J134423.6-365627,206.09867144072683,-36.94104097390687,vanished_full,199,,,,,,,,,,,,,,,,,,,,,,,,,,1.537823,J134423.77-365628.8,13.516,12.826,2.0,,,,,,,,,,,,,,,,,,,,,,,,,,,,,,,,
1eRASS J062955.1-673115,97.47969118318038,-67.52096428764887,vanished_full,200,,,,,,,,,,,,,,,,,,,,,,,,,,3.618595,J062955.03-673111.9,12.63,12.63,1.0,3.694544,5.283320707691515e+18,15.49744,15.611671,41.0,1.0,3.694544,5.283320707691515e+18,RS,0.4615225,1.0,,,,,,,,,,,,,,,,,,,,,
1eRASS J062721.9-764947,96.84128465369852,-76.82976311727579,vanished_full,201,25.443605,2RXS J062718.1-764925,24.21,1.0,1.0,,,,,,,,,,,,,,,,,,,,,8.504877,J062723.09-764954.6,18.182,18.776,1.0,,,,,,,,,,,,,,,,,,,,,,,,,,,,,,,,
1eRASS J061339.5-663606,93.41486207353564,-66.60181016278483,vanished_full,202,,,,,,,,,,,,,,,,,,,,,,,,,,2.228292,J061339.24-663605.2,15.729,15.527,3.0,,,,,,,,,,,,,,,,,,,,,,,,,,,,,,,,
1eRASS J030622.4-400621,46.59349817712956,-40.10594473680103,vanished_full,203,,,,,,,,,,,,,,,,,,,,,,,,,,0.682576,J030622.40-400620.8,15.672,15.586,3.0,,,,,,,,,,,,,,,,,,,,,,,,,,,,,,,,
1eRASS J041309.3-540658,63.288933152926575,-54.1162742218969,vanished_full,204,,,,,,,,,,,,,,,,,,,,,,,,,,6.547825,J041309.42-540705.1,15.909,14.623,1.0,6.543664,4.779651366056688e+18,18.952332,19.217125,36.0,1.0,6.543664,4.779651366056688e+18,AGN,0.9904677,1.0,,,,,,,,,,,,,,,,,,,,,
1eRASS J041605.6-240450,64.02362470280943,-24.08066687774771,vanished_full,205,,,,,,,,,,,,,,,,,,,,,,,,,,1.619434,J041605.67-240451.9,18.029,17.526,2.0,,,,,,,,,,,,,,,,,,,,,,,,,,,,,,,,
1eRASS J055635.5-442744,89.14799934740547,-44.462437462145694,vanished_full,206,,,,,,,,,,,,,,,,,,,,,,,,,,2.188146,J055635.70-442745.7,16.82,15.828,2.0,,,,,,,,,,,,,,,,,,,,,,,,,,,,,,,,
1eRASS J104505.7-594003,161.27386552308124,-59.66764573139604,vanished_full,207,,,,,,,,,,,,2.670212,2CXO J104505.9-594005,8.08e-05,5.72e-05,True,False,4.0,2.986984,2242.0,0.0238,1.506e-12,4.0,0.0,1.0,,,,,,,,,,,,,,,,,,,,,,,,,,,,,,,,,,,,,
1eRASS J081558.4+403320,123.99342956200064,40.55568428866559,vanished_full,208,33.556105,2RXS J081600.3+403346,6.59,0.603,1.0,,,,,,,,,,,,,,,,,,,,,,,,,,,,,,,,,,,,,,,,,,,,,,,,,,,,,,,,,
1eRASS J025543.6-141239,43.93167600891846,-14.210845669906394,vanished_full,209,,,,,,,,,,,,,,,,,,,,,,,,,,,,,,,,,,,,,,,,,,,,,,,,,,,,,,,,,,,,,,
1eRASS J043241.9-481543,68.17491168572259,-48.26215362044868,vanished_full,210,,,,,,,,,,,,,,,,,,,,,,,,,,4.844002,J043242.45-481544.4,16.294,14.97,2.0,4.879878,4.788250440338967e+18,19.519464,19.901619,36.0,1.0,4.879878,4.788250440338967e+18,AGN,0.7738704,1.0,,,,,,,,,,,,,,,,,,,,,
1eRASS J044325.6-540915,70.85677770116801,-54.1542636190387,vanished_full,211,,,,,,,,,,,,,,,,,,,,,,,,,,7.838057,J044326.50-540916.8,12.001,12.051,1.0,,,,,,,,,,,,,,,,,,,,,,,,,,,,,,,,
1eRASS J044646.6-662450,71.69449922141227,-66.41399083249567,vanished_full,212,,,,,,,,,,,,,,,,,,,,,,,,,,4.965172,J044646.33-662454.8,17.103,16.866,4.0,,,,,,,,,,,,,,,,,,,,,,,,,,,,,,,,
1eRASS J052752.1-605619,81.96712356134917,-60.93864463737011,vanished_full,213,,,,,,,,,,,,,,,,,,,,,,,,,,1.473385,J052752.09-605617.6,17.017,17.536,6.0,,,,,,,,,,,,,,,,,,,,,,,,,,,,,,,,
1eRASS J064911.2-643453,102.29680262849304,-64.58157333461168,vanished_full,214,,,,,,,,,,,,,,,,,,,,,,,,,,1.998908,J064911.18-643455.6,15.965,15.892,5.0,,,,,,,,,,,,,,,,,,,,,,,,,,,,,,,,
1eRASS J030409.7-440227,46.04077671676247,-44.04107634778796,vanished_full,215,,,,,,,,,,,,,,,,,,,,,,,,,,3.409535,J030409.76-440231.2,17.535,16.577,3.0,,,,,,,,,,,,,,,,,,,,,,,,,,,,,,,,
1eRASS J041933.5-682038,64.88966019942491,-68.34397178346275,vanished_full,216,,,,,,,,,,,,,,,,,,,,,,,,,,4.355612,J041933.93-682034.6,16.154,16.108,3.0,,,,,,,,,,,,,,,,,,,,,,,,,,,,,,,,
1eRASS J103051.5-262837,157.71465459671077,-26.47698758854835,vanished_full,217,36.489627,2RXS J103053.7-262815,9.79,-0.693,1.0,,,,,,,,,,,,,,,,,,,,,,,,,,,,,,,,,,,,,,,,,,,,,,,,,,,,,,,,,
1eRASS J055216.6-681015,88.06918590212834,-68.17095656374906,vanished_full,218,,,,,,,,,,,,,,,,,,,,,,,,,,2.356786,J055216.93-681016.9,16.386,15.898,3.0,,,,,,,,,,,,,,,,,,,,,,,,,,,,,,,,
1eRASS J051235.3-093621,78.14741253641436,-9.606101566337902,vanished_full,219,,,,,,,,,,,,,,,,,,,,,,,,,,9.49042,J051234.75-093619.3,10.999,10.773,1.0,,,,,,,,,,,,,,,,,,,,,,,,,,,,,,,,
1eRASS J050609.3-631039,76.53916069674437,-63.177671757058334,vanished_full,220,34.774534,2RXS J050606.3-631011,35.31,0.923,1.0,,,,,,,,,,,,,,,,,,,,,3.61268,J050609.84-631041.6,16.974,16.277,2.0,,,,,,,,,,,,,,,,,,,,,,,,,,,,,,,,
1eRASS J205753.3-524625,314.47241883112684,-52.77367597133139,vanished_full,221,,,,,,,,,,,,,,,,,,,,,,,,,,0.8234,J205753.28-524625.2,14.826,14.693,6.0,,,,,,,,,,,,,,,,,,,,,,,,,,,,,,,,
1eRASS J015226.5-273159,28.11071040254773,-27.53307706856329,vanished_full,222,,,,,,,,,,,,,,,,,,,,,,,,,,2.988855,J015226.42-273201.4,15.811,16.096,3.0,,,,,,,,,,,,,,,,,,,,,,,,,,,,,,,,
1eRASS J051213.9-625407,78.05825323290588,-62.90210484471616,vanished_full,223,,,,,,,,,,,,,,,,,,,,,,,,,,2.960337,J051213.85-625404.7,15.822,15.634,2.0,,,,,,,,,,,,,,,,,,,,,,,,,,,,,,,,
1eRASS J085450.5-664459,133.71082991910467,-66.74974581150113,vanished_full,224,,,,,,,,,,,,,,,,,,,,,,,,,,5.265168,J085451.39-664501.4,16.934,16.694,4.0,,,,,,,,,,,,,,,,,,,,,,,,,,,,,,,,
1eRASS J063353.0-681544,98.4709793601384,-68.26234509466403,vanished_full,225,,,,,,,,,,,,,,,,,,,,,,,,,,3.453209,J063352.50-681542.6,17.683,16.649,4.0,,,,,,,,,,,,,,,,,,,,,,,,,,,,,,,,
1eRASS J074822.7-664030,117.09469285464355,-66.67512644774528,vanished_full,226,,,,,,,,,,,,,,,,,,,,,,,,,,2.148547,J074823.05-664029.5,15.116,13.728,3.0,2.185623,5.275021593923079e+18,18.803619,19.013809,62.0,1.0,2.185623,5.275021593923079e+18,AGN,0.8556157,1.0,,,,,,,,,,,,,,,,,,,,,
1eRASS J051825.0-541619,79.6045059184695,-54.27209054607607,vanished_full,227,,,,,,,,,,,,,,,,,,,,,,,,,,4.61449,J051825.54-541621.7,15.951,14.602,1.0,,,,,,,,,,,,,,,,,,,,,,,,,,,,,,,,
1eRASS J053429.4-660909,83.62259950231504,-66.1526832796108,vanished_full,228,,,,,,,,,,,,3.429614,2CXO J053429.6-660906,7.79e-06,3.41e-06,False,False,1.0,,,,,,,,1.1271,J053429.60-660909.6,16.141,15.502,2.0,,,,,,,,,,,,5XMM J053429.5-660904,5.581255422949379,2.48327e-14,1.29844e-14,8.56091e-15,336.0,1.0,,,,,,,,,,,,,,
1eRASS J140705.3-510057,211.77215260533728,-51.01600903746185,vanished_full,229,,,,,,,,,,,,,,,,,,,,,,,,,,5.437591,J140705.83-510055.0,16.266,16.629,2.0,,,,,,,,,,,,,,,,,,,,,,,,,,,,,,,,
1eRASS J045632.2-560845,74.13434476093727,-56.146100814303935,vanished_full,230,,,,,,,,,,,,,,,,,,,,,,,,,,2.690756,J045631.99-560844.2,15.384,14.344,2.0,2.739745,4.776244357479869e+18,19.118158,19.515564,43.0,1.0,2.739745,4.776244357479869e+18,AGN,0.51442707,1.0,,,,,,,,,,,,,,,,,,,,,
1eRASS J071556.4-684551,108.98536771695618,-68.76430100061935,vanished_full,231,,,,,,,,,,,,,,,,,,,,,,,,,,3.382795,J071556.45-684548.1,15.667,14.875,2.0,,,,,,,,,,,,,,,,,,,,,,,,,,,,,,,,
1eRASS J050746.0-620612,76.94185705281826,-62.10359985511424,vanished_full,232,,,,,,,,,,,,,,,,,,,,,,,,,,2.25253,J050746.36-620613.4,15.16,14.38,4.0,2.338001,4.760618613621361e+18,19.908092,20.664505,26.0,1.0,2.338001,4.760618613621361e+18,AGN,0.3137488,1.0,,,,,,,,,,,,,,,,,,,,,
1eRASS J062940.4-654602,97.41846851783826,-65.76732720000771,vanished_full,233,29.312177,2RXS J062941.7-654630,21.75,,1.0,,,,,,,,,,,,,,,,,,,,,6.859511,J062940.52-654609.2,17.16,16.15,2.0,,,,,,,,,,,,,,,,,,,,,,,,,,,,,,,,
1eRASS J113249.9-203013,173.20803307670806,-20.5038422291173,vanished_full,234,,,,,,,,,,,,,,,,,,,,,,,,,,5.427649,J113249.85-203019.1,16.827,16.27,3.0,,,,,,,,,,,,,,,,,,,,,,,,,,,,,,,,
1eRASS J081456.4-680627,123.73507600162316,-68.10750854192727,vanished_full,235,,,,,,,,,,,,,,,,,,,,,,,,,,4.705924,J081457.05-680630.1,12.476,12.422,4.0,,,,,,,,,,,,,,,,,,,,,,,,,,,,,,,,
1eRASS J050404.9-492942,76.02044995017832,-49.49519474897214,vanished_full,236,29.106821,2RXS J050402.4-492925,12.47,0.197,1.0,,,,,,,,,,,,,,14.776535,63937.0,0.00315,1.038e-13,16.0,0.0369,1.0,9.43466,J050403.94-492943.9,15.266,15.356,1.0,,,,,,,,,,,,,,,,,,,,,,,,,,,,,,,,
1eRASS J011447.3-282034,18.69737023119201,-28.342848900079225,vanished_full,237,,,,,,,,,,,,,,,,,,,,,,,,,,5.436997,J011447.57-282038.9,17.972,18.073,2.0,8.318736,5.030367127023534e+18,19.806158,20.54199,56.0,1.0,8.318736,5.030367127023534e+18,AGN,0.8789568,1.0,,,,,,,,,,,,,,,,,,,,,
1eRASS J054235.4-615420,85.64788665737083,-61.90559917255941,vanished_full,238,8.135223,2RXS J054236.3-615414,247.96,1.0,1.0,5.099146,XMMSL3 J054237.3-615416,1.7232,3.7908,1.2,3.0,,,,,,,,5.125404,182687.0,0.0513,1.507e-12,0.0,0.062,1.0,1.523022,J054235.69-615419.5,12.983,13.001,4.0,,,,,,,,,,,,,,,,,,,,,,,,,,,,,,,,
1eRASS J050724.6-635419,76.85266387200491,-63.90530530670583,vanished_full,239,,,,,,,,,,,,,,,,,,,,,,,,,,1.833545,J050724.79-635417.6,16.068,15.299,4.0,,,,,,,,,,,,,,,,,,,,,,,,,,,,,,,,
1eRASS J033502.5-005640,53.76049154479904,-0.9444817256272252,vanished_full,240,,,,,,,,,,,,,,,,,,,,,,,,,,4.201749,J033502.70-005643.1,16.998,17.26,3.0,4.807588,3.2631039457570324e+18,19.8577,20.263584,22.0,1.0,4.807588,3.2631039457570324e+18,AGN,0.11381008,1.0,,,,,,,,,,,,,,,,,,,,,
1eRASS J045233.7-512035,73.14055283321512,-51.34308300401258,vanished_full,241,,,,,,,,,,,,,,,,,,,,,,,,,,1.353611,J045233.59-512034.6,14.429,13.679,1.0,1.313619,4.783745706840271e+18,19.643141,20.768656,33.0,1.0,1.313619,4.783745706840271e+18,AGN,0.36120838,1.0,,,,,,,,,,,,,,,,,,,,,
1eRASS J121424.3-634022,183.6015366240932,-63.672927518289406,vanished_full,242,,,,,,,,,,,,,,,,,,,,,,,,,,3.953708,J121423.79-634021.9,11.777,12.14,5.0,4.005705,6.054133364409686e+18,17.231615,17.38336,46.0,1.0,4.005705,6.054133364409686e+18,LPV,0.57573265,1.0,,,,,,,,,,,,,,,,,,,,,
1eRASS J062100.7-033011,95.25328954418994,-3.503150830574439,vanished_full,243,34.967625,2RXS J062101.3-032937,12.73,-0.164,1.0,,,,,,,,,,,,,,,,,,,,,1.354645,J062100.86-033011.8,6.998,6.868,1.0,,,,,,,,,,,,,,,,,,,,,,,,,,,,,,,,
1eRASS J041109.6-481931,62.790316077779,-48.32531091068896,vanished_full,244,16.812827,2RXS J041110.6-481945,11.92,0.841,1.0,,,,,,,13.589944,2CXO J041110.5-481941,1.24e-06,2.6e-07,False,False,1.0,,,,,,,,4.904439,J041109.29-481928.0,17.4,16.856,3.0,,,,,,,,,,,,,,,,,,,,,,,,,,,,,,,,
1eRASS J054518.5-295050,86.3273058650845,-29.847491682089583,vanished_full,245,26.44123,2RXS J054517.4-295028,15.27,0.925,1.0,,,,,,,,,,,,,,,,,,,,,1.431602,J054518.63-295051.8,14.93,14.221,1.0,1.520578,2.903924455086811e+18,19.191517,20.105518,52.0,1.0,1.520578,2.903924455086811e+18,AGN,0.3706691,1.0,,,,,,,,,,,,,,,,,,,,,
1eRASS J165407.5-740323,253.531481018819,-74.05657182561835,vanished_full,246,,,,,,,,,,,,,,,,,,,,,,,,,,,,,,,9.895102,5.802322150557889e+18,13.662306,13.812545,46.0,1.0,9.895102,5.802322150557889e+18,RS,0.8287335,1.0,,,,,,,,,,,,,,,,,,,,,
1eRASS J024517.0-401403,41.32123886659931,-40.23442255932834,vanished_full,247,,,,,,,,,,,,,,,,,,,,,,,,,,5.542035,J024516.65-401406.2,14.296,12.883,2.0,5.600998,4.949257322473333e+18,17.34539,17.528318,55.0,1.0,5.600998,4.949257322473333e+18,AGN,0.55295026,1.0,,,,,,,,,,,,,,,,,,,,,
1eRASS J053624.0-625223,84.10006373457199,-62.87320497789656,vanished_full,248,,,,,,,,,,,,,,,,,,,,,,,,,,,,,,,,,,,,,,,,,,,,,,,,,,,,,,,,,,,,,,
1eRASS J111141.7+242837,167.92384262404173,24.477099775055407,vanished_full,249,,,,,,,,,,,,,,,,,,,,,,,,,,3.296134,J111141.91+242835.4,14.859,13.887,2.0,3.263354,3.99542889372892e+18,18.800962,19.107147,23.0,1.0,3.263353,3.99542889372892e+18,AGN,0.293007,1.0,5XMM J111142.0+242835,5.347555838639741,1.46409e-13,1.34621e-14,4.52981e-14,1.0,1.0,,,,,,,,,,,,,,
1eRASS J052728.6-065308,81.86917296663553,-6.885765664502103,vanished_full,250,,,,,,,,,,,,,,,,,,,,,,,,,,1.496293,J052728.63-065310.1,16.919,17.329,3.0,,,,,,,,,,,,,,,,,,,,,,,,,,,,,,,,
1eRASS J075752.1+371330,119.46741583852057,37.22512861750372,vanished_full,251,,,,,,,,,,,,,,,,,,,,,,,,,,2.272315,J075752.15+371328.2,16.417,16.406,3.0,,,,,,,,,,,,,,,,,,,,,,,,,,,,,,,,
1eRASS J052209.4-541115,80.53926493191608,-54.1876757762296,vanished_full,252,,,,,,,,,,,,,,,,,,,,,,,,,,2.814865,J052209.70-541116.9,15.088,14.131,1.0,2.879044,4.770300466339287e+18,19.849836,20.176733,39.0,1.0,2.879044,4.770300466339287e+18,AGN,0.7970107,1.0,,,,,,,,,,,,,,,,,,,,,
1eRASS J044301.5-534001,70.75635642361408,-53.6669716058227,vanished_full,253,,,,,,,,,,,,,,,,,,,,,,,,,,,,,,,,,,,,,,,,,,,,,,,,,,,,,,,,,,,,,,
1eRASS J063922.2-701247,99.8428014568242,-70.21321230276702,vanished_full,254,26.942769,2RXS J063917.1-701254,14.57,-1.0,1.0,,,,,,,,,,,,,,,,,,,,,9.599169,J063920.39-701246.0,16.928,16.641,1.0,,,,,,,,,,,,,,,,,,,,,,,,,,,,,,,,
1eRASS J053615.2-574721,84.06348865078903,-57.78940326239431,vanished_full,255,,,,,,,,,,,,,,,,,,,,,,,,,,3.957473,J053615.72-574722.7,15.459,14.866,2.0,,,,,,,,,,,,,,,,,,,,,,,,,,,,,,,,
1eRASS J070413.7-112455,106.05743506563412,-11.415464609309725,vanished_full,256,,,,,,,,,,,,4.329768,2CXO J070413.4-112456,6.2e-06,2.92e-06,False,False,1.0,,,,,,,,3.873375,J070413.52-112455.5,9.829,9.561,1.0,,,,,,,,,,,,5XMM J070413.6-112454,2.7131787418924334,1.21956e-14,8.60901e-15,2.615716e-15,6.0,1.0,,,,,,,,,,,,,,
1eRASS J004611.1-605644,11.54627876978078,-60.945688742134216,vanished_full,257,,,,,,,,,,,,,,,,,,,,,,,,,,2.693575,J004611.13-605647.1,14.654,13.996,2.0,,,,,,,,,,,,,,,,,,,,,,,,,,,,,,,,
1eRASS J053157.3-580733,82.98908956478063,-58.12583743567608,vanished_full,258,,,,,,,,,,,,,,,,,,,,,,,,,,3.322905,J053157.48-580729.7,15.267,14.482,1.0,,,,,,,,,,,,,,,,,,,,,,,,,,,,,,,,
1eRASS J015134.3-285942,27.89305217867369,-28.99516562945641,vanished_full,259,,,,,,,,,,,,,,,,,,,,,,,,,,2.685748,J015134.12-285942.0,17.076,16.92,7.0,,,,,,,,,,,,,,,,,,,,,,,,,,,,,,,,
1eRASS J045559.2-551611,73.99692688882935,-55.269994792523065,vanished_full,260,,,,,,,,,,,,,,,,,,,,,,,,,,1.985504,J045559.46-551611.0,17.186,16.645,1.0,,,,,,,,,,,,,,,,,,,,,,,,,,,,,,,,
1eRASS J050506.3-322047,76.27645333808822,-32.3466269578606,vanished_full,261,,,,,,,,,,,,,,,,,,,,,,,,,,5.650977,J050505.91-322046.8,17.513,17.2,2.0,,,,,,,,,,,,,,,,,,,,,,,,,,,,,,,,
1eRASS J101351.9+194539,153.46644727670437,19.760837880806623,vanished_full,262,,,,,,,,,,,,,,,,,,,,,,,,,,,,,,,,,,,,,,,,,,,,,,,,,,,,,,,,,,,,,,
1eRASS J073821.2-685802,114.5886201564272,-68.96746301131692,vanished_full,263,,,,,,,,,,,,,,,,,,,,,,,,,,1.59946,J073821.46-685801.6,15.478,14.969,1.0,,,,,,,,,,,,,,,,,,,,,,,,,,,,,,,,
1eRASS J065250.1+082219,103.20892772614629,8.372077415902908,vanished_full,264,34.142021,2RXS J065250.2+082253,24.22,-0.342,1.0,,,,,,,,,,,,,,,,,,,,,4.512349,J065249.93+082222.8,9.337,9.29,1.0,,,,,,,,,,,,,,,,,,,,,,,,,,,,,,,,
1eRASS J051057.6-652935,77.74022229084443,-65.49325708916805,vanished_full,265,,,,,,,,,,,,,,,,,,,,,,,,,,2.710229,J051057.62-652933.0,17.556,16.437,2.0,,,,,,,,,,,,,,,,,,,,,,,,,,,,,,,,
1eRASS J035213.6-324613,58.05690569764587,-32.77049351469136,vanished_full,266,,,,,,,,,,,,,,,,,,,,,,,,,,2.760558,J035213.67-324616.4,15.426,14.715,1.0,2.727314,4.862424598556553e+18,19.72131,20.262392,50.0,1.0,2.727314,4.862424598556553e+18,AGN,0.6197888,1.0,,,,,,,,,,,,,,,,,,,,,
1eRASS J150149.9-403747,225.45797928349663,-40.62975861845308,vanished_full,267,,,,,,,,,,,,,,,,,,,,,,,,,,,,,,,,,,,,,,,,,,,,,,,,,,,,,,,,,,,,,,
1eRASS J074548.1-383407,116.45045451942433,-38.5687448770293,vanished_full,268,,,,,,,,,,,,,,,,,,,,,,,,,,1.679685,J074548.03-383406.1,10.282,10.365,1.0,1.683273,5.538646888413515e+18,12.200277,12.302975,51.0,1.0,1.683273,5.538646888413515e+18,RS,0.12502323,1.0,,,,,,,,,,,,,,,,,,,,,
1eRASS J095556.4-095744,148.98536223934948,-9.962332042609184,vanished_full,269,,,,,,,,,,,,,,,,,,,,,,,,,,9.011357,J095556.49-095753.3,15.454,15.261,1.0,,,,,,,,,,,,,,,,,,,,,,,,,,,,,,,,
1eRASS J130209.8-143659,195.54096143609493,-14.616567138655917,vanished_full,270,,,,,,,,,,,,,,,,,,,,,,,,,,8.388142,J130209.92-143707.8,15.793,14.885,1.0,8.544317,3.524765138819368e+18,19.712734,20.347244,24.0,1.0,8.544317,3.524765138819368e+18,AGN,0.2277309,1.0,,,,,,,,,,,,,,,,,,,,,
1eRASS J090022.7+215010,135.0947625673474,21.83629659439152,vanished_full,271,,,,,,,,,,,,,,,,,,,,,,,,,,,,,,,,,,,,,,,,,,,,,,,,,,,,,,,,,,,,,,
1eRASS J094458.2-134712,146.24272907146064,-13.786669991360563,vanished_full,272,35.5803,2RXS J094458.5-134747,37.69,0.529,1.0,,,,,,,,,,,,,,,,,,,,,8.580482,J094457.89-134718.7,15.295,15.449,1.0,,,,,,,,,,,,,,,,,,,,,,,,,,,,,,,,
1eRASS J040908.4-390319,62.28523844612973,-39.05536805603261,vanished_full,273,,,,,,,,,,,,,,,,,,,,,,,,,,1.252615,J040908.38-390318.3,15.174,14.242,2.0,1.32064,4.844489154429908e+18,18.044134,18.461895,52.0,1.0,1.32064,4.844489154429908e+18,AGN,0.9291117,1.0,5XMM J040908.4-390318,0.8277272589120789,7.55289e-14,1.38928e-14,3.82978e-14,2.0,1.0,,,,,,,,,,,,,,
1eRASS J082320.2+155746,125.83431112271631,15.962891834585436,vanished_full,274,,,,,,,,,,,,,,,,,,,,,,,,,,7.391122,J082319.75+155743.8,13.821,13.622,1.0,,,,,,,,,,,,5XMM J082319.2+155748,14.920575909462288,5.70981e-13,2.28511e-14,2.49816e-13,1.0,1.0,,,,,,,,,,,,,,
1eRASS J055137.6-560320,87.90703197731052,-56.0556560694175,vanished_full,275,,,,,,,,,,,,,,,,,,,,,,,,,,0.998267,J055137.61-560319.5,16.447,15.757,2.0,,,,,,,,,,,,,,,,,,,,,,,,,,,,,,,,
1eRASS J140703.2-510202,211.76340985980323,-51.0340519249508,vanished_full,276,,,,,,,,,,,,,,,,,,,,,,,,,,9.791653,J140702.18-510203.2,16.358,17.199,1.0,,,,,,,,,,,,,,,,,,,,,,,,,,,,,,,,
1eRASS J113059.6-441905,172.7484962686637,-44.31812006231056,vanished_full,277,,,,,,,,,,,,,,,,,,,,,,,,,,4.03885,J113059.83-441908.7,10.022,9.834,1.0,,,,,,,,,,,,5XMM J113059.6-441907,2.5353943282222486,1.32007e-13,1.46505e-14,7.91483e-14,1.0,1.0,,,,,,,,,,,,,,
1eRASS J171152.6-500622,257.9692556025896,-50.10612932932864,vanished_full,278,,,,,,,,,,,,,,,,,,,,,,,,,,2.84479,J171152.90-500622.6,11.969,12.075,3.0,2.845286,5.926469485953102e+18,14.274657,14.446215,54.0,1.0,2.845286,5.926469485953102e+18,RS,0.51763046,1.0,,,,,,,,,,,,,,,,,,,,,
1eRASS J061834.2-644711,94.64250858225348,-64.78659914145865,vanished_full,279,,,,,,,,,,,,,,,,,,,,,,,,,,4.940886,J061834.47-644707.1,17.575,16.507,1.0,,,,,,,,,,,,,,,,,,,,,,,,,,,,,,,,
1eRASS J082100.7-420120,125.25320143198456,-42.02230406072773,vanished_full,280,,,,,,,,,,,,,,,,,,,,,,,,,,8.020768,J082101.32-420125.3,15.95,16.121,1.0,,,,,,,,,,,,,,,,,,,,,,,,,,,,,,,,
1eRASS J090022.1+094122,135.09242286463154,9.68969752739356,vanished_full,281,,,,,,,,,,,,,,,,,,,,,,,,,,,,,,,,,,,,,,,,,,,,,,,,,,,,,,,,,,,,,,
1eRASS J083358.4-174526,128.49343709643088,-17.757327591344502,vanished_full,282,,,,,,,,,,,,,,,,,,,,,,,,,,4.640723,J083358.75-174526.6,16.064,15.68,1.0,,,,,,,,,,,,,,,,,,,,,,,,,,,,,,,,
1eRASS J061348.1-673745,93.45052164805918,-67.62936713076384,vanished_full,283,,,,,,,,,,,,,,,,,,,,,,,,,,3.86567,J061347.43-673745.4,16.178,15.897,2.0,,,,,,,,,,,,,,,,,,,,,,,,,,,,,,,,
1eRASS J035053.9+061651,57.72488357978435,6.281082820749983,vanished_full,284,,,,,,,,,,,,,,,,,,,,,,,,,,6.311735,J035053.71+061657.0,16.766,16.802,1.0,,,,,,,,,,,,,,,,,,,,,,,,,,,,,,,,
1eRASS J064954.3-705132,102.4763974384146,-70.85899256512197,vanished_full,285,,,,,,,,,,,,,,,,,,,,,,,,,,4.831818,J064955.16-705134.9,17.985,18.03,2.0,,,,,,,,,,,,,,,,,,,,,,,,,,,,,,,,
1eRASS J102243.2+321848,155.68024563822468,32.313581257754656,vanished_full,286,,,,,,15.82554,XMMSL3 J102244.4+321844,0.73236,2.2113,0.51,1.0,,,,,,,,,,,,,,,1.801999,J102243.13+321849.6,16.734,16.447,5.0,,,,,,,,,,,,,,,,,,,,,,,,,,,,,,,,
1eRASS J124517.7+270733,191.3237806799476,27.125924661800447,vanished_full,287,,,,,,17.167921,XMMSL3 J124518.7+270741,1.084215,,0.755024,1.0,6.200631,2CXO J124517.2+270732,3.38e-05,1.1e-05,True,True,4.0,,,,,,,,9.353267,J124517.02+270731.4,11.053,10.923,1.0,,,,,,,,,,,,,,,,,,,,,,,,,,,,,,,,
1eRASS J064335.9-683221,100.89982559412428,-68.53933193364635,vanished_full,288,,,,,,,,,,,,,,,,,,,,,,,,,,4.833153,J064335.85-683226.4,16.687,15.811,3.0,,,,,,,,,,,,,,,,,,,,,,,,,,,,,,,,
1eRASS J080829.7-651945,122.12411082983252,-65.32925455026802,vanished_full,289,,,,,,,,,,,,,,,,,,,,,,,,,,3.019214,J080830.26-651945.1,15.936,15.344,3.0,,,,,,,,,,,,,,,,,,,,,,,,,,,,,,,,
1eRASS J052414.6+033013,81.06110118309431,3.5037685977646897,vanished_full,290,,,,,,,,,,,,,,,,,,,,,,,,,,,,,,,,,,,,,,,,,,,,,,,,,,,,,,,,,,,,,,
1eRASS J041454.2-533419,63.72599126671308,-53.57207197171957,vanished_full,291,,,,,,,,,,,,,,,,,,,,,,,,,,6.351533,J041454.09-533425.7,15.719,15.061,3.0,,,,,,,,,,,,,,,,,,,,,,,,,,,,,,,,
1eRASS J055257.5-670514,88.23995806842284,-67.08723392354219,vanished_full,292,,,,,,,,,,,,,,,,,,,,,,,,,,5.893256,J055257.61-670520.0,16.74,16.226,2.0,,,,,,,,,,,,,,,,,,,,,,,,,,,,,,,,
1eRASS J064444.5-570116,101.1858010430576,-57.0212305846615,vanished_full,293,,,,,,,,,,,,,,,,,,,,,,,,,,5.896865,J064444.38-570110.7,12.209,12.277,2.0,,,,,,,,,,,,,,,,,,,,,,,,,,,,,,,,
1eRASS J072558.5-303653,111.49387178173984,-30.61480461325498,vanished_full,294,,,,,,,,,,,,,,,,,,,,,,,,,,6.78806,J072558.65-303659.8,12.296,12.121,2.0,6.877198,5.605354916008643e+18,15.878542,15.943672,49.0,1.0,6.877198,5.605354916008643e+18,SOLAR_LIKE,0.09803229,1.0,,,,,,,,,,,,,,,,,,,,,
1eRASS J050906.4-194337,77.27699168829169,-19.7270127093354,vanished_full,295,,,,,,,,,,,,,,,,,,,,,,,,,,3.743488,J050906.20-194336.9,9.016,9.03,1.0,,,,,,,,,,,,,,,,,,,,,,,,,,,,,,,,
1eRASS J053518.0+135422,83.82503018026871,13.90637224242941,vanished_full,296,23.753281,2RXS J053516.4+135415,22.6,0.016,1.0,,,,,,,,,,,,,,,,,,,,,7.9713,J053517.62+135417.3,9.051,8.962,1.0,,,,,,,,,,,,,,,,,,,,,,,,,,,,,,,,
1eRASS J055756.4-655853,89.4851597324506,-65.98158363999448,vanished_full,297,,,,,,,,,,,,,,,,,,,,,,,,,,0.909773,J055756.39-655854.6,17.446,17.499,4.0,,,,,,,,,,,,,,,,,,,,,,,,,,,,,,,,
1eRASS J142824.4-021621,217.10184513400523,-2.272699999969292,vanished_full,298,,,,,,,,,,,,,,,,,,,,,,,,,,1.608937,J142824.34-021622.1,15.782,15.053,1.0,,,,,,,,,,,,,,,,,,,,,,,,,,,,,,,,
1eRASS J022058.2-521758,35.242903055479104,-52.29957317487663,vanished_full,299,,,,,,,,,,,,,,,,,,,,,,,,,,8.251783,J022058.16-521750.3,15.028,14.056,1.0,8.374245,4.744253624288865e+18,19.1374,19.438612,59.0,1.0,8.374245,4.744253624288865e+18,AGN,0.99190056,1.0,,,,,,,,,,,,,,,,,,,,,
1eRASS J043048.9-573718,67.70391532862946,-57.62176285699675,vanished_full,300,12.524995,2RXS J043048.1-573729,19.63,0.372,1.0,,,,,,,,,,,,,,,,,,,,,5.069929,J043048.54-573722.3,15.055,14.913,6.0,,,,,,,,,,,,,,,,,,,,,,,,,,,,,,,,
1eRASS J233623.2-762049,354.0968165966302,-76.34701796516546,vanished_full,301,,,,,,,,,,,,,,,,,,,,,,,,,,0.595261,J233623.23-762048.6,16.77,15.738,2.0,,,,,,,,,,,,,,,,,,,,,,,,,,,,,,,,
1eRASS J054201.1-665720,85.50465819802645,-66.95569132733281,vanished_full,302,,,,,,,,,,,,5.950095,2CXO J054200.3-665716,2.93e-06,2.27e-07,False,False,1.0,,,,,,,,2.853685,J054201.50-665722.1,16.426,16.849,3.0,,,,,,,,,,,,5XMM J054200.5-665716,5.460779085581366,2.57433e-14,7.52776e-15,4.95791e-15,336.0,1.0,,,,,,,,,,,,,,
1eRASS J120426.3-812317,181.10991080117947,-81.38821454437809,vanished_full,303,,,,,,,,,,,,,,,,,,,,,,,,,,1.987549,J120426.28-812315.5,15.055,14.471,3.0,,,,,,,,,,,,,,,,,,,,,,,,,,,,,,,,
1eRASS J022807.6-624750,37.03190011316237,-62.79724503626548,vanished_full,304,,,,,,,,,,,,,,,,,,,,,,,,,,5.711619,J022808.20-624754.3,14.411,13.453,2.0,5.701245,4.700569576344722e+18,18.964138,19.364004,51.0,1.0,5.701245,4.700569576344722e+18,AGN,0.30816442,1.0,,,,,,,,,,,,,,,,,,,,,
1eRASS J060921.7-675015,92.34058250109366,-67.83767105899912,vanished_full,305,15.663799,2RXS J060923.0-675001,39.82,-1.0,1.0,,,,,,,,,,,,,,,,,,,,,4.226196,J060922.46-675014.8,15.83,15.336,2.0,,,,,,,,,,,,,,,,,,,,,,,,,,,,,,,,
1eRASS J055224.0-624209,88.10013077964643,-62.70273779942316,vanished_full,306,,,,,,,,,,,,,,,,,,,,,,,,,,5.156697,J055223.73-624205.0,12.767,12.601,1.0,,,,,,,,,,,,,,,,,,,,,,,,,,,,,,,,
1eRASS J053219.9-054824,83.08301680355858,-5.806904137144826,vanished_full,307,,,,,,,,,,,,,,,,,,,,,,,,,,2.696222,J053219.82-054827.0,11.185,11.039,1.0,,,,,,,,,,,,,,,,,,,,,,,,,,,,,,,,
1eRASS J140943.6-304835,212.4316869665372,-30.809839387815565,vanished_full,308,,,,,,,,,,,,,,,,,,,,,,,,,,9.713143,J140943.96-304826.8,17.706,18.226,1.0,,,,,,,,,,,,,,,,,,,,,,,,,,,,,,,,
1eRASS J215833.0-511756,329.63760307801465,-51.2991483452152,vanished_full,309,,,,,,,,,,,,,,,,,,,,,,,,,,5.816839,J215833.22-511802.3,14.626,14.096,1.0,5.893694,6.558167052401753e+18,19.187553,19.586357,58.0,1.0,5.893694,6.558167052401753e+18,AGN,0.26413706,1.0,,,,,,,,,,,,,,,,,,,,,
1eRASS J031214.1-012332,48.0591043287928,-1.3923590179020748,vanished_full,310,,,,,,,,,,,,,,,,,,,,,,,,,,2.452932,J031214.07-012330.5,14.275,13.484,2.0,2.505554,3.2653255132961464e+18,19.019121,19.517151,18.0,1.0,2.505554,3.2653255132961464e+18,AGN,0.29588348,1.0,,,,,,,,,,,,,,,,,,,,,
1eRASS J084356.4-711203,130.98524498539066,-71.20100048423095,vanished_full,311,,,,,,,,,,,,,,,,,,,,,,,,,,7.745097,J084355.05-711207.4,15.86,15.857,1.0,,,,,,,,,,,,,,,,,,,,,,,,,,,,,,,,
1eRASS J064950.8-774038,102.46196171806416,-77.67738780987546,vanished_full,312,,,,,,,,,,,,,,,,,,,,,,,,,,6.670453,J064951.86-774032.7,14.942,14.365,1.0,,,,,,,,,,,,,,,,,,,,,,,,,,,,,,,,
1eRASS J171746.2-731605,259.44274681702973,-73.26808379634451,vanished_full,313,31.736134,2RXS J171739.1-731557,8.93,1.0,1.0,,,,,,,,,,,,,,,,,,,,,2.386379,J171745.78-731606.3,14.049,13.768,7.0,,,,,,,,,,,,,,,,,,,,,,,,,,,,,,,,
1eRASS J043838.0-455717,69.65870651452568,-45.95485759628184,vanished_full,314,,,,,,,,,,,,1.624029,2CXO J043837.9-455716,1.14e-05,1.73e-06,False,False,1.0,,,,,,,,1.761096,J043837.91-455717.5,16.188,15.694,2.0,,,,,,,,,,,,,,,,,,,,,,,,,,,,,,,,
1eRASS J010307.9-555821,15.783320760480631,-55.97253975518188,vanished_full,315,39.390449,2RXS J010312.6-555825,13.04,0.227,1.0,,,,,,,,,,,,,,,,,,,,,4.07807,J010308.24-555817.6,16.399,16.206,2.0,,,,,,,,,,,,,,,,,,,,,,,,,,,,,,,,
1eRASS J035317.7-390605,58.323789372637584,-39.101615374226654,vanished_full,316,,,,,,,,,,,,,,,,,,,,,,,,,,4.768371,J035317.58-390601.2,16.414,15.568,2.0,,,,,,,,,,,,,,,,,,,,,,,,,,,,,,,,
1eRASS J032813.8-730115,52.05756868436547,-73.02098545563722,vanished_full,317,,,,,,,,,,,,,,,,,,,,,,,,,,4.82598,J032813.26-730111.3,11.703,11.763,1.0,4.818345,4.641480588813261e+18,13.776814,13.889022,42.0,1.0,4.818345,4.641480588813261e+18,RS,0.43626517,1.0,,,,,,,,,,,,,,,,,,,,,
1eRASS J093649.0-642056,144.2045428430318,-64.34908746336166,vanished_full,318,,,,,,,,,,,,,,,,,,,,,,,,,,5.61698,J093649.75-642053.1,15.036,13.924,1.0,,,,,,,,,,,,,,,,,,,,,,,,,,,,,,,,
1eRASS J052902.2-652828,82.25922685293237,-65.47453756247441,vanished_full,319,,,,,,,,,,,,,,,,,,,,,,,,,,8.008375,J052901.54-652835.2,16.938,18.244,1.0,,,,,,,,,,,,,,,,,,,,,,,,,,,,,,,,
1eRASS J061803.5-681611,94.51467124782224,-68.26988122023396,vanished_full,320,,,,,,,,,,,,,,,,,,,,,,,,,,0.948742,J061803.38-681610.9,18.047,16.688,2.0,,,,,,,,,,,,,,,,,,,,,,,,,,,,,,,,
1eRASS J061316.4-684004,93.31850041137596,-68.66790821942872,vanished_full,321,,,,,,,,,,,,,,,,,,,,,,,,,,3.648171,J061316.74-684007.7,18.591,17.397,2.0,,,,,,,,,,,,,,,,,,,,,,,,,,,,,,,,
1eRASS J044343.1-652640,70.92960308229148,-65.44450624419487,vanished_full,322,,,,,,,,,,,,,,,,,,,,,,,,,,5.83427,J044343.98-652642.1,16.861,15.904,1.0,,,,,,,,,,,,,,,,,,,,,,,,,,,,,,,,
1eRASS J142652.1-224617,216.71727895721548,-22.771581838269835,vanished_full,323,,,,,,,,,,,,,,,,,,,,,,,,,,0.948123,J142652.12-224618.5,16.721,17.266,5.0,,,,,,,,,,,,,,,,,,,,,,,,,,,,,,,,
1eRASS J093102.8-812637,142.7619458011349,-81.44375760400517,vanished_full,324,,,,,,,,,,,,,,,,,,,,,,,,,,3.977699,J093104.59-812636.4,15.449,14.88,1.0,,,,,,,,,,,,,,,,,,,,,,,,,,,,,,,,
1eRASS J032615.8-075432,51.56608618333729,-7.908946240874342,vanished_full,325,,,,,,16.797939,XMMSL3 J032616.8-075424,0.584458,2.113639,0.407004,1.0,,,,,,,,,,,,,,,0.670681,J032615.84-075432.7,16.2,16.115,3.0,,,,,,,,,,,,,,,,,,,,,,,,,,,,,,,,
1eRASS J121225.2+272245,183.10523394190403,27.37926998363846,vanished_full,326,,,,,,,,,,,,,,,,,,,,,,,,,,5.760215,J121224.88+272248.2,7.237,7.059,1.0,,,,,,,,,,,,5XMM J121225.0+272249,5.357040328882005,7.46511e-14,7.71252e-15,5.387827e-14,1.0,1.0,,,,,,,,,,,,,,
1eRASS J051829.5-665023,79.62315787552068,-66.83986273101065,vanished_full,327,,,,,,,,,,,,,,,,,,,,,,,,,,4.438518,J051830.29-665022.7,11.973,12.056,1.0,,,,,,,,,,,,,,,,,,,,,,,,,,,,,,,,
1eRASS J054444.1+034954,86.18401153072877,3.831894947773936,vanished_full,328,,,,,,,,,,,,,,,,,,,,,,,,,,,,,,,,,,,,,,,,,,,,,,,,,,,,,,,,,,,,,,
1eRASS J061641.2-720512,94.1716694094497,-72.08670805065812,vanished_full,329,,,,,,,,,,,,,,,,,,,,,,,,,,2.612539,J061641.21-720509.6,17.427,16.362,3.0,,,,,,,,,,,,,,,,,,,,,,,,,,,,,,,,
1eRASS J093343.6-271336,143.43201008211005,-27.22678170266408,vanished_full,330,,,,,,,,,,,,,,,,,,,2.149098,201405.0,0.0326,8.861e-13,0.0,,1.0,3.090615,J093343.73-271339.4,15.154,14.907,5.0,,,,,,,,,,,,,,,,,,,,,,,,,,,,,,,,
1eRASS J053557.6-061538,83.99027362104218,-6.260632351999504,vanished_full,331,,,,,,,,,,,,,,,,,,,5.51376,169747.0,0.00204,5.448e-14,1.0,0.518,1.0,5.286172,J053557.31-061537.7,11.025,10.572,1.0,,,,,,,,,,,,5XMM J053557.2-061538,6.065393512337092,7.40213e-14,4.80038e-15,5.09789e-14,22.0,1.0,,,,,,,,,,,,,,
1eRASS J105024.7-031748,162.60326910791346,-3.296789688795678,vanished_full,332,,,,,,,,,,,,,,,,,,,,,,,,,,7.478068,J105024.86-031755.8,18.187,18.274,2.0,8.226791,3.801436078645921e+18,17.851208,18.068087,22.0,1.0,8.226791,3.801436078645921e+18,AGN,0.92903197,1.0,,,,,,,,,,,,,,,,,,,,,
1eRASS J141248.4-352217,213.20185456514625,-35.371425519036606,vanished_full,333,,,,,,,,,,,,,,,,,,,,,,,,,,4.565341,J141248.31-352212.8,8.111,8.121,1.0,,,,,,,,,,,,,,,,,,,,,,,,,,,,,,,,
1eRASS J162522.5-635316,246.3438501262698,-63.887997173972536,vanished_full,334,,,,,,,,,,,,,,,,,,,,,,,,,,1.487665,J162522.52-635318.2,9.651,9.666,1.0,,,,,,,,,,,,,,,,,,,,,,,,,,,,,,,,
1eRASS J023220.4-395724,38.0850330966222,-39.95678369128317,vanished_full,335,,,,,,,,,,,,,,,,,,,,,,,,,,5.360065,J023220.38-395719.0,15.691,15.038,1.0,,,,,,,,,,,,,,,,,,,,,,,,,,,,,,,,
1eRASS J220916.9-514928,332.32076077630177,-51.82450572969503,vanished_full,336,,,,,,,,,,,,,,,,,,,,,,,,,,,,,,,,,,,,,,,,,,,,,,,,,,,,,,,,,,,,,,
1eRASS J123444.3+230118,188.6846248396637,23.021787605814907,vanished_full,337,,,,,,,,,,,,,,,,,,,,,,,,,,4.719392,J123444.65+230119.0,16.835,17.188,1.0,,,,,,,,,,,,,,,,,,,,,,,,,,,,,,,,
1eRASS J081045.3-485147,122.6890542511524,-48.86314148606703,vanished_full,338,,,,,,,,,,,,,,,,,,,,,,,,,,,,,,,,,,,,,,,,,,,,,,,,,,,,,,,,,,,,,,
1eRASS J020953.9-405253,32.47468853164399,-40.88148899440805,vanished_full,339,,,,,,,,,,,,,,,,,,,,,,,,,,9.51786,J020954.28-405244.7,16.606,16.013,1.0,,,,,,,,,,,,,,,,,,,,,,,,,,,,,,,,
1eRASS J024021.1-494428,40.0883279870151,-49.74137139693612,vanished_full,340,,,,,,,,,,,,,,,,,,,,,,,,,,1.15232,J024021.30-494429.3,15.875,15.777,5.0,,,,,,,,,,,,,,,,,,,,,,,,,,,,,,,,
1eRASS J042315.2-550656,65.81351166601068,-55.1156678195864,vanished_full,341,15.593434,2RXS J042315.4-550711,14.91,0.058,1.0,,,,,,,,,,,,,,,,,,,,,2.795725,J042315.54-550655.4,18.286,18.148,5.0,,,,,,,,,,,,,,,,,,,,,,,,,,,,,,,,
1eRASS J052221.8-535405,80.59092606946278,-53.90143927480996,vanished_full,342,,,,,,,,,,,,,,,,,,,,,,,,,,3.459425,J052222.19-535406.0,14.573,14.596,2.0,,,,,,,,,,,,,,,,,,,,,,,,,,,,,,,,
1eRASS J061205.2-703425,93.02186236800677,-70.57381774190037,vanished_full,343,,,,,,18.200165,XMMSL3 J061208.5-703417,,1.76904,,1.0,,,,,,,,,,,,,,,4.319998,J061205.68-703429.5,17.28,17.677,3.0,,,,,,,,,,,,,,,,,,,,,,,,,,,,,,,,
1eRASS J010720.2-512707,16.83428061722012,-51.4521572501238,vanished_full,344,,,,,,,,,,,,,,,,,,,,,,,,,,2.214721,J010720.28-512705.6,14.767,13.944,1.0,2.194503,4.928243284444315e+18,19.400696,20.050732,54.0,1.0,2.194503,4.928243284444315e+18,AGN,0.45723256,1.0,,,,,,,,,,,,,,,,,,,,,
1eRASS J075136.5-460118,117.90224539249805,-46.021786532073925,vanished_full,345,27.300489,2RXS J075134.5-460100,9.64,,1.0,,,,,,,,,,,,,,,,,,,,,6.00132,J075136.06-460121.9,9.934,9.978,2.0,,,,,,,,,,,,,,,,,,,,,,,,,,,,,,,,
1eRASS J052209.3-415851,80.5390155297546,-41.9810023831585,vanished_full,346,,,,,,,,,,,,,,,,,,,,,,,,,,8.150753,J052208.64-415850.1,15.62,14.282,1.0,8.118993,4.806683958937824e+18,18.724127,19.014086,41.0,1.0,8.118993,4.806683958937824e+18,AGN,0.76745313,1.0,,,,,,,,,,,,,,,,,,,,,
1eRASS J081657.3-815419,124.23881874192575,-81.90547536482285,vanished_full,347,,,,,,,,,,,,,,,,,,,,,,,,,,8.700507,J081701.22-815416.8,17.845,17.39,2.0,,,,,,,,,,,,,,,,,,,,,,,,,,,,,,,,
1eRASS J091013.5-273431,137.55640929475155,-27.57531000190642,vanished_full,348,,,,,,,,,,,,,,,,,,,,,,,,,,4.361162,J091013.85-273429.7,14.928,14.162,2.0,4.305634,5.636243594941708e+18,19.92387,20.877386,27.0,1.0,4.305634,5.636243594941708e+18,AGN,0.57611966,1.0,,,,,,,,,,,,,,,,,,,,,
1eRASS J075026.7-673306,117.61139356035842,-67.55183671986786,vanished_full,349,38.152326,2RXS J075025.1-673343,11.87,,1.0,,,,,,,,,,,,,,,,,,,,,2.172368,J075027.11-673306.6,15.812,15.545,2.0,,,,,,,,,,,,5XMM J075027.0-673306,2.017870822985105,2.00376e-14,8.64659e-15,8.07448e-15,36.0,1.0,,,,,,,,,,,,,,
1eRASS J030103.0-235940,45.26291295917025,-23.99445733033694,vanished_full,350,,,,,,,,,,,,,,,,,,,,,,,,,,5.550411,J030103.34-235944.4,17.939,18.26,3.0,,,,,,,,,,,,,,,,,,,,,,,,,,,,,,,,
1eRASS J053540.9-050902,83.92044346676153,-5.150760576237494,vanished_full,351,,,,,,,,,,,,,,,,,,,,,,,,,,2.311798,J053540.77-050901.4,8.824,8.829,1.0,2.283266,3.2095279438896886e+18,13.504565,13.626931,50.0,1.0,2.283266,3.2095279438896886e+18,YSO,0.55297667,1.0,,,,,,,,,,,,,,,,,,,,,
1eRASS J033300.7-473846,53.252944905950855,-47.64621448130078,vanished_full,352,38.945277,2RXS J033304.5-473849,18.89,-0.932,1.0,,,,,,,,,,,,,,,,,,,,,6.737674,J033300.04-473847.1,18.347,18.635,2.0,8.910242,4.833947140021989e+18,20.123671,20.806986,44.0,1.0,8.910242,4.833947140021989e+18,AGN,0.47520828,1.0,,,,,,,,,,,,,,,,,,,,,
1eRASS J023931.9-461917,39.88299131788459,-46.32152481737608,vanished_full,353,,,,,,,,,,,,,,,,,,,,,,,,,,4.25494,J023932.20-461914.5,13.568,12.379,2.0,4.253908,4.945161160623529e+18,17.353186,17.712971,64.0,1.0,4.253908,4.945161160623529e+18,AGN,0.036199033,1.0,,,,,,,,,,,,,,,,,,,,,
1eRASS J071852.6-245807,109.71922709616209,-24.96877968480865,vanished_full,354,,,,,,,,,,,,13.844002,2CXO J071853.1-245756,2.52e-06,1.47e-06,False,False,1.0,,,,,,,,3.316315,J071852.77-245810.1,16.721,17.016,3.0,,,,,,,,,,,,,,,,,,,,,,,,,,,,,,,,
1eRASS J060303.4-672710,90.7643965612976,-67.45295540706772,vanished_full,355,,,,,,,,,,,,,,,,,,,,,,,,,,4.433404,J060304.01-672707.6,16.565,16.246,3.0,,,,,,,,,,,,,,,,,,,,,,,,,,,,,,,,
1eRASS J055938.6-615349,89.91084827788883,-61.896978924209066,vanished_full,356,15.751045,2RXS J055940.8-615351,20.05,0.177,1.0,,,,,,,,,,,,,,,,,,,,,4.296818,J055939.14-615351.0,12.011,12.009,2.0,4.332515,4.758616269805453e+18,14.777791,14.99832,45.0,1.0,4.332515,4.758616269805453e+18,RS,0.5149112,1.0,,,,,,,,,,,,,,,,,,,,,
1eRASS J094058.8+294907,145.24516524009806,29.81877190405362,vanished_full,357,,,,,,,,,,,,,,,,,,,,,,,,,,1.706041,J094058.96+294906.8,15.155,14.858,4.0,,,,,,,,,,,,,,,,,,,,,,,,,,,,,,,,
1eRASS J140229.5-274630,210.62315762150192,-27.77510097176293,vanished_full,358,,,,,,,,,,,,,,,,,,,,,,,,,,3.923995,J140229.74-274633.4,17.483,17.703,2.0,,,,,,,,,,,,,,,,,,,,,,,,,,,,,,,,
1eRASS J124017.3-004626,190.0723881052928,-0.7741378136945577,vanished_full,359,,,,,,,,,,,,,,,,,,,,,,,,,,5.342121,J124017.71-004628.7,15.882,15.203,2.0,,,,,,,,,,,,,,,,,,,,,,,,,,,,,,,,
1eRASS J011231.0-361953,18.129218107840604,-36.3315456193771,vanished_full,360,,,,,,,,,,,,,,,,,,,,,,,,,,3.409864,J011230.84-361956.4,16.798,16.538,4.0,,,,,,,,,,,,,,,,,,,,,,,,,,,,,,,,
1eRASS J080838.7-751306,122.1612862553625,-75.21838120986234,vanished_full,361,,,,,,,,,,,,,,,,,,,,,,,,,,4.508506,J080839.85-751304.9,13.868,13.747,3.0,,,,,,,,,,,,,,,,,,,,,,,,,,,,,,,,
1eRASS J014002.4-274211,25.01028800240677,-27.7030706135494,vanished_full,362,,,,,,,,,,,,,,,,,,,,,,,,,,5.757116,J014002.11-274214.3,13.694,13.403,3.0,,,,,,,,,,,,,,,,,,,,,,,,,,,,,,,,
1eRASS J021343.3-484023,33.430723605063775,-48.67328611864982,vanished_full,363,,,,,,,,,,,,,,,,,,,,,,,,,,8.263523,J021343.75-484031.1,17.103,16.447,1.0,,,,,,,,,,,,,,,,,,,,,,,,,,,,,,,,
1eRASS J002320.0-722356,5.833458550675414,-72.39898196514676,vanished_full,364,,,,,,,,,,,,,,,,,,,,,,,,,,6.357324,J002318.80-722353.1,17.006,17.969,3.0,,,,,,,,,,,,,,,,,,,,,,,,,,,,,,,,
1eRASS J050650.6-031938,76.71116669167563,-3.3272928733436338,vanished_full,365,,,,,,,,,,,,,,,,,,,,,,,,,,4.547841,J050650.80-031934.0,11.992,11.427,2.0,,,,,,,,,,,,,,,,,,,,,,,,,,,,,,,,
1eRASS J093007.4-735037,142.53086430384883,-73.84377556251432,vanished_full,366,,,,,,,,,,,,,,,,,,,4.280503,200079.0,0.00788,3.55e-13,0.0,0.713,1.0,2.353898,J093007.24-735039.8,15.277,14.732,3.0,,,,,,,,,,,,,,,,,,,,,,,,,,,,,,,,
1eRASS J083503.3-615037,128.7638285427216,-61.84373677071472,vanished_full,367,,,,,,,,,,,,,,,,,,,,,,,,,,2.631287,J083503.39-615040.1,12.098,12.071,1.0,,,,,,,,,,,,,,,,,,,,,,,,,,,,,,,,
1eRASS J042306.8-530129,65.77843001508705,-53.02493494132178,vanished_full,368,,,,,,,,,,,,,,,,,,,,,,,,,,2.761217,J042306.54-530130.9,16.374,15.306,3.0,2.518449,4.780883849871913e+18,20.091719,20.503405,39.0,1.0,2.518449,4.780883849871913e+18,AGN,0.69313705,1.0,,,,,,,,,,,,,,,,,,,,,
1eRASS J032014.6-454904,50.06092651589776,-45.81802258465381,vanished_full,369,,,,,,,,,,,,,,,,,,,,,,,,,,5.0856,J032014.26-454901.4,13.993,13.636,1.0,,,,,,,,,,,,,,,,,,,,,,,,,,,,,,,,
1eRASS J043151.6-535355,67.96512542147106,-53.898623017566514,vanished_full,370,,,,,,,,,,,,,,,,,,,,,,,,,,2.878363,J043151.85-535353.0,16.703,16.625,6.0,,,,,,,,,,,,,,,,,,,,,,,,,,,,,,,,
1eRASS J172337.2-500318,260.9052361613381,-50.05520743953388,vanished_full,371,,,,,,,,,,,,,,,,,,,,,,,,,,2.919205,J172337.55-500318.5,13.437,12.922,3.0,,,,,,,,,,,,,,,,,,,,,,,,,,,,,,,,
1eRASS J090835.6-353932,137.14863211172596,-35.65914176103366,vanished_full,372,,,,,,,,,,,,,,,,,,,,,,,,,,,,,,,,,,,,,,,,,,,,,,,,,,,,,,,,,,,,,,
1eRASS J020156.2-303212,30.48421731719931,-30.53673640845032,vanished_full,373,,,,,,,,,,,,,,,,,,,,,,,,,,0.525918,J020156.20-303212.7,15.774,15.108,2.0,,,,,,,,,,,,,,,,,,,,,,,,,,,,,,,,
1eRASS J123616.1+154715,189.0672467630143,15.787614065771884,vanished_full,374,,,,,,,,,,,,,,,,,,,,,,,,,,9.154257,J123615.54+154712.8,16.422,15.806,1.0,,,,,,,,,,,,,,,,,,,,,,,,,,,,,,,,
1eRASS J064116.3-665547,100.31792552434592,-66.92997858280826,vanished_full,375,,,,,,,,,,,,,,,,,,,,,,,,,,0.879464,J064116.18-665547.4,17.275,18.558,3.0,,,,,,,,,,,,,,,,,,,,,,,,,,,,,,,,
1eRASS J215513.7-512144,328.80732819445785,-51.36249631144461,vanished_full,376,,,,,,,,,,,,,,,,,,,,,,,,,,6.688494,J215513.74-512138.2,17.905,18.232,2.0,,,,,,,,,,,,,,,,,,,,,,,,,,,,,,,,
1eRASS J053524.9-064753,83.85405366999035,-6.798103348858206,vanished_full,377,,,,,,5.071933,XMMSL3 J053525.2-064756,1.207069,2.888931,0.840577,1.0,4.14466,2CXO J053525.1-064756,3.05e-05,1.01e-05,False,True,1.0,,,,,,,,3.972243,J053525.11-064756.5,9.459,8.84,1.0,3.983855,3.016548431848966e+18,13.27564,14.330132,45.0,1.0,3.983855,3.016548431848966e+18,YSO,0.42940605,1.0,,,,,,,,,,,,,,,,,,,,,
1eRASS J112318.8+271315,170.8284454173964,27.22101184353233,vanished_full,378,,,,,,,,,,,,,,,,,,,,,,,,,,6.154545,J112318.37+271316.4,18.039,18.361,2.0,,,,,,,,,,,,,,,,,,,,,,,,,,,,,,,,
1eRASS J072848.9-690659,112.20407921616648,-69.11658974731155,vanished_full,379,,,,,,,,,,,,,,,,,,,,,,,,,,5.356823,J072849.03-690705.0,15.545,14.733,2.0,5.372328,5.267966989877608e+18,20.310167,20.777971,21.0,1.0,5.372328,5.267966989877608e+18,AGN,0.015765637,1.0,,,,,,,,,,,,,,,,,,,,,
1eRASS J052922.3-641954,82.34327047167231,-64.33182870776372,vanished_full,380,,,,,,,,,,,,,,,,,,,,,,,,,,5.441992,J052922.02-641949.6,16.413,16.051,2.0,,,,,,,,,,,,,,,,,,,,,,,,,,,,,,,,
