IAUNAME,DETUID,RA,DEC,DET_LIKE_0,ML_RATE_1,ML_EXP_1
3eRASS J172341.8-310306,sm03_262120_020_ML00003_001_c030,260.9245114573623,-31.051778751332545,12727.046,7.5121055,320.47974
3eRASS J170930.3-263920,sb03_258117_020_ML00001_001_c030,257.3763682992362,-26.65555849118433,7949.31,4.989224,350.358
3eRASS J234403.0-352639,sb03_355126_020_ML00001_001_c030,356.01277416305146,-35.44421798096663,5187.299,4.243733,231.67688
3eRASS J173758.6-374616,sm03_263129_020_ML00003_001_c030,264.494296456611,-37.77121433452904,5830.9946,3.781501,346.61838
3eRASS J192832.3-500134,sm03_293141_020_ML00002_001_c030,292.1348322130564,-50.026282542215526,4649.0283,3.7502074,262.63037
3eRASS J045649.7-203747,sm03_075111_020_ML00007_001_c030,74.20716087081234,-20.629847419221143,3825.0557,1.6437861,512.5606
3eRASS J155100.8-453347,sm03_238135_020_ML00002_001_c030,237.75364824786323,-45.56326785295143,2313.395,1.384875,444.91003
3eRASS J074910.4-054926,sm03_119096_020_ML00003_001_c030,117.29345999283314,-5.824103397274831,1255.7883,1.1929504,250.09424
3eRASS J115415.8-501801,sm03_178141_020_ML00005_001_c030,178.5658899777514,-50.300384336924886,2441.5723,1.0825548,567.8688
3eRASS J155747.9-542453,sm03_239144_020_ML00004_001_c030,239.44992714586039,-54.414756085931685,1316.6312,0.89813244,451.8815
3eRASS J090023.0+214951,sm03_135069_020_ML00005_001_c030,135.09601941843613,21.83100993527568,781.67194,0.89231473,229.30974
3eRASS J092909.3-024504,sm03_143093_020_ML00002_001_c030,142.2889693372582,-2.75113505368429,465.44778,0.8847133,212.75046
3eRASS J132435.1-194509,sm03_202111_020_ML00004_001_c030,201.14651448554773,-19.7525502624014,1263.6088,0.8676963,421.26132
3eRASS J083821.2+241036,sm03_128066_020_ML00005_001_c030,129.58850789113032,24.176896421921214,669.0518,0.846459,204.20152
3eRASS J155517.1-232216,sm03_238114_020_ML00013_001_c030,238.82134498852162,-23.371199848158057,917.7872,0.8402362,381.42517
3eRASS J205101.0-743003,sm03_312165_020_ML00004_001_c030,312.7545122549176,-74.50101300966952,1228.2601,0.8325169,400.5648
3eRASS J024510.8-434441,sm03_039135_020_ML00006_001_c030,41.295240375487516,-43.74489566384688,917.92474,0.7775874,566.3001
3eRASS J064957.1+281418,sm03_102063_020_ML00005_001_c030,102.48830498786603,28.23843443921123,377.08575,0.76943237,236.94565
3eRASS J072919.2+081501,sm03_113081_020_ML00005_001_c030,112.33029138646238,8.250321788063694,614.17444,0.7624628,230.98677
3eRASS J091529.5-690509,sm03_137159_020_ML00003_001_c030,138.87303358329106,-69.08584112546575,2684.7285,0.72284776,1319.4126
3eRASS J040515.2-745159,sm03_058165_020_ML00003_001_c030,61.31370321268538,-74.86657976007223,2693.6643,0.72084665,1046.0582
3eRASS J140703.0-360236,sm03_213126_020_ML00004_001_c030,211.76251543845615,-36.043336369295375,1040.1525,0.71806854,463.51907
3eRASS J064052.9+095257,sm03_101081_020_ML00009_001_c030,100.22074122166362,9.882655767874923,373.49197,0.6141301,248.60974
3eRASS J073449.2+281810,sm03_115063_020_ML00007_001_c030,113.70503726585233,28.3028946884437,489.32678,0.5984946,228.16406
3eRASS J165841.0-401101,sm03_256129_020_ML00009_001_c030,254.67097276362568,-40.18363947275791,714.0038,0.59428376,367.06476
3eRASS J115723.3-130556,sm03_178102_020_ML00006_001_c030,179.34734472643663,-13.09898337815863,643.7995,0.56934637,306.69092
3eRASS J175146.2-434638,sm03_267135_020_ML00010_001_c030,267.942871210644,-43.77738259604229,426.92767,0.54870844,308.49228
3eRASS J090322.8+394915,sm03_135051_020_ML00014_001_c030,135.84538525468486,39.820895458767176,405.2224,0.5194821,230.90773
3eRASS J100130.8-614020,sm03_148153_020_ML00017_001_c030,150.37873700237301,-61.6722951962918,1257.8158,0.5143315,762.10095
3eRASS J164649.2-692537,sm03_254159_020_ML00007_001_c030,251.70518731065988,-69.4271180703879,799.4731,0.5051542,499.93924
3eRASS J003221.3-421226,sm03_010132_020_ML00007_001_c030,8.089160445109815,-42.20749503769494,415.87244,0.5033257,256.55157
3eRASS J114538.6+322716,sb03_175057_020_ML00011_001_c030,176.4110029805624,32.45468214011434,434.20392,0.50214636,255.74026
3eRASS J155606.9-400036,sm03_241129_020_ML00030_001_c030,239.02887543093564,-40.010178421156276,635.5749,0.50074875,420.07895
3eRASS J081704.4-031943,sm03_125093_020_ML00013_001_c030,124.26868463694107,-3.3287458201937272,397.03375,0.48244482,222.66333
3eRASS J131312.0-431448,sm03_200132_020_ML00011_001_c030,198.30015081989959,-43.24668435638472,661.2968,0.47002536,509.54672
3eRASS J053412.3-045025,sm03_083096_020_ML00088_001_c030,83.55150105820165,-4.840471686428348,470.80276,0.46693844,366.02374
3eRASS J053101.4+231304,sb03_083066_020_ML00004_001_c030,82.75611106187188,23.217868356558494,191.24393,0.4640642,334.3363
3eRASS J105151.8+010308,sm03_164090_020_ML00007_001_c030,162.9661538577257,1.0522706787520153,310.62302,0.4637722,200.37599
3eRASS J061853.8+214548,sm03_094069_020_ML00076_001_c030,94.72434311167697,21.763333815566764,257.85474,0.4502349,238.56609
3eRASS J053541.9-051011,sm03_083096_020_ML00029_001_c030,83.92486183481991,-5.169858997316413,444.0398,0.44633585,373.41528
3eRASS J193958.4-654241,sm03_294156_020_ML00011_001_c030,294.99364631286994,-65.71149200398445,430.13284,0.44529694,337.7129
3eRASS J052008.2+032459,sm03_080087_020_ML00010_001_c030,80.03438690151184,3.4163889646960954,582.01154,0.44228396,364.78326
3eRASS J205143.3-631803,sm03_313153_020_ML00014_001_c030,312.93080816932587,-63.30096053332996,468.32864,0.43475735,332.0322
3eRASS J102237.1+210627,sm03_155069_020_ML00019_001_c030,155.65476210058674,21.10756612452162,301.75558,0.42728326,226.1372
3eRASS J134422.1-485656,sm03_206138_020_ML00024_001_c030,206.09240368162637,-48.94905696520003,641.98035,0.4271186,532.2442
3eRASS J173709.3-391951,sm03_263129_020_ML00016_001_c030,264.2890956789237,-39.33098265580197,394.0268,0.42589173,333.64304
3eRASS J142544.2-310722,sm03_218120_020_ML00013_001_c030,216.43425292212672,-31.122872792358756,462.91095,0.41852608,405.56277
3eRASS J060329.6-260805,sm03_092117_020_ML00025_001_c030,90.87340831513143,-26.134981080113633,495.89777,0.41623408,392.71378
3eRASS J041718.1-080251,sm03_065099_020_ML00014_001_c030,64.32570463708956,-8.047654465281026,496.4597,0.41073373,439.92532
3eRASS J210916.5-432059,sb03_318132_020_ML00016_001_c030,317.3187633682926,-43.34976736079134,266.53555,0.40851423,227.98541
3eRASS J055328.3-334239,sm03_090123_020_ML00004_001_c030,88.3681581093639,-33.710842769269796,502.32617,0.4080925,608.9255
3eRASS J094631.9+351949,sm03_147054_020_ML00009_001_c030,146.63301545879244,35.33042075743696,288.63516,0.4015403,236.38113
3eRASS J084719.8+380043,sm03_131051_020_ML00009_001_c030,131.8328708097058,38.0119605738856,286.3814,0.39924616,252.14052
3eRASS J212224.1-634231,sm03_319153_020_ML00013_001_c030,320.6007030628999,-63.70879675459812,384.6969,0.3938128,339.9621
3eRASS J002104.0-692047,sm03_004159_020_ML00017_001_c030,5.267015517398546,-69.34650580586039,506.64124,0.39337698,445.82733
3eRASS J205230.4-635818,sm03_313153_020_ML00019_001_c030,313.12702133382635,-63.971865152094324,348.02216,0.3892986,319.33905
3eRASS J125735.1+091614,sm03_195081_020_ML00016_001_c030,194.3965808514915,9.270561184177895,311.9027,0.38710412,341.5245
3eRASS J064213.6+033536,sm03_101087_020_ML00013_001_c030,100.55684885037651,3.593552621701965,330.5153,0.38386133,258.2915
3eRASS J075219.0+112401,sm03_117078_020_ML00012_001_c030,118.07924890192965,11.400489384702082,277.49866,0.3766843,242.2794
3eRASS J055501.7+051440,sm03_089084_020_ML00006_001_c030,88.75723948253602,5.244609740187444,459.32748,0.37600023,315.44757
3eRASS J235640.5-380317,sm03_358129_020_ML00012_001_c030,359.16916147923854,-38.05492794448647,310.47052,0.36659265,285.6772
3eRASS J083751.1+383010,sm03_131051_020_ML00013_001_c030,129.46300856060262,38.50297856607375,274.74002,0.36286527,240.11464
3eRASS J111108.9+311009,sm03_166060_020_ML00006_001_c030,167.78719995579834,31.16917466411126,252.8238,0.3603085,246.637
3eRASS J095308.2+145837,sm03_149075_020_ML00010_001_c030,148.28424618792008,14.976958184116873,256.27856,0.35429627,212.02583
3eRASS J054231.2+091849,sm03_086081_020_ML00020_001_c030,85.63001770291201,9.313846634748957,419.7611,0.35367918,328.19543
3eRASS J044533.5-031513,sm03_071093_020_ML00015_001_c030,71.38978153620347,-3.253625833630952,367.79358,0.35118985,417.41776
3eRASS J003116.7-492044,sm03_007138_020_ML00006_001_c030,7.819926037435367,-49.34571764536424,377.89743,0.35068795,322.71506
3eRASS J092943.1+351656,sm03_144054_020_ML00018_001_c030,142.42961800122347,35.282296756072995,255.68213,0.3470828,246.7342
3eRASS J223116.4-462855,sm03_337135_020_ML00017_001_c030,337.8187260571867,-46.48210933436512,238.30426,0.34522277,262.8143
3eRASS J190721.9-542003,sm03_288144_020_ML00024_001_c030,286.84133508823885,-54.33423018287609,241.95575,0.34518644,281.99765
3eRASS J034855.1-552531,sm03_057144_020_ML00018_001_c030,57.229927944325,-55.4253423865721,991.4674,0.3451473,1035.0931
3eRASS J073530.8-220541,sm03_113111_020_ML00006_001_c030,113.8784999474145,-22.094753942355446,362.43,0.34228137,321.33173
3eRASS J074426.2+291605,sm03_115060_020_ML00023_001_c030,116.10950025622103,29.2680577118847,238.17094,0.34181222,233.74063
3eRASS J185642.2-372021,sb03_285126_020_ML00023_001_c030,284.175970102058,-37.33922589765468,201.66858,0.33725843,252.50545
3eRASS J124655.7+115645,sm03_191078_020_ML00019_001_c030,191.7324229110389,11.946092053450396,261.86154,0.33488628,313.12943
3eRASS J040340.4-253603,sm03_062117_020_ML00012_001_c030,60.91860728412958,-25.601102847028777,580.5333,0.33487576,517.6267
3eRASS J114934.7-212330,sm03_177111_020_ML00015_001_c030,177.39473965681074,-21.391831782772353,316.65433,0.33387166,319.45496
3eRASS J093355.2+385203,sm03_142051_020_ML00006_001_c030,143.48033205406557,38.867506501920474,145.67342,0.3297856,256.5041
3eRASS J120041.8+331237,sb03_182057_020_ML00019_001_c030,180.17445877693828,33.210449140147965,209.91177,0.32380074,220.0274
3eRASS J155918.4-264814,sm03_238117_020_ML00021_001_c030,239.82705536878993,-26.80390397911375,314.17938,0.32283527,422.00012
3eRASS J082055.6+192538,sm03_127072_020_ML00014_001_c030,125.23197917951713,19.42728573322305,245.94136,0.32220456,239.105
3eRASS J015402.7-404043,sm03_030132_020_ML00014_001_c030,28.511656869030173,-40.67887500814105,393.85068,0.3209225,437.48563
3eRASS J064229.4+013002,sm03_101087_020_ML00015_001_c030,100.62278489694692,1.5007509816534794,278.98666,0.3207529,261.6559
3eRASS J135303.4-653052,sm03_211156_020_ML00015_001_c030,208.26432559386996,-65.5145682652074,450.2732,0.32002658,549.58563
3eRASS J110542.7+020250,sm03_167087_020_ML00002_001_c030,166.42823514774685,2.047389790523389,113.35044,0.31891856,203.7036
3eRASS J030334.2-544438,sm03_047144_020_ML00011_001_c030,45.892914296538144,-54.74404528418219,758.461,0.31860894,765.8297
3eRASS J124608.1-451706,sm03_192135_020_ML00015_001_c030,191.53404229505236,-45.2850379181954,497.08505,0.31780648,508.35733
3eRASS J185006.2-380732,sm03_282129_020_ML00025_001_c030,282.52621654198083,-38.12579227591003,168.38736,0.3160932,250.74847
3eRASS J215606.7-752746,sm03_334165_020_ML00002_001_c030,329.02812180895677,-75.4628540383648,256.12656,0.315995,437.28293
3eRASS J110727.2+055040,sm03_167084_020_ML00008_001_c030,166.86338320156563,5.844466246918093,167.38853,0.31435215,186.64378
3eRASS J095727.8-262219,sm03_148117_020_ML00014_001_c030,149.36599864175514,-26.372062486314675,273.44977,0.31098044,283.70847
3eRASS J155119.8-521040,sm03_238141_020_ML00010_001_c030,237.8328237292154,-52.17787632569,420.05728,0.31041613,421.23557
3eRASS J051738.5-065022,sm03_080096_020_ML00007_001_c030,79.41045735038247,-6.8396342795684335,215.13571,0.31000707,403.0388
3eRASS J065247.8+180149,sm03_102072_020_ML00007_001_c030,103.19940583457455,18.03052891218927,100.3254,0.3085068,231.62009
3eRASS J075326.2+292159,sm03_118060_020_ML00012_001_c030,118.35939063832465,29.366429252576328,101.2069,0.307782,233.35487
3eRASS J083839.1+065352,sm03_131084_020_ML00012_001_c030,129.6629543662563,6.897919390371564,213.54893,0.3073487,225.37517
3eRASS J062647.0-473944,sm03_098138_020_ML00010_001_c030,96.69621067493244,-47.66235589396706,354.2395,0.306259,723.034
3eRASS J082923.0+231933,sm03_128066_020_ML00011_001_c030,127.3461174400789,23.325935117768573,226.19983,0.30535495,236.96516
3eRASS J071442.2-010943,sm03_110090_020_ML00019_001_c030,108.67606719631361,-1.1620285735034759,217.67325,0.30527237,229.22527
3eRASS J193835.4-461259,sm03_296135_020_ML00018_001_c030,294.64782529917477,-46.21659173522456,176.91158,0.304023,267.41266
3eRASS J192412.5-761346,sm03_291165_020_ML00016_001_c030,291.05210045837293,-76.22955343142375,362.46964,0.3029059,407.6286
3eRASS J111002.6+314937,sm03_168057_020_ML00015_001_c030,167.51122414186736,31.827131411873207,185.64238,0.30281246,238.82443
3eRASS J110907.0+283458,sm03_166060_020_ML00016_001_c030,167.27928338878309,28.582971930261234,178.83226,0.30148053,243.74066
3eRASS J011704.6-574035,sm03_019147_020_ML00023_001_c030,19.269546617572484,-57.67665168529938,316.88803,0.30032235,398.91052
3eRASS J195802.2-731157,sm03_302162_020_ML00019_001_c030,299.50942944406376,-73.19918829353418,341.97784,0.29785383,382.19522
3eRASS J181955.9-511129,sm03_275141_020_ML00015_001_c030,274.9829393767611,-51.19149789496908,178.67735,0.29587033,279.1352
3eRASS J175141.2-425031,sm03_267132_020_ML00016_001_c030,267.92206906833695,-42.84194947866342,185.71185,0.29491588,307.91293
3eRASS J070516.1-334028,sm03_108123_020_ML00006_001_c030,106.31720008196847,-33.67463191515353,399.68216,0.29301953,430.28632
3eRASS J112959.3+062953,sm03_173084_020_ML00016_001_c030,172.49745032281592,6.498120389217924,218.934,0.29282162,252.96988
3eRASS J203346.5-560355,sm03_310147_020_ML00013_001_c030,308.44411664753835,-56.06546962004217,256.9676,0.2924995,286.6276
3eRASS J081906.1+292813,sm03_125060_020_ML00020_001_c030,124.7755452556341,29.470522353562508,194.79793,0.2903512,243.08124
3eRASS J014709.6-194443,sm03_027111_020_ML00021_001_c030,26.790177782313734,-19.745497881458622,332.90155,0.2901969,375.96735
3eRASS J083920.7-023803,sm03_131093_020_ML00018_001_c030,129.8364236022623,-2.6342725360904953,225.50558,0.28983194,259.57315
3eRASS J110820.4+070516,sm03_167084_020_ML00014_001_c030,167.08511738323094,7.0879306863577645,175.0445,0.28960827,188.98851
3eRASS J131741.2-495145,sm03_201141_020_ML00017_001_c030,199.42170923746585,-49.86259674346819,476.74545,0.28893206,562.42554
3eRASS J084011.9-114504,sm03_130102_020_ML00012_001_c030,130.0499862872408,-11.75125304564084,242.90134,0.28774133,258.5002
3eRASS J212859.4-433004,sm03_321135_020_ML00026_001_c030,322.2476734812792,-43.501250292252266,162.75775,0.28630155,252.96129
3eRASS J055435.3+112524,sm03_090078_020_ML00016_001_c030,88.6471227197407,11.423569617984077,285.3027,0.28626677,303.18857
3eRASS J164150.8-453224,sm03_250135_020_ML00012_001_c030,250.46193170359368,-45.54008586430524,311.18448,0.2827222,390.83853
3eRASS J083217.4+395038,sb03_127051_020_ML00016_001_c030,128.07258441348867,39.844144930277,230.01826,0.28166273,250.5859
3eRASS J091702.2+371121,sm03_140054_020_ML00028_001_c030,139.25918926056195,37.18918592013418,182.44003,0.2811189,242.50713
3eRASS J064352.6+210439,sm03_100069_020_ML00018_001_c030,100.96949481296582,21.077773639217313,187.07973,0.280491,241.68898
3eRASS J084659.1+081126,sm03_132081_020_ML00024_001_c030,131.74662858024146,8.190816874582971,167.0914,0.27965072,221.58582
3eRASS J192150.4-553421,sm03_289147_020_ML00021_001_c030,290.46021897170397,-55.572678080875654,187.06418,0.27933955,282.3143
3eRASS J053536.1-045122,sm03_083096_020_ML00074_001_c030,83.90053183809617,-4.856370186878911,244.98944,0.27887708,372.93433
3eRASS J114514.4-475809,sm03_176138_020_ML00017_001_c030,176.31036996595458,-47.96943413263726,396.67703,0.27798116,498.5399
3eRASS J090340.4+120310,sm03_136078_020_ML00021_001_c030,135.91851836895177,12.053040940609852,153.39738,0.27768824,226.50739
3eRASS J115054.5-280538,sm03_178117_020_ML00002_001_c030,177.72717719053853,-28.094028692120435,148.60628,0.27748758,368.2605
3eRASS J032633.6-201219,sm03_053111_020_ML00021_001_c030,51.64031790180201,-20.20551622164539,471.0341,0.27691525,554.49536
3eRASS J052031.4-054825,sm03_080096_020_ML00004_001_c030,80.13114106119251,-5.807071008108012,177.1659,0.27472666,402.6941
3eRASS J105137.1-053234,sm03_164096_020_ML00019_001_c030,162.9047865151322,-5.543030467233214,168.327,0.27276105,204.3852
3eRASS J163645.9-674443,sm03_247159_020_ML00018_001_c030,249.1914132232441,-67.74539661131402,323.58966,0.27197954,492.3708
3eRASS J173852.8-715515,sm03_266162_020_ML00028_001_c030,264.7203840098138,-71.92106722341103,322.02432,0.27056375,485.5956
3eRASS J080450.0+350850,sm03_122054_020_ML00015_001_c030,121.20856035902462,35.14746990722909,203.57552,0.2683447,245.06715
3eRASS J085605.7+120939,sm03_133078_020_ML00014_001_c030,134.02416182146413,12.160886821672014,207.16168,0.2682111,245.52322
3eRASS J074812.7+205745,sm03_116069_020_ML00019_001_c030,117.05324643464408,20.962689148648444,178.20366,0.26686043,236.70123
3eRASS J050221.9+125048,sm03_075078_020_ML00011_001_c030,75.59145993046371,12.846706363191732,319.9827,0.26674187,359.11664
3eRASS J055335.3-564013,sm03_087147_020_ML01015_001_c030,88.39741988891465,-56.6704603311416,485.5093,0.26649058,1936.8551
3eRASS J052702.4+195301,sm03_081069_020_ML00017_001_c030,81.76008850752223,19.883884449542077,228.43396,0.26509967,331.59344
3eRASS J042503.9-064632,sm03_068096_020_ML00017_001_c030,66.26646070645131,-6.775618006015063,343.3124,0.26371583,470.11957
3eRASS J075229.1+040749,sm03_119087_020_ML00022_001_c030,118.12131757439278,4.130436915436254,177.98041,0.26229396,241.23732
3eRASS J061826.7+271247,sm03_095063_020_ML00011_001_c030,94.6113860911142,27.213170066955445,190.72267,0.26192763,242.23602
3eRASS J101341.0+194558,sm03_155069_020_ML00008_001_c030,153.4212347559426,19.766232539289472,92.59613,0.26145107,223.26962
3eRASS J111713.9-152330,sm03_171105_020_ML00035_001_c030,169.30832291227287,-15.39178578720041,136.49074,0.26058662,221.08055
3eRASS J053529.7-054845,sm03_083096_020_ML00032_001_c030,83.87388311895553,-5.812554171091714,140.98486,0.2602053,378.23123
3eRASS J075232.8-012028,sm03_119090_020_ML00020_001_c030,118.13681600614127,-1.341319061350028,186.22684,0.25974444,258.2736
3eRASS J074005.8-121706,sm03_114102_020_ML00011_001_c030,115.02427566075204,-12.285087022795812,224.85118,0.25908846,284.35132
3eRASS J131505.4-222000,sm03_199111_020_ML00011_001_c030,198.77271957949705,-22.333578187577604,327.58505,0.258993,430.03693
3eRASS J021434.1-254809,sm03_035117_020_ML00021_001_c030,33.642154769656635,-25.802509296207464,285.8512,0.25896376,419.09515
3eRASS J112916.8+313735,sm03_171057_020_ML00016_001_c030,172.3203769673376,31.62654572730137,181.30118,0.25881496,251.82556
3eRASS J082354.9+391526,sb03_127051_020_ML00024_001_c030,125.97900237385153,39.25728137235387,183.90613,0.25777698,250.42282
3eRASS J105202.0-445716,sm03_163135_020_ML00017_001_c030,163.00849443409612,-44.95463713661493,278.45947,0.25713024,445.3049
3eRASS J100114.2-442844,sm03_151135_020_ML00018_001_c030,150.30945293123244,-44.479132067165885,287.91876,0.25603724,430.23053
3eRASS J102753.5+172327,sm03_158072_020_ML00009_001_c030,156.9730241074654,17.3908836078465,171.61113,0.2559883,220.34474
3eRASS J081232.8-070807,sm03_125096_020_ML00014_001_c030,123.13703786679075,-7.135326515102814,210.36333,0.25385627,239.53008
3eRASS J175304.2-455150,sm03_267135_020_ML00042_001_c030,268.2678934019566,-45.86407453661245,140.01688,0.25277779,302.13596
3eRASS J040131.7-512541,sm03_062141_020_ML00024_001_c030,60.382300566227634,-51.428077052408746,844.28107,0.25217742,1117.8239
3eRASS J093642.0+111352,sm03_145078_020_ML00021_001_c030,144.17516070396158,11.231191180176985,151.53961,0.25186828,220.1344
3eRASS J080614.0-492403,sm03_124138_020_ML00057_001_c030,121.55834978932282,-49.4010159887748,356.67346,0.25162983,550.6574
3eRASS J085752.9-055258,sm03_134096_020_ML00036_001_c030,134.47058982119418,-5.883046594175678,142.44302,0.2515105,227.74171
3eRASS J124949.5-475842,sm03_193138_020_ML00008_001_c030,192.4565199405551,-47.97838642271598,205.10286,0.2512778,514.3787
3eRASS J092209.5+335100,sm03_139057_020_ML00025_001_c030,140.53964579258792,33.85024835447045,158.27629,0.2499864,236.02258
3eRASS J152655.4-463646,sm03_232138_020_ML00021_001_c030,231.7311966056672,-46.612849132061015,250.94467,0.24808392,427.1199
3eRASS J204948.2-451253,sm03_312135_020_ML00018_001_c030,312.45116649157484,-45.21481932468399,177.43047,0.24745595,264.51315
3eRASS J113230.1-024621,sm03_173093_020_ML00014_001_c030,173.12565005249016,-2.772500291743319,184.75365,0.24694763,276.29895
3eRASS J095532.2+170405,sm03_149072_020_ML00018_001_c030,148.88436103576115,17.068096648418333,159.21748,0.24358211,213.00432
3eRASS J081334.1-063537,sm03_125096_020_ML00021_001_c030,123.39222780922479,-6.5938434211336725,168.62543,0.24356742,220.44948
3eRASS J064150.9-041957,sm03_101093_020_ML00009_001_c030,100.46228759930044,-4.3327067939773,187.65826,0.24136718,265.08398
3eRASS J040018.2-103729,sm03_059102_020_ML00028_001_c030,60.07624867791915,-10.6248262701352,263.71588,0.24122101,412.90674
3eRASS J082833.6-335015,sm03_129123_020_ML00007_001_c030,127.1400889363458,-33.83768641038351,133.87737,0.24096586,337.15186
3eRASS J055932.1+043041,sm03_089084_020_ML00011_001_c030,89.88398630339381,4.511593544697422,227.66934,0.24069265,300.49414
3eRASS J073357.7+160242,sm03_112075_020_ML00023_001_c030,113.49083098036755,16.045003405904495,151.9832,0.24033406,236.63249
3eRASS J053029.2+033030,sm03_083087_020_ML00053_001_c030,82.62171486747401,3.508374492494064,252.32716,0.24030085,359.6018
3eRASS J081656.8-534211,sm03_126144_020_ML00015_001_c030,124.23705213873636,-53.70306371115784,365.9778,0.23990938,598.3989
3eRASS J061512.2-242341,sm03_092114_020_ML00028_001_c030,93.80108384173406,-24.39498797219779,239.12614,0.23918527,345.93033
3eRASS J205833.0-482030,sm03_314138_020_ML00023_001_c030,314.63770483576155,-48.341680079182325,173.70627,0.2387844,259.97958
3eRASS J114531.2+091022,sm03_177081_020_ML00017_001_c030,176.38007460125172,9.172882932213284,196.25072,0.23835805,274.8151
3eRASS J103225.7-243707,sm03_157114_020_ML00015_001_c030,158.1071070976818,-24.618793985442647,192.30566,0.2374183,277.26462
3eRASS J053520.4-052057,sm03_083096_020_ML00048_001_c030,83.83532530856336,-5.349421233623975,48.563522,0.23673797,371.4233
3eRASS J115154.5+332243,sb03_178057_020_ML00043_001_c030,177.97744691382073,33.378640016083935,143.96007,0.23573668,234.67303
3eRASS J075853.3-213236,sm03_119111_020_ML00027_001_c030,119.7224084884622,-21.54358515301211,165.52547,0.23571433,284.7741
3eRASS J092421.1+365339,sm03_140054_020_ML00031_001_c030,141.08794738141188,36.894221121097246,164.77878,0.23563544,236.84651
3eRASS J055622.7+283819,sb03_087060_020_ML00009_001_c030,89.09494611218764,28.63886080219292,232.91963,0.23554972,289.72632
3eRASS J235110.5-465922,sm03_358138_020_ML00028_001_c030,357.79397933721293,-46.98962410944213,155.86205,0.23529734,284.74716
3eRASS J232035.9-684117,sm03_348159_020_ML00029_001_c030,350.14984048132675,-68.68807892478264,243.7121,0.23353635,395.20264
3eRASS J221817.7-623148,sm03_332153_020_ML00025_001_c030,334.5740838764237,-62.53024072145066,183.69643,0.23261493,334.39963
3eRASS J231129.5-435647,sm03_350135_020_ML00030_001_c030,347.87321191127194,-43.94653572791616,163.4416,0.23183787,275.354
3eRASS J104504.2+114508,sm03_160078_020_ML00030_001_c030,161.26790582423328,11.752286487854192,128.34158,0.22897467,199.12492
3eRASS J130427.6-293353,sm03_197120_020_ML00028_001_c030,196.115389440193,-29.564821439909412,249.7306,0.22880378,422.11783
3eRASS J192530.1-463339,sm03_293138_020_ML00029_001_c030,291.3756257320962,-46.56085885396206,125.827644,0.22844312,255.91345
3eRASS J114410.9+054755,sm03_176084_020_ML00005_001_c030,176.04580345678986,5.79882745657805,85.127205,0.22784536,279.8191
3eRASS J001308.4-462522,sm03_002135_020_ML00043_001_c030,3.285221438197647,-46.4228510863306,139.26654,0.2273568,246.04373
3eRASS J063045.5+065806,sm03_098084_020_ML00025_001_c030,97.68996508607418,6.968541383813152,147.6527,0.22693369,254.2369
3eRASS J084032.2-251307,sm03_131114_020_ML00019_001_c030,130.13445841973385,-25.21870348259812,174.05528,0.22660379,283.82355
3eRASS J063713.5-404614,sm03_101132_020_ML00020_001_c030,99.30637541300752,-40.77057691877223,298.20804,0.22609757,545.7793
3eRASS J013041.6-251826,sb03_021114_020_ML00033_001_c030,22.67360983983209,-25.307456575391086,240.53432,0.22609642,382.73386
3eRASS J064532.5+132100,sm03_102078_020_ML00022_001_c030,101.3855496079454,13.350173238322002,137.6416,0.22562136,248.64058
3eRASS J100816.0+313611,sm03_154057_020_ML00032_001_c030,152.06670332492737,31.603203958338955,138.24506,0.22541384,228.7491
3eRASS J161117.1-410416,sm03_243132_020_ML00019_001_c030,242.82130049885265,-41.07120983488609,195.72331,0.22471194,395.03525
3eRASS J082105.1-174221,sm03_127108_020_ML00016_001_c030,125.27135904760837,-17.70601923814996,177.8165,0.22439532,284.4335
3eRASS J130509.0-434527,sm03_197135_020_ML00030_001_c030,196.28761014669146,-43.7577465224722,295.48145,0.2241743,490.9663
3eRASS J112005.0+041324,sm03_170087_020_ML00030_001_c030,170.02120080644352,4.2234732437133005,164.84601,0.22416165,270.42795
3eRASS J005816.3-323645,sm03_016123_020_ML00028_001_c030,14.568309550091604,-32.61261804537796,202.21036,0.22409163,328.05145
3eRASS J181343.0-341400,sb03_274123_020_ML00007_001_c030,273.4291676563142,-34.233441955655536,49.477222,0.2238171,260.64236
3eRASS J190721.6-393258,sb03_286129_020_ML00027_001_c030,286.84036122419894,-39.54962174396872,125.915405,0.2228847,248.45119
3eRASS J204102.6-523553,sm03_308144_020_ML00023_001_c030,310.2610028123065,-52.59830766479917,122.28703,0.22176586,277.3872
3eRASS J111716.9+260540,sm03_168063_020_ML00021_001_c030,169.32049490946656,26.094507608645223,126.75943,0.22107153,242.68854
3eRASS J130410.8-254526,sm03_195117_020_ML00025_001_c030,196.04528603138277,-25.757248852983,259.5718,0.22105965,418.90854
3eRASS J195606.6-405458,sb03_299132_020_ML00027_001_c030,299.0278168596929,-40.91636010775487,117.97308,0.22075596,251.70026
3eRASS J052933.9-011102,sm03_083090_020_ML00070_001_c030,82.39144844689321,-1.1840028952745616,248.82578,0.22070661,358.18445
3eRASS J075655.9+062649,sm03_119084_020_ML00029_001_c030,119.23307030981121,6.4470678639499255,135.25276,0.22000743,247.00342
3eRASS J082510.2+375917,sb03_127051_020_ML00036_001_c030,126.29258167816849,37.98824139977784,151.5991,0.2198854,246.43753
3eRASS J080321.7-084728,sm03_119099_020_ML00018_001_c030,120.84079508998876,-8.791195790705226,164.42862,0.21940693,250.85733
3eRASS J140823.5-415254,sm03_212132_020_ML00046_001_c030,212.09818189206064,-41.881894878742834,200.47266,0.2193357,440.17276
3eRASS J104320.8+300524,sm03_159060_020_ML00031_001_c030,160.8369034907464,30.090061172947628,127.93183,0.21926981,236.44116
3eRASS J220821.2-522600,sm03_330141_020_ML00036_001_c030,332.08874487235295,-52.43351569084989,159.74374,0.21857312,295.98233
3eRASS J113736.2+333759,sb03_175057_020_ML00037_001_c030,174.40085427558637,33.63333254943585,146.40045,0.21821365,238.31856
3eRASS J083001.8-021412,sm03_128093_020_ML00023_001_c030,127.50764813301316,-2.2368295973281893,125.50238,0.21796504,243.98303
3eRASS J155759.4-314344,sm03_238123_020_ML00039_001_c030,239.49766452230742,-31.728975631886655,159.53584,0.21789153,425.04083
3eRASS J054243.4+280432,sb03_085063_020_ML00016_001_c030,85.68086314111275,28.075607886024883,200.24046,0.21773544,340.19342
3eRASS J205340.8-440650,sm03_312135_020_ML00022_001_c030,313.4204150347473,-44.113950449092115,147.09575,0.21773435,265.49927
3eRASS J012026.6-292731,sm03_019120_020_ML00047_001_c030,20.110910814120228,-29.458623710771864,202.98616,0.21760455,358.50507
3eRASS J025603.0-813921,sm03_041171_020_ML00016_001_c030,44.01261260846892,-81.65592060321816,447.91232,0.21629713,747.4807
3eRASS J042125.9-600008,sm03_066150_020_ML01549_001_c030,65.3581444555632,-60.0023682132383,138.29662,0.21626814,1544.399
3eRASS J203216.6-572733,sm03_310147_020_ML00020_001_c030,308.0693760285729,-57.459224831982965,176.64734,0.21621338,303.40714
3eRASS J043111.4-301452,sm03_067120_020_ML00033_001_c030,67.7978776770669,-30.247930245982175,373.54684,0.21580108,605.98175
3eRASS J082239.0-220750,sm03_126111_020_ML00015_001_c030,125.66291156915172,-22.130658214366118,94.02018,0.21550143,290.18155
3eRASS J075628.0+310409,sm03_118060_020_ML00037_001_c030,119.11699853803852,31.069220694818227,125.2053,0.21532498,226.81665
3eRASS J093112.2-321837,sm03_143123_020_ML00018_001_c030,142.8011740468264,-32.31028445645028,165.9853,0.21490744,295.83286
3eRASS J101324.6-144359,sm03_152105_020_ML00025_001_c030,153.3526483855937,-14.733197471766847,120.73837,0.21478343,220.9496
3eRASS J051431.2+041911,sm03_080087_020_ML00047_001_c030,78.63029687690405,4.319865678196144,192.20308,0.21462432,363.31253
3eRASS J052720.1-235542,sm03_083114_020_ML00037_001_c030,81.83382543509661,-23.928429185600862,267.78824,0.21459585,502.54205
3eRASS J083414.7+082601,sm03_129081_020_ML00027_001_c030,128.5612525766475,8.433855074498554,136.57088,0.21458802,227.32639
3eRASS J080558.7-224958,sm03_122114_020_ML00006_001_c030,121.49480063913839,-22.83278738226954,75.56352,0.2141704,305.09732
3eRASS J151537.7-440645,sm03_230135_020_ML00050_001_c030,228.90734970949487,-44.11256249540132,162.70677,0.21326241,407.59286
3eRASS J053146.7+152759,sm03_082075_020_ML00023_001_c030,82.94489865551691,15.466512865491255,231.99884,0.21310587,330.38696
3eRASS J064742.3+151512,sm03_103075_020_ML00015_001_c030,101.92638585845029,15.253365761847721,145.6739,0.21299273,245.0366
3eRASS J214758.0-582111,sm03_326147_020_ML00035_001_c030,326.99178877011104,-58.353229766745926,138.03514,0.21254939,269.90744
3eRASS J070009.8+291727,sm03_105060_020_ML00014_001_c030,105.04104929448337,29.29109360552702,132.26756,0.21250734,241.4005
3eRASS J094439.7+034939,sm03_146087_020_ML00026_001_c030,146.1658301319262,3.827755509430529,131.35277,0.21191113,209.8422
3eRASS J052025.4-410904,sm03_081132_020_ML00031_001_c030,80.10604277323134,-41.151202628106596,485.96106,0.21100257,789.6815
3eRASS J003133.5-435908,sm03_006135_020_ML00016_001_c030,7.889991761598381,-43.985710028069974,151.70917,0.21082857,272.07617
3eRASS J043506.3-381930,sm03_070129_020_ML00033_001_c030,68.7763022350043,-38.32513850346466,401.58682,0.2105842,695.45526
3eRASS J071806.9-350222,sm03_111126_020_ML00021_001_c030,109.52876417582355,-35.03948967874822,270.33716,0.21054763,429.96323
3eRASS J214621.2-492626,sm03_327138_020_ML00036_001_c030,326.588450157074,-49.440762597358166,114.62282,0.21048528,264.64886
3eRASS J002357.4-401136,sm03_006129_020_ML00034_001_c030,5.989308612832121,-40.19357661279227,131.37769,0.21038835,255.62494
3eRASS J043434.4-122237,sm03_069102_020_ML00035_001_c030,68.6434641909571,-12.377177548260248,257.42352,0.21010953,495.84924
3eRASS J081156.0+090108,sm03_123081_020_ML00039_001_c030,122.98342845829015,9.018965867005829,142.41904,0.20992208,235.12077
3eRASS J160856.8-283557,sm03_242120_020_ML00029_001_c030,242.23686768598097,-28.59923415779418,164.72588,0.20983285,400.93262
3eRASS J013318.8-563536,sm03_024147_020_ML00047_001_c030,23.32869780710095,-56.59355175520384,196.45352,0.20965469,360.9392
3eRASS J093846.6+283616,sm03_146060_020_ML00036_001_c030,144.69443412591383,28.604529964963533,118.22294,0.20961659,223.1392
3eRASS J110304.3+134727,sm03_165075_020_ML00021_001_c030,165.76808807389185,13.790963039814862,124.5003,0.20844388,222.6507
3eRASS J103704.4-222934,sm03_158111_020_ML00017_001_c030,159.26872920140764,-22.492953919296866,157.06519,0.20837322,291.83316
3eRASS J191619.7-440851,sm03_288135_020_ML00014_001_c030,289.08231973558605,-44.14765195337098,110.84894,0.20829974,261.1678
3eRASS J111144.5+242934,sm03_167066_020_ML00041_001_c030,167.93546550849527,24.49288548353154,86.31623,0.20826271,209.31296
3eRASS J062101.6-033000,sm03_095093_020_ML00026_001_c030,95.25703435466687,-3.500076655259703,126.49089,0.20783934,266.13937
3eRASS J065249.4+082242,sm03_104081_020_ML00021_001_c030,103.2061318349108,8.378360603528868,118.98948,0.20755865,250.94908
3eRASS J101720.6+385739,sb03_153051_020_ML00038_001_c030,154.3358426472292,38.961022715570955,107.29218,0.20683058,221.8659
3eRASS J102640.9-244623,sm03_157114_020_ML00018_001_c030,156.67081462547475,-24.77325782795614,153.82959,0.20623551,319.19037
3eRASS J182852.3-440808,sm03_275135_020_ML00016_001_c030,277.21805240790536,-44.13565377890662,94.88431,0.2061037,261.70575
3eRASS J073631.3+351349,sm03_115054_020_ML00032_001_c030,114.13070102751497,35.2304060613233,122.25565,0.20585234,228.3853
3eRASS J145622.7-283851,sm03_225120_020_ML00033_001_c030,224.09498606097003,-28.647707357035234,218.95213,0.2056245,501.63498
3eRASS J041005.7-195602,sm03_062111_020_ML00026_001_c030,62.523858678309736,-19.934107914855076,237.1146,0.20538487,461.72772
3eRASS J054640.1+000503,sm03_086090_020_ML00017_001_c030,86.66729924089846,0.08426878241287163,160.57408,0.20514828,366.66962
3eRASS J033306.6-510013,sm03_053141_020_ML00037_001_c030,53.27754055492597,-51.00365300089353,555.0144,0.20441139,949.8954
3eRASS J155741.2-631239,sm03_237153_020_ML00027_001_c030,239.42196734815954,-63.210988508653045,224.12549,0.20433271,463.71942
3eRASS J042502.7-042400,sm03_068093_020_ML00043_001_c030,66.26156799492846,-4.400033216869212,214.72855,0.2041442,478.03024
3eRASS J160007.6-305626,sm03_242120_020_ML00042_001_c030,240.03179482003503,-30.94080259750932,141.72813,0.20398976,401.63962
3eRASS J192927.7-752412,sm03_291165_020_ML00021_001_c030,292.3654376004434,-75.40347516607967,203.9368,0.20397769,398.4029
3eRASS J094441.9-174057,sm03_146108_020_ML00029_001_c030,146.17493895508937,-17.682614210560644,123.4895,0.20385146,250.96439
3eRASS J053454.0-062350,sm03_083096_020_ML00253_001_c030,83.72524880282499,-6.39740878327152,191.19853,0.20297207,365.6505
3eRASS J092149.5-510509,sm03_141141_020_ML00012_001_c030,140.45651060683264,-51.08601339804251,270.4305,0.20292194,542.85986
3eRASS J152558.5-444535,sm03_230135_020_ML00043_001_c030,231.49392569348572,-44.75982285078787,194.50409,0.20284219,432.5438
3eRASS J061538.1+144206,sm03_094075_020_ML00013_001_c030,93.90882122556606,14.70171387525038,156.85007,0.20278889,246.32559
3eRASS J060055.7+150726,sm03_091075_020_ML00028_001_c030,90.23216010052032,15.124038375288638,149.43716,0.20276666,273.9937
3eRASS J120944.8+023213,sm03_182087_020_ML00035_001_c030,182.43670415590626,2.5370498047725616,109.44228,0.20271489,266.80075
3eRASS J101029.3+072632,sm03_152084_020_ML00028_001_c030,152.62220979292493,7.442429644746675,121.47045,0.20251687,209.11716
3eRASS J085249.0-114333,sm03_133102_020_ML00012_001_c030,133.2042613495053,-11.725941224492786,113.95871,0.20232332,241.56917
3eRASS J060829.3-435321,sm03_093135_020_ML00038_001_c030,92.12236462861027,-43.889180778032355,372.1422,0.2022031,619.8712
3eRASS J210845.2-580601,sm03_315147_020_ML00020_001_c030,317.1884691400918,-58.100542454356415,157.11078,0.2020778,304.4789
3eRASS J101134.6+391032,sb03_153051_020_ML00026_001_c030,152.8942142624712,39.17579269234557,131.16759,0.20184122,239.26474
3eRASS J075103.9-130342,sm03_117102_020_ML00025_001_c030,117.7665555875485,-13.061800723731979,139.2186,0.2016539,276.37445
3eRASS J040329.9+083643,sb03_062081_020_ML00012_001_c030,60.87493336024303,8.612176976709101,107.55384,0.20128812,405.72678
3eRASS J123751.3+071258,sm03_191084_020_ML00034_001_c030,189.46389986578666,7.21636196524898,129.97289,0.20119725,308.58307
3eRASS J220218.5-430517,sb03_330132_020_ML00028_001_c030,330.57728386243133,-43.08815447779777,126.71684,0.20102145,257.94714
3eRASS J094346.5+182623,sm03_146072_020_ML00019_001_c030,145.9437766557657,18.439766872424308,117.56062,0.20027271,210.27641
