IAUNAME,UID,RA,DEC,POS_ERR,DET_LIKE_0,ML_RATE_1,ML_RATE_ERR_1,ML_FLUX_1,ML_EXP_1,MJD_MIN,MJD_MAX
1eRASS J011706.7-732648,102316200220,19.27808880357431,-73.44681616595088,5.4022775,1115.0339,11.1238365,9.491542,1.035739e-11,188.4971,58970.363,58972.2
1eRASS J114724.4-495303,117814100004,176.85173264720294,-49.88421019660567,1.0617273,1060.8835,2.2895696,0.118819505,2.1318153e-12,200.1465,58851.957,58853.793
1eRASS J050558.2-680146,107415900004,76.4926966917543,-68.0296573463546,3.0407014,553.63104,2.5211382,0.40723643,2.3474285e-12,868.8799,58986.707,58994.87
1eRASS J053323.7-645745,108715600187,83.34884672385304,-64.9627696285099,1.3334049,308.02405,0.07186741,0.006017249,6.691565e-14,2694.6624,58849.48,58875.65
1eRASS J073144.0-470001,111513800005,112.93349727990257,-47.0003095888563,1.9542542,287.9319,0.47143817,0.050265502,4.3895549e-13,211.92293,58971.22,58973.05
1eRASS J064100.4+095401,110108100003,100.25169794521331,9.900426555886934,1.3839939,245.2619,1.9554683,0.18751627,1.820734e-12,77.20336,58948.58,58949.08
1eRASS J050338.2-304513,107712000011,75.90941019162457,-30.753621905055436,1.8337834,242.36865,0.42082566,0.04783008,3.9183023e-13,209.21237,58918.227,58920.06
1eRASS J054656.6-653401,108715600262,86.73583612572537,-65.56713447578834,1.3367518,239.52129,0.033919275,0.0030363554,3.1582193e-14,5469.2363,58851.15,58905.543
1eRASS J052524.1-655818,108015600010,81.3506538768491,-65.97171292220668,5.5298214,233.24046,0.521539,0.06394606,4.856043e-13,2336.4348,58828.98,59011.375
1eRASS J051621.3-631123,107915300010,79.08902574031303,-63.189898416388566,2.3275273,231.29706,0.13246064,0.0112507595,1.2333393e-13,1534.094,58858.65,58873.48
1eRASS J131400.5-190157,119910800005,198.5024325620027,-19.032642485270074,1.6165628,223.26451,0.5732371,0.067549154,5.3374037e-13,143.88277,58854.11,58855.44
1eRASS J034852.6-552534,105714400039,57.21947855994609,-55.42628552002499,1.6681646,208.69023,0.20747821,0.02483711,1.931827e-13,382.34268,58847.656,58851.49
1eRASS J071212.4-363045,110712600010,108.05192601720184,-36.51259655859472,1.5942488,178.97928,0.5861054,0.06934584,5.45722e-13,144.52849,58960.89,58962.223
1eRASS J063020.5-674651,109815900241,97.58583120761054,-67.78087760725649,1.5792296,177.40121,0.047189184,0.0049519497,4.3937788e-14,2549.7817,58842.977,58867.145
1eRASS J055329.9-663938,108715600474,88.37488674157659,-66.66065262669059,1.3412747,166.10893,0.014822992,0.0013436129,1.3801668e-14,13298.429,58828.98,59011.375
1eRASS J051910.4-253443,107811700006,79.79373375742396,-25.57881066390798,1.7869762,156.93962,0.39334223,0.050976716,3.6624046e-13,178.61523,58925.727,58927.227
1eRASS J013328.1-643410,102415600005,23.36711038359957,-64.56960346128153,2.2713697,132.76234,0.39604813,0.05044145,3.687599e-13,194.2591,58986.695,58988.363
1eRASS J081658.8-534158,112614400016,124.24528193989879,-53.69948246139895,2.484765,131.02614,0.244657,0.036274195,2.2779982e-13,210.76514,58991.883,58993.72
1eRASS J053410.9-045032,108309600099,83.5457422058537,-4.8423996418036275,2.0120263,129.44783,0.39887205,0.060941014,3.7138925e-13,120.423874,58932.74,58933.74
1eRASS J052605.0-621225,107915300040,81.52096474855139,-62.2070758315065,1.507602,121.028564,0.09344879,0.009603779,8.701005e-14,1648.3579,58880.88,58900.71
1eRASS J053427.4-623926,108515300073,83.61435899449728,-62.657296859095034,2.351799,115.795044,0.07005976,0.008080145,6.5232555e-14,1697.7032,58888.71,58907.543
1eRASS J051754.0-583537,107715000019,79.47526098274481,-58.59370607100254,1.9336582,113.07298,0.11604563,0.014660778,1.0804994e-13,805.12964,58897.88,58905.71
1eRASS J064759.4-441943,110113500014,101.99780213470864,-44.3288636268597,2.049129,112.78058,0.2616612,0.04101489,2.436324e-13,185.5249,58956.72,58958.22
1eRASS J045545.0-683951,107415900021,73.93758957836019,-68.66442152863584,2.7859385,106.77171,0.13260984,0.015943438,1.2347286e-13,765.7991,58984.04,58991.207
1eRASS J024930.1-274958,104211700019,42.37552600280996,-27.833048504121045,2.0776756,106.33517,0.23231986,0.037073668,2.1631273e-13,198.56302,58860.5,58862.168
1eRASS J121547.0-173140,118310800002,183.94590166114273,-17.527785127200293,1.9143797,104.690445,0.44072825,0.06879561,4.103615e-13,109.47435,58837.61,58838.61
1eRASS J060753.0-670524,109315600162,91.9712452479053,-67.0901251026576,1.7862,103.954056,0.015909668,0.0017957146,1.4813471e-14,8795.707,58828.98,58908.375
1eRASS J110450.9-762524,116416500028,166.2123558337007,-76.42360511880531,1.7434614,102.393,0.26616353,0.03757323,2.4782452e-13,259.52805,58901.363,58904.7
1eRASS J054351.5-654739,108715600620,85.96459539873919,-65.79440540654224,1.7027339,99.43866,0.022468798,0.0027494137,2.0920669e-14,4661.558,58838.15,58883.375
1eRASS J011222.6-281630,101811700010,18.09437737770509,-28.275033687801162,1.9371903,98.525955,0.40020803,0.06349855,3.7263319e-13,129.60194,58831.004,58832.17
1eRASS J043215.0-692624,106715900006,68.06272088061927,-69.44023872724033,2.0576136,95.370255,0.13360265,0.017962543,1.2439725e-13,570.89343,58982.87,58988.203
1eRASS J085701.0-760307,113216500009,134.25452651938895,-76.05221562654444,1.706219,94.92977,0.111138344,0.016741754,1.0348077e-13,537.57404,58897.867,58903.035
1eRASS J070652.7-622111,110415300039,106.71997728782866,-62.353315932893665,1.8252898,90.8753,0.090461805,0.0144783715,8.422887e-14,551.1616,58989.38,58994.547
1eRASS J155518.5-232210,123811400033,238.82745632295033,-23.369720875707017,2.1194146,88.88309,0.38913387,0.065792024,3.6232204e-13,106.76248,58909.0,58909.836
1eRASS J051114.8-592056,107715000238,77.8119565171076,-59.34891091324298,2.062905,83.541565,0.05430574,0.008238605,5.0564004e-14,1052.3905,58884.547,58897.547
1eRASS J055855.6-665204,108715600287,89.73175394466855,-66.86784856559628,1.5737838,81.053314,0.00637704,0.0007664912,5.937654e-15,21755.4,58828.98,59011.375
1eRASS J062417.1-711335,109516200287,96.07164416406651,-71.22642982549772,2.0494723,77.83656,0.041853506,0.0064557055,3.8969746e-14,1394.4792,58908.707,58921.87
1eRASS J055024.4-682418,109015900060,87.60197945778121,-68.40526929487733,3.465258,75.8064,0.04475967,0.005950906,4.167567e-14,2143.784,58946.875,58967.207
1eRASS J042227.4-634840,106615300018,65.61454949204767,-63.81114611415591,2.5675569,74.63561,0.0910378,0.0134092355,8.476518e-14,786.71497,58828.984,59011.37
1eRASS J042014.0-512647,106714100019,65.05852168845458,-51.44646021266155,1.5629152,74.2176,0.17700733,0.023798686,1.6481131e-13,488.97958,58873.32,58877.82
1eRASS J044439.9-594134,107115000082,71.16632106550313,-59.69294520069152,1.8609202,74.10602,0.05766943,0.009798425,5.3695933e-14,812.33154,58859.984,58867.652
1eRASS J053732.2-663013,108715600363,84.3844998306501,-66.50364141191811,1.7180094,72.11193,0.024750229,0.0034785978,2.3044907e-14,3333.9893,58828.98,59011.375
1eRASS J060317.3-675951,109015900601,90.82238040109685,-67.99769401746899,2.2165167,71.11842,0.016508695,0.0023917824,1.5371224e-14,4531.84,58890.207,58943.875
1eRASS J044423.9-335553,107212300048,71.09959408790638,-33.931538164223035,2.2286913,70.60738,0.17513305,0.033590477,1.6306616e-13,186.13556,58909.06,58910.56
1eRASS J145727.7-212510,122511100002,224.36563256557648,-21.41971552553706,2.1230173,69.96965,0.43407136,0.06654895,4.041633e-13,146.28027,58889.168,58895.004
1eRASS J004058.4-442918,101013500007,10.243731593962627,-44.48843697774522,2.4688303,66.100044,0.3812205,0.06800028,3.549539e-13,104.016075,58997.688,58998.688
1eRASS J034806.4-244936,105711400011,57.02673750566063,-24.826787509102534,2.13751,65.784676,0.20276345,0.035452735,1.8879279e-13,241.14688,58887.73,58894.4
1eRASS J054054.4-625047,108515300113,85.22699673226421,-62.846459832710174,2.966951,65.51721,0.05208473,0.007419188,4.8496024e-14,1536.2006,58898.38,58916.543
1eRASS J052427.0-544401,108114400064,81.1125847742874,-54.73368783606233,3.4226341,64.55122,0.072796896,0.012698457,6.7781094e-14,583.4687,58912.215,58917.883
1eRASS J084215.3-702500,112915900162,130.5638478778852,-70.41675617332815,2.52004,64.26796,0.068194166,0.0122875525,6.34955e-14,589.62134,58863.473,58869.14
1eRASS J071432.7-704355,111316200185,108.63649641813653,-70.73218610363838,2.0535598,63.221428,0.03614086,0.0064687952,3.3650708e-14,1163.3486,58870.81,58882.203
1eRASS J062127.7-671207,109315601102,95.36567614426338,-67.20195643156956,1.8717093,62.71705,0.017258756,0.0027260098,1.6069606e-14,3413.22,58829.977,58862.312
1eRASS J060437.7-665131,109315600738,91.15714555390618,-66.85873609785551,1.762277,60.719227,0.008747648,0.0011896646,8.144924e-15,12296.588,58828.98,59011.375
1eRASS J055205.0-071834,108909600011,88.02087625107067,-7.309534205284666,2.637287,59.895752,0.2248168,0.054950267,2.0932663e-13,118.37086,58937.57,58938.57
1eRASS J033918.9-553550,105614700056,54.828845796886995,-55.597326421305354,2.9464414,59.69397,0.09008708,0.016900785,8.3879965e-14,394.43246,58843.49,58847.156
1eRASS J055043.8-641628,108515300305,87.68272307304116,-64.27464130312411,1.8904221,58.57249,0.020863345,0.003382608,1.9425833e-14,2799.0437,58904.875,58931.21
1eRASS J095155.8+220949,114806900017,147.9828820956782,22.163816198222676,2.5626428,56.2373,0.27084458,0.06250312,2.5218304e-13,81.50166,58979.42,58980.086
1eRASS J060134.1-615749,109215300490,90.39236761931154,-61.96381397067939,2.248917,56.06892,0.04095193,0.007484602,3.813029e-14,1014.31903,58937.71,58948.543
1eRASS J111816.0-324912,117112300012,169.5669992776348,-32.82019756663476,2.1392808,55.994232,0.2617692,0.051517077,2.4373299e-13,130.87122,58831.785,58832.785
1eRASS J021117.7-332003,103412300046,32.823982083596796,-33.334339387233875,2.3334222,55.85485,0.1418874,0.0327187,1.3211117e-13,153.78743,58843.5,58845.0
1eRASS J085443.6-664556,113515600088,133.68175355870125,-66.76582125376216,2.536243,55.429497,0.07146693,0.014301708,6.6542766e-14,457.3797,58847.973,58852.137
1eRASS J054135.8-092937,108609900068,85.3991936243772,-9.493667800765895,2.539094,55.16734,0.16622289,0.039280746,1.5476991e-13,117.37845,58934.734,58935.734
1eRASS J160238.0-254139,124211700016,240.6584922775962,-25.694410985466284,2.3852777,55.16514,0.33601263,0.060893267,3.1286093e-13,133.36462,58911.168,58912.168
1eRASS J014850.3-205252,102711100007,27.20971916536973,-20.88116958276623,2.679768,55.023354,0.21249503,0.041711565,1.9785385e-13,153.68513,58844.84,58846.176
1eRASS J060336.8-775217,109616800010,90.90361984868967,-77.87162221981976,12.867357,54.850746,0.09320058,0.016864456,8.677894e-14,505.9753,58936.203,58941.87
1eRASS J144310.9-485110,121913800046,220.7956825327263,-48.852872813321525,2.7750976,54.82986,0.16250269,0.03460764,1.5130605e-13,161.86673,58898.348,58902.848
1eRASS J054710.5-694301,109015900054,86.79415077538343,-69.7170903361915,2.2192128,54.77422,0.07028059,0.010381489,6.543817e-14,1298.2378,58947.54,58959.707
1eRASS J031053.8-334620,104812300082,47.72433313505713,-33.7723404037971,2.4051993,54.61786,0.1137704,0.02407211,1.0593148e-13,237.91505,58864.0,58866.164
1eRASS J064506.5-164409,110210800002,101.27726413006808,-16.735983128977917,2.261881,54.33868,1.0749422,0.20703626,1.0008773e-12,47.49182,58951.066,58951.9
1eRASS J042135.7-520733,106714100073,65.39890009770392,-52.126041925464655,2.135577,53.966164,0.10928836,0.023060365,1.0175825e-13,507.2091,58872.49,58877.156
1eRASS J111323.0+023215,117008700014,168.34621570217413,2.537686869990415,3.5464187,53.87088,0.41890338,0.08141571,3.900404e-13,75.82963,58999.082,58999.582
1eRASS J090340.0+120325,113607800020,135.91672715081296,12.057218778453842,3.9571676,53.563633,0.28994247,0.06483652,2.6996507e-13,79.68573,58973.082,58973.75
1eRASS J080503.6-765352,112216800133,121.26506029360493,-76.89783765021062,2.336877,53.500546,0.064828046,0.013526166,6.036131e-14,437.47546,58906.203,58910.203
1eRASS J154527.5-762425,123816500060,236.3647118508476,-76.40695183786197,2.4268308,53.33981,0.13937645,0.02980373,1.2977323e-13,197.77217,58926.19,58928.023
1eRASS J060434.9-665101,109315600737,91.14558034469346,-66.85043084223261,1.779096,53.13193,0.008172149,0.0011695459,7.609077e-15,12296.588,58828.98,59011.375
1eRASS J134511.7-403622,120813200007,206.2988922629257,-40.60623561763908,3.372554,52.47675,0.25630078,0.045218598,2.3864133e-13,188.22813,58876.45,58878.117
1eRASS J061450.7-725047,109516200034,93.71141109762769,-72.84647903711047,2.2966788,52.21994,0.058789153,0.009778577,5.4738505e-14,999.7836,58924.707,58934.207
1eRASS J045339.0-313625,107212300083,73.41261105855399,-31.607091349697985,2.773633,51.74594,0.11099174,0.024671052,1.0334427e-13,213.87387,58913.727,58915.56
1eRASS J115621.5-630529,118015300138,179.08977799300064,-63.09145446812095,2.8569605,51.726974,0.15022899,0.027509438,1.3987802e-13,290.42834,58872.297,58874.965
1eRASS J134423.6-365627,120512600057,206.09867144072683,-36.94104097390687,2.729966,51.47524,0.17526008,0.03522153,1.6318443e-13,177.33545,58873.617,58875.28
1eRASS J062955.1-673115,109815900724,97.47969118318038,-67.52096428764887,2.339385,50.9989,0.0207548,0.0035814797,1.9324767e-14,2532.7266,58837.312,58861.312
1eRASS J062721.9-764947,109616800016,96.84128465369851,-76.82976311727579,3.133636,50.568703,0.084716566,0.0152449105,7.887949e-14,596.95703,58928.37,58934.035
1eRASS J061339.5-663606,109315600330,93.41486207353563,-66.60181016278483,2.0366836,50.51881,0.020714533,0.003353263,1.9287276e-14,3304.2898,58828.977,59011.375
1eRASS J030622.4-400621,104712900093,46.59349817712956,-40.10594473680103,2.7692633,50.28253,0.105608106,0.02312894,9.8331574e-14,237.27972,58855.996,58858.164
1eRASS J041309.3-540658,106214400225,63.288933152926575,-54.1162742218969,2.5130193,50.233334,0.06301463,0.012492209,5.867284e-14,506.08194,58862.32,58866.99
1eRASS J041605.6-240450,106311400005,64.02362470280943,-24.08066687774771,2.7078254,50.089775,0.2360239,0.048197895,2.1976156e-13,142.85149,58903.562,58904.73
1eRASS J055635.5-442744,108913500088,89.14799934740547,-44.462437462145694,2.327938,49.94814,0.08094479,0.018422216,7.536759e-14,271.44943,58937.72,58940.05
1eRASS J104505.7-594003,116315000403,161.27386552308124,-59.667645731396036,1.7498411,49.61833,0.3377219,0.050228816,3.1445243e-13,270.9929,58850.633,58852.965
1eRASS J081558.4+403320,112504800023,123.99342956200063,40.55568428866559,3.238137,49.592587,0.2650689,0.060760178,2.4680532e-13,80.67365,58960.258,58960.926
1eRASS J025543.6-141239,104510500015,43.93167600891846,-14.210845669906394,2.2074423,49.3123,0.19629937,0.03857212,1.827741e-13,191.20589,58871.84,58873.508
1eRASS J043241.9-481543,106713800171,68.17491168572259,-48.26215362044868,2.3255982,48.791706,0.06619424,0.014076012,6.163337e-14,414.40186,58887.55,58895.72
1eRASS J044325.6-540915,107214400014,70.85677770116801,-54.1542636190387,2.9890943,48.493114,0.08003737,0.014597402,7.452269e-14,584.55725,58881.55,58887.215
1eRASS J044646.6-662450,107315600032,71.69449922141227,-66.41399083249567,2.4617727,48.3674,0.11817251,0.017713524,1.1003028e-13,656.5251,58998.87,59005.203
1eRASS J052752.1-605619,108315000036,81.96712356134917,-60.93864463737011,1.886341,48.31742,0.07613152,0.01106384,7.0885965e-14,1085.1534,58889.88,58907.38
1eRASS J064911.2-643453,110015600519,102.29680262849305,-64.58157333461168,2.4778295,48.26326,0.039508313,0.007977942,3.678614e-14,784.0347,58993.543,59001.043
1eRASS J030409.7-440227,104813500013,46.04077671676247,-44.04107634778796,3.292276,47.805054,0.16427207,0.03240602,1.5295351e-13,214.94353,58850.66,58852.996
1eRASS J041933.5-682038,106715900208,64.88966019942491,-68.34397178346275,2.2182636,47.487625,0.057011634,0.012354047,5.308346e-14,481.06894,58989.04,58993.54
1eRASS J103051.5-262837,115811700043,157.71465459671077,-26.47698758854835,2.7656555,47.3853,0.22411007,0.053331394,2.086686e-13,90.76104,59000.734,59001.402
1eRASS J055216.6-681015,109015900365,88.06918590212834,-68.17095656374906,1.9657853,46.511044,0.018720258,0.003393735,1.7430408e-14,2503.9958,58943.54,58967.54
1eRASS J051235.3-093621,107709900071,78.14741253641436,-9.606101566337902,3.0161016,46.377567,0.16698653,0.03743466,1.5548093e-13,141.77574,58925.902,58927.07
