oid,STATUS,tier,flat_residual,ra,dec,gal_b,channel,reason,ptp_mag_60d,n_alerts_60d_maxband,mag_at_pass,band_at_pass,first_pass_jd,outburst_amp,n_clean,n_alerts_total,first_alert_mjd,last_alert_mjd,nearest_catalogued_source,nearest_sep_arcsec,distnr,magnr,drb,simbad_class,tns_nearest,tns_sep_arcsec,probably,detection_history_mjd_band_mag,ztf_link,stratum
ZTF19acbplek,MATTHEW-GATED -- NOT REPORTED TO TNS,A,False,267.0176289,8.0610549,17.727657468922207,A1_cv_outburst,"outburst on a PS1 point source 0.11"" away",0.06,2,18.619282,g,2458979.9314815,4.17,50,51,58979.33594910009,61276.22844910016,"PS1 source, sgscore=0.51",0.11,0.2232365,21.884,0.9999502,,AT 2026hvy,2406.57,"a catalogued point source has brightened by 4.2 mag above its quiescent level, |b| = 17.7 deg; a dwarf-nova outburst or a flare star",58979.3359 r=19.25; 58979.4315 g=18.62; 58981.3306 g=19.27; 59044.2503 r=18.38; 59044.3153 g=18.22; 59044.3287 g=18.19; 59047.2515 g=17.71; 59047.2539 g=17.76; 59047.3185 r=17.77; 59047.3194 r=17.79; 59050.2435 g=18.26; 59050.2728 r=18.37; 59053.2430 g=19.13; 59053.2953 r=19.34; 59053.2962 r=19.26; 59053.3364 g=19.24; 59253.5452 g=19.61; 59429.2904 g=18.60; 59429.2966 g=18.56; 59673.3909 r=19.25; 59673.4361 g=19.32; 59673.4621 g=19.40; 59753.2954 g=18.66; 59753.2959 g=18.64; 59753.3424 r=18.57; 59753.3428 r=18.51; 60098.2752 g=18.21; 60098.3786 r=18.49; 60223.1323 g=18.41; 60223.1328 g=18.45; 60223.1744 r=18.50; 60223.1758 r=18.42; 60227.1667 r=18.43; 60227.1933 g=18.36; 60714.5378 r=19.46; 60816.3385 g=18.69; 60816.3584 g=18.63; 60816.3817 r=18.80; 60816.4562 r=18.88; 60905.1710 g=19.29; 61072.5522 r=17.87; 61074.5555 r=17.84; 61077.5180 g=18.39; 61077.5539 r=18.46; 61078.4833 g=18.54; ,https://fink-portal.org/ZTF19acbplek,A
ZTF20abmrpsq,MATTHEW-GATED -- NOT REPORTED TO TNS,A,False,322.3297457,-25.5233472,-44.99200496968864,A1_cv_outburst,"outburst on a PS1 point source 0.18"" away",0.36,12,20.054302,g,2459048.9393981,1.62,247,251,59048.39678240009,61276.35637729988,"PS1 source, sgscore=0.94",0.18,0.22997442,20.383,0.99915916,,AT 2026veh,490.9,"a catalogued point source has brightened by 1.6 mag above its quiescent level, |b| = 45.0 deg; a dwarf-nova outburst or a flare star",59048.3968 r=20.03; 59048.4394 g=20.05; 59052.3759 r=20.01; 59136.1290 g=19.89; 59158.1265 r=19.88; 59165.0744 r=19.80; 59165.1524 g=19.78; 59169.1061 g=19.81; 59171.0850 r=19.61; 59397.4364 g=19.25; 59400.3969 g=19.18; 59402.4123 r=19.22; 59404.3966 g=19.16; 59409.4003 g=19.17; 59409.4399 r=19.19; 59412.4111 r=19.24; 59415.4191 g=19.32; 59424.3345 r=19.15; 59424.4193 g=19.35; 59426.3525 g=19.25; 59426.3982 r=19.26; 59428.3188 g=19.27; 59428.3780 r=19.34; 59430.3137 g=19.15; 59430.3372 r=19.40; 59435.3770 g=19.11; 59439.3390 g=19.41; 59439.3566 r=19.35; 59442.2930 g=19.26; 59449.3148 r=19.06; 59453.2941 r=19.18; 59453.3572 g=19.22; 59455.2736 r=19.11; 59455.3151 g=19.34; 59459.2320 r=19.18; 59461.2303 g=19.18; 59461.2928 r=19.33; 59463.2311 g=19.16; 59463.2727 r=19.20; 59465.2986 g=19.03; 59465.3374 r=19.26; 59467.2100 g=19.17; 59470.2305 g=19.18; 59470.2523 r=19.12; 59472.2913 r=19.23; ,https://fink-portal.org/ZTF20abmrpsq,A
ZTF18abobdzu,MATTHEW-GATED -- NOT REPORTED TO TNS,A,False,273.2064671,-4.7857839,6.353984285327051,A1_cv_outburst,"outburst on a PS1 point source 0.49"" away [galactic plane]",1.01,26,19.111622,g,2460475.873912,1.54,5,700,58792.10868059984,61276.2623263998,"PS1 source, sgscore=0.87",0.49,0.46769485,17.023,0.99999577,,AT 2025aluw,683.16,"a catalogued point source has brightened by 1.5 mag above its quiescent level, galactic plane (|b| = 6.4 deg); a dwarf-nova outburst or a classical nova",58792.1087 r=15.80; 58798.0970 g=17.96; 58900.5172 r=15.59; 58900.5489 g=17.93; 58940.4822 g=18.10; 58944.4822 g=18.17; 58944.5035 r=16.16; 58955.4417 r=16.17; 58955.4795 g=18.29; 58963.4003 g=18.07; 58963.4425 g=18.08; 58972.4630 g=17.94; 58975.3051 g=17.84; 58975.4307 r=15.74; 58979.4296 g=17.98; 58986.4138 g=18.18; 58986.4507 r=16.10; 58992.3402 g=18.30; 58992.4190 r=16.15; 59011.2963 g=18.11; 59011.3178 r=15.99; 59014.2577 r=15.79; 59017.3328 g=18.12; 59020.2761 r=15.68; 59020.3638 g=18.10; 59023.3161 g=18.08; 59027.2354 g=18.03; 59030.3524 g=17.91; 59033.2313 g=17.96; 59033.3172 r=15.68; 59036.2186 g=18.00; 59036.2897 r=15.59; 59039.3398 g=17.91; 59042.2451 r=15.93; 59042.2965 g=18.05; 59045.2662 g=18.07; 59048.2760 g=18.17; 59051.2951 g=18.15; 59054.2514 g=18.15; 59057.2538 g=18.14; 59064.2113 g=18.03; 59064.3100 r=15.75; 59067.2892 r=15.73; 59075.1883 g=18.14; 59094.1720 g=18.36; ,https://fink-portal.org/ZTF18abobdzu,A
ZTF19aaxsbas,MATTHEW-GATED -- NOT REPORTED TO TNS,B,False,282.2682762,-5.5681491,-2.0117319722526523,A1_cv_outburst,"outburst on a PS1 point source 0.43"" away [galactic plane]",0.37,25,19.135899,g,2459139.6071412,1.04,212,226,59038.35715280008,61276.23563659983,"PS1 source, sgscore=1.0",0.43,0.43535814,17.488,0.9999987,,AT 2025tqs,7024.0,"a catalogued point source has brightened by 1.0 mag above its quiescent level, galactic plane (|b| = 2.0 deg); a dwarf-nova outburst or a classical nova",59038.3572 r=16.87; 59073.2312 g=19.16; 59111.2142 r=17.49; 59139.1071 g=19.14; 59143.1727 g=19.09; 59157.1498 g=18.66; 59256.5610 r=16.95; 59256.5658 r=17.15; 59282.5190 r=17.03; 59292.4795 r=17.44; 59314.4789 r=17.16; 59322.4792 r=16.92; 59337.4608 r=17.18; 59358.4390 g=18.92; 59392.3766 r=17.17; 59401.3747 g=19.02; 59478.1356 g=19.19; 59480.1880 r=17.30; 59487.1525 r=17.05; 59682.4156 g=18.42; 59684.4808 g=18.36; 59689.4634 g=18.38; 59713.4399 g=18.46; 59718.3206 r=17.18; 59723.4195 g=18.50; 59725.3743 g=18.69; 59747.4205 g=18.59; 59749.3795 g=18.31; 59756.3112 g=18.49; 59790.2946 g=18.56; 59812.2503 g=18.96; 59816.2189 g=18.57; 59820.1714 g=18.21; 59822.1739 g=18.46; 59844.2323 g=18.84; 59850.1520 g=18.39; 59873.1162 g=19.26; 59881.1140 g=18.56; 59883.1532 g=18.46; 59889.1140 g=18.35; 60054.4437 g=18.58; 60059.4747 g=18.89; 60063.4518 g=18.95; 60091.4229 g=18.53; 60111.4035 g=18.52; ,https://fink-portal.org/ZTF19aaxsbas,B
ZTF18abbsyyw,MATTHEW-GATED -- NOT REPORTED TO TNS,B,False,287.4587117,3.9256232,-2.2912638475952867,A1_cv_outburst,"outburst on a PS1 point source 0.15"" away [galactic plane]",0.92,28,16.439053,r,2459686.9864236,0.99,3,210,58940.4839931,61276.23468750017,"PS1 source, sgscore=0.84",0.15,0.20260896,14.219999,0.9990931,,AT 2026hoq,2674.38,"a catalogued point source is up 1.0 mag, galactic plane (|b| = 2.3 deg); a low-amplitude variable; weak case without a colour or a longer baseline",58940.4840 g=18.95; 58944.4831 g=19.30; 58963.4048 g=19.24; 58963.4452 g=19.16; 58986.4110 g=18.88; 58992.4611 g=18.87; 58995.3372 g=19.19; 58998.4198 g=19.24; 59013.3511 r=17.06; 59019.2739 g=18.97; 59022.2708 r=16.79; 59022.3751 g=19.06; 59025.3177 g=19.04; 59028.3553 g=19.29; 59046.3407 g=19.19; 59046.3801 r=17.02; 59049.3149 g=19.06; 59052.2949 g=18.71; 59052.3607 r=16.50; 59055.2950 g=18.77; 59055.3205 r=16.46; 59073.2307 g=19.03; 59079.1694 g=18.88; 59082.2760 g=19.14; 59267.5443 r=17.21; 59268.5443 r=17.30; 59320.4435 g=19.38; 59324.4832 g=19.09; 59356.3989 r=16.88; 59356.4398 g=19.14; 59359.3996 r=16.69; 59362.3336 r=16.83; 59362.3939 g=18.89; 59364.3799 g=19.12; 59366.3322 g=19.30; 59368.4417 g=19.24; 59370.4171 g=19.22; 59385.3168 g=19.43; 59415.2855 g=19.17; 59447.2333 r=16.89; 59460.2343 r=17.47; 59498.1285 g=18.72; 59502.1688 r=16.65; 59677.4566 r=17.30; 59684.4228 r=16.53; ,https://fink-portal.org/ZTF18abbsyyw,B
ZTF18abutckp,MATTHEW-GATED -- NOT REPORTED TO TNS,B,False,322.9792056,4.2661291,-32.5467388377663,A1_cv_outburst,"outburst on a PS1 point source 0.32"" away",1.16,38,19.864714,r,2458996.9661227,0.92,386,535,58791.123402799945,61276.27405089978,"PS1 source, sgscore=1.0",0.32,0.32240272,18.61,0.9999989,,AT 2026ped,931.78,"a catalogued point source is up 0.9 mag, |b| = 32.5 deg; a low-amplitude variable; weak case without a colour or a longer baseline",58791.1234 r=19.55; 58987.4607 r=19.95; 58996.4661 r=19.86; 59013.3564 r=20.37; 59016.4642 r=19.95; 59023.3436 g=19.71; 59038.3729 r=18.71; 59047.4004 r=19.10; 59047.4421 g=20.50; 59051.4162 r=18.86; 59060.3338 g=19.48; 59060.3826 g=19.59; 59060.4128 r=18.58; 59067.3112 r=19.34; 59077.3371 g=19.98; 59078.3302 r=18.86; 59080.3136 r=19.23; 59080.3728 r=19.32; 59080.3773 g=20.08; 59085.2514 g=19.55; 59085.3173 r=18.61; 59087.2815 r=18.97; 59088.3614 r=19.30; 59095.3736 r=19.11; 59096.3664 r=18.98; 59110.2543 r=18.57; 59110.3091 g=19.49; 59114.2333 g=19.83; 59114.2776 r=18.94; 59117.2747 g=19.50; 59123.2736 r=18.63; 59124.3102 r=19.13; 59125.2542 r=18.96; 59129.1955 r=18.69; 59131.2055 g=19.66; 59134.1852 r=18.72; 59134.2127 g=19.58; 59136.1333 g=19.59; 59136.1700 r=18.61; 59138.1291 r=18.40; 59140.1177 r=18.47; 59140.1537 g=19.30; 59142.1443 r=18.76; 59144.1924 r=18.89; 59152.2015 r=18.39; ,https://fink-portal.org/ZTF18abutckp,B
ZTF18abbdqqd,MATTHEW-GATED -- NOT REPORTED TO TNS,B,False,283.6703641,12.1070262,4.779555442480137,A1_cv_outburst,"outburst on a PS1 point source 0.06"" away [galactic plane]",0.94,16,17.713867,r,2458971.900162,0.59,502,1017,58954.50106480019,61276.231527800206,"PS1 source, sgscore=0.91",0.06,0.03405516,18.079,0.9980984,,AT 2026kmn,5613.28,"a catalogued point source is up 0.6 mag, galactic plane (|b| = 4.8 deg); a low-amplitude variable; weak case without a colour or a longer baseline",58954.5011 r=17.62; 58962.4609 r=17.79; 58971.4002 r=17.71; 58974.3741 r=17.59; 58977.4874 r=17.61; 58980.4833 r=17.56; 58985.4142 r=17.70; 58991.4396 r=17.64; 59000.3779 r=17.54; 59004.2926 r=17.54; 59011.3414 r=17.61; 59017.3926 r=17.81; 59035.3385 r=17.59; 59038.3581 r=17.64; 59045.3408 r=17.66; 59048.3937 r=17.64; 59051.3633 r=17.81; 59054.3378 r=17.64; 59063.2746 r=17.63; 59067.2910 r=17.72; 59070.1900 r=17.70; 59079.2154 r=17.79; 59085.1947 r=17.66; 59094.2973 r=17.69; 59107.1276 r=17.59; 59111.2362 r=17.75; 59123.2549 r=17.56; 59125.1133 r=17.67; 59129.1135 r=17.76; 59137.1080 r=17.65; 59139.1313 r=17.63; 59141.1236 r=17.66; 59145.1053 r=17.61; 59152.1751 r=18.21; 59154.1392 r=17.66; 59164.1218 r=17.54; 59167.0765 r=17.55; 59174.0989 r=17.70; 59255.5490 r=17.59; 59255.5520 r=17.61; 59255.5551 r=17.62; 59255.5582 r=17.67; 59255.5612 r=17.59; 59256.5467 r=17.55; 59256.5498 r=17.59; ,https://fink-portal.org/ZTF18abbdqqd,B
ZTF20abvccny,MATTHEW-GATED -- NOT REPORTED TO TNS,B,False,262.151087,3.911015,20.186604627397323,A1_cv_outburst,"outburst on a PS1 point source 0.77"" away",1.21,2,19.225986,g,2461235.7329051,0.52,4,4,60155.25307870004,61276.22798610013,"PS1 source, sgscore=0.99",0.77,0.7354844,19.466,0.99999464,,AT 2025xpd,3993.09,"a catalogued point source is up 0.5 mag, |b| = 20.2 deg; a low-amplitude variable; weak case without a colour or a longer baseline",60155.2531 g=19.04; 61235.2329 g=19.23; 61235.2894 r=19.36; 61276.2280 r=18.16,https://fink-portal.org/ZTF20abvccny,B
ZTF22aaqkjgl,MATTHEW-GATED -- NOT REPORTED TO TNS,C,True,320.8084341,-9.4420571,-37.9298070536658,A1_cv_outburst,"outburst on a PS1 point source 0.03"" away",0.27,34,20.072065,r,2460876.8851042,0.71,208,216,59759.399386600126,61276.272141200025,"PS1 source, sgscore=1.0",0.03,0.02882401,19.03,0.998356,,AT 2025akbu,715.97,"a catalogued point source is up 0.7 mag, |b| = 37.9 deg; a low-amplitude variable; weak case without a colour or a longer baseline",59759.3994 r=20.62; 60875.3564 r=20.25; 60876.3851 r=20.07; 60877.3170 r=20.22; 60877.3792 g=20.56; 60878.4148 r=20.06; 60878.4157 r=20.01; 60882.3174 r=20.09; 60883.3788 r=20.12; 60884.3586 r=20.02; 60884.3605 r=20.00; 60886.3359 r=19.98; 60886.3368 r=19.97; 60887.4272 r=19.94; 60888.3912 r=19.98; 60888.3922 r=19.94; 60889.3335 r=20.06; 60889.3617 g=20.46; 60890.3147 g=20.13; 60891.3605 r=19.92; 60892.3992 r=19.92; 60892.4002 r=19.98; 60901.2977 r=19.67; 60902.3240 g=19.96; 60903.2357 g=20.26; 60903.2376 g=20.20; 60903.2929 r=19.86; 60904.3105 g=20.31; 60904.3154 r=19.90; 60905.3014 g=20.06; 60905.3355 r=19.81; 60905.3922 g=20.12; 60908.2432 r=19.64; 60908.3090 g=20.06; 60909.3141 g=19.93; 60910.2738 r=19.68; 60911.2535 g=20.03; 60911.2803 g=19.94; 60911.2956 r=19.71; 60911.2966 r=19.62; 60913.2528 r=19.60; 60914.2346 r=19.75; 60914.2744 g=20.12; 60916.2797 r=19.66; 60916.2807 r=19.71; ,https://fink-portal.org/ZTF22aaqkjgl,C
ZTF18abigckz,MATTHEW-GATED -- NOT REPORTED TO TNS,C,False,277.0104623,-5.760526,2.548834666981332,A1_cv_outburst,"outburst on a PS1 point source 1.06"" away [galactic plane]",0.56,7,16.90333,r,2459502.6702199,0.41,2,21,58955.4421759001,61276.23609950021,"PS1 source, sgscore=0.5",1.06,1.1657903,14.174999,0.97578126,,AT 2026stb,2958.38,"a catalogued point source is up 0.4 mag, galactic plane (|b| = 2.5 deg); a low-amplitude variable; weak case without a colour or a longer baseline",58955.4422 r=16.69; 59502.1702 r=16.90; 59694.4395 g=19.31; 59696.4205 g=19.46; 59725.3753 g=19.42; 60076.4188 g=19.10; 60078.3801 g=19.41; 60527.2132 g=19.44; 60571.1712 r=16.84; 60847.3753 g=19.25; 61122.5172 g=19.31; 61214.2776 g=18.97; 61216.3358 g=18.96; 61232.3475 g=19.27; 61235.2482 g=19.08; 61237.2948 r=16.59; 61254.2345 g=19.18; 61255.2110 g=19.23; 61260.1919 g=19.42; 61275.2263 r=16.49; 61276.2361 g=18.85,https://fink-portal.org/ZTF18abigckz,C
ZTF18absvftl,MATTHEW-GATED -- NOT REPORTED TO TNS,C,False,304.6492495,-2.3760539,-20.42528083761368,A1_cv_outburst,"outburst on a PS1 point source 0.72"" away",0.37,20,18.108738,r,2459070.7955208,0.37,204,259,58964.47775459988,61276.35826390004,"PS1 source, sgscore=0.99",0.72,0.72138274,15.507999,0.92720157,,AT 2026qcb,1407.99,"a catalogued point source is up 0.4 mag, |b| = 20.4 deg; a low-amplitude variable; weak case without a colour or a longer baseline",58964.4778 g=19.29; 59002.4605 r=17.93; 59070.2955 r=18.11; 59076.3317 r=16.19; 59079.3165 g=19.11; 59125.2061 g=19.02; 59131.1720 g=19.02; 59139.1448 r=17.66; 59142.1154 g=19.44; 59152.1033 g=18.49; 59157.0859 r=17.83; 59157.1740 g=18.76; 59164.1009 g=18.80; 59164.1304 r=17.82; 59169.0857 g=18.48; 59169.1460 r=17.64; 59182.0957 r=17.52; 59182.1305 g=18.25; 59290.5245 r=17.98; 59290.5270 r=18.07; 59290.5296 r=17.96; 59290.5321 r=17.83; 59291.5227 r=17.94; 59291.5253 r=18.05; 59310.4667 g=18.50; 59325.4417 g=19.35; 59329.4769 g=19.07; 59337.4194 g=18.50; 59337.4650 r=18.00; 59345.4229 g=18.50; 59345.4614 r=17.61; 59353.4021 g=18.79; 59359.4191 r=17.93; 59370.4188 g=18.89; 59376.3785 g=18.74; 59378.4002 r=18.13; 59378.4202 g=19.26; 59392.3868 r=17.72; 59396.4207 g=18.72; 59405.3924 r=17.60; 59409.3129 r=17.79; 59415.3603 r=17.79; 59422.2793 g=18.55; 59422.3652 r=17.77; 59424.3104 g=19.02; ,https://fink-portal.org/ZTF18absvftl,C
ZTF18aazlttw,MATTHEW-GATED -- NOT REPORTED TO TNS,C,True,282.8477965,8.9963984,4.099142569629641,A1_cv_outburst,"outburst on a PS1 point source 0.36"" away [galactic plane]",0.28,3,18.307842,g,2458795.6238773,0.25,13,35,58789.1157176001,61276.23375000013,"PS1 source, sgscore=0.83",0.36,0.36452326,16.757,0.99852806,,AT 2025aaxa,8457.13,"a catalogued point source is up 0.2 mag, galactic plane (|b| = 4.1 deg); a low-amplitude variable; weak case without a colour or a longer baseline",58789.1157 g=18.48; 58792.1023 g=18.39; 58795.1239 g=18.31; 59255.5520 r=17.28; 59282.5176 r=17.23; 59292.4459 g=18.82; 59298.4355 g=19.05; 59312.4353 g=19.43; 59320.4431 g=19.26; 59320.4825 r=17.46; 59322.4571 g=18.99; 59322.4783 r=17.08; 59329.4408 r=17.33; 59341.4436 r=16.78; 59385.4018 g=19.59; 59440.2584 g=19.13; 59502.1431 g=19.01; 59621.5556 r=17.18; 59622.5551 r=17.19; 59689.4653 g=18.50; 59694.4418 g=18.23; 60398.5062 g=18.38; 60457.3783 r=16.50; 60621.1444 g=18.08; 60692.5768 r=16.73; 60706.5591 r=16.78; 60706.5632 r=16.65; 60706.5673 r=16.56; 60708.5565 r=16.77; 60708.5644 r=16.67; 60709.5544 r=16.74; 60838.4211 g=18.64; 61219.4489 g=18.35; 61251.2065 g=18.15; 61276.2338 g=18.08,https://fink-portal.org/ZTF18aazlttw,C
ZTF19aarybaz,MATTHEW-GATED -- NOT REPORTED TO TNS,C,False,283.190682,-5.9405968,-2.9985147898592235,A1_cv_outburst,"outburst on a PS1 point source 0.66"" away [galactic plane]",1.11,11,17.673265,g,2458940.9830787,0.14,66,83,58790.099965299945,61276.23563659983,"PS1 source, sgscore=0.81",0.66,0.70577675,15.287,0.9134195,,AT 2026rcs,6934.38,"a catalogued point source is up 0.1 mag, galactic plane (|b| = 3.0 deg); a low-amplitude variable; weak case without a colour or a longer baseline",58790.1000 g=17.68; 58796.1289 g=17.21; 58940.4831 g=17.67; 59014.3708 g=17.95; 59023.3365 g=17.96; 59029.2801 g=17.47; 59038.3572 r=16.13; 59044.3330 g=17.91; 59064.3123 r=15.95; 59255.5638 r=15.83; 59267.5448 r=16.06; 59282.5190 r=16.23; 59324.4822 g=18.52; 59341.4628 g=17.60; 59378.3566 g=17.97; 59396.2947 g=18.00; 59529.1277 r=16.29; 59743.3191 r=16.19; 60103.3197 g=17.98; 60389.4693 g=17.54; 60449.4189 g=17.71; 60565.2356 g=17.57; 60603.1432 g=17.28; 60619.1101 g=16.96; 60623.0958 g=17.33; 60870.2483 g=17.56; 60925.2336 g=17.38; 60927.1500 g=17.25; 61077.5651 r=15.62; 61077.5685 r=15.44; 61079.5683 r=15.15; 61097.5475 r=15.15; 61117.5274 r=15.42; 61120.4889 r=15.49; 61120.5202 g=16.96; 61123.5198 r=15.55; 61135.4619 g=17.22; 61137.4468 g=16.98; 61137.4863 r=15.23; 61145.4778 g=17.74; 61153.4242 r=15.67; 61159.4781 g=16.91; 61160.4352 r=15.27; 61160.4772 g=17.07; 61161.4539 r=15.25; ,https://fink-portal.org/ZTF19aarybaz,C
ZTF18abcjbfn,MATTHEW-GATED -- NOT REPORTED TO TNS,C,False,278.8772033,-5.3523687,1.0889056948863678,A1_cv_outburst,"outburst on a PS1 point source 0.49"" away [galactic plane]",1.08,25,17.491186,r,2459312.9141667,0.13,144,292,58940.48262730008,61276.23609950021,"PS1 source, sgscore=1.0",0.49,0.5696666,14.662,0.9422759,,AT 2026stb,3890.15,"a catalogued point source is up 0.1 mag, galactic plane (|b| = 1.1 deg); a low-amplitude variable; weak case without a colour or a longer baseline",58940.4826 g=19.33; 58963.4035 g=19.35; 58963.4434 g=19.09; 58972.4620 g=19.67; 59034.2275 g=18.46; 59037.2501 g=18.67; 59037.3587 r=16.82; 59040.2693 g=18.60; 59073.1954 r=16.84; 59073.2326 g=18.80; 59145.1276 g=18.89; 59254.5544 r=16.66; 59255.5485 r=17.63; 59255.5516 r=17.72; 59308.4634 g=19.20; 59310.4875 r=17.36; 59312.4142 r=17.49; 59312.4377 g=19.00; 59339.4031 g=19.21; 59339.4425 r=17.64; 59341.4403 r=17.37; 59341.4619 g=18.67; 59344.4417 g=18.65; 59346.4209 r=17.34; 59373.3903 r=17.65; 59373.4366 g=18.96; 59375.3649 g=18.60; 59375.4009 r=17.62; 59379.3158 g=18.67; 59385.3149 g=18.92; 59411.2962 g=18.68; 59414.2691 g=18.49; 59454.2104 g=18.77; 59488.1327 g=18.68; 59521.1156 g=18.57; 59622.5535 r=17.21; 59624.5459 r=17.54; 59698.4417 g=19.31; 59723.3970 g=19.29; 59739.3572 g=19.32; 59750.3350 r=17.57; 59797.2838 g=19.00; 59799.2117 r=17.13; 59866.1438 g=19.17; 59869.1187 g=19.02; ,https://fink-portal.org/ZTF18abcjbfn,C
ZTF20aawakdv,MATTHEW-GATED -- NOT REPORTED TO TNS,C,False,276.6342076,-5.3495497,3.071144738016736,A1_cv_outburst,"outburst on a PS1 point source 0.77"" away [galactic plane]",0.32,19,17.815733,g,2459423.8322106,-0.13,136,209,59025.315243099816,61276.23609950021,"PS1 source, sgscore=1.0",0.77,0.7930577,15.528,0.9199307,,AT 2026stb,4309.3,"a variation on a catalogued point source that is FAINTER than the source itself (-0.1 mag), galactic plane (|b| = 3.1 deg); not an outburst on this evidence -- most likely ordinary variability or a subtraction residual",59025.3152 g=18.48; 59118.2059 g=18.07; 59145.1276 g=18.59; 59377.3580 g=18.13; 59423.3322 g=17.82; 59521.1156 g=18.20; 59639.5167 r=16.52; 59673.4840 r=17.20; 59679.4837 g=18.40; 59698.4417 g=17.97; 59698.4625 r=15.67; 59723.3970 g=18.02; 59972.5696 r=16.97; 59977.5637 r=16.98; 59985.5487 r=16.46; 59985.5512 r=16.69; 59985.5538 r=16.62; 59985.5564 r=16.42; 59987.5507 r=16.80; 60016.4841 g=18.03; 60016.5031 r=16.43; 60054.4433 g=17.94; 60058.4635 g=17.53; 60060.4215 g=17.92; 60072.3981 g=17.85; 60083.4240 g=17.98; 60085.3720 g=18.21; 60091.4219 g=17.67; 60110.3575 g=17.81; 60115.3931 g=17.85; 60124.3997 g=17.60; 60124.4373 r=16.20; 60138.3735 r=16.50; 60147.3372 g=17.56; 60151.3229 g=17.72; 60163.3119 g=17.84; 60191.1906 g=17.65; 60195.1507 g=17.71; 60209.1498 g=17.69; 60209.1715 r=16.37; 60212.1908 g=17.64; 60214.1522 g=17.59; 60223.1450 g=17.61; 60223.1720 r=16.23; 60227.1505 r=15.78; ,https://fink-portal.org/ZTF20aawakdv,C
ZTF21aamxwne,MATTHEW-GATED -- NOT REPORTED TO TNS,C,False,269.1228687,14.0657749,18.4102933786556,A1_cv_outburst,"outburst on a PS1 point source 0.26"" away",0.37,17,20.539501,g,2460404.9287384,-0.2,170,175,59268.52849540021,61276.22892360017,"PS1 source, sgscore=0.99",0.26,0.27492714,19.422,0.9999874,,AT 2025amnv,1815.84,"a variation on a catalogued point source that is FAINTER than the source itself (-0.2 mag), |b| = 18.4 deg; not an outburst on this evidence -- most likely ordinary variability or a subtraction residual",59268.5285 g=20.51; 60404.4287 g=20.54; 60436.4164 g=20.21; 60444.3787 g=20.39; 60446.4028 g=20.59; 60475.3716 g=20.48; 60489.2535 g=20.50; 60555.2188 g=20.28; 60557.2051 g=20.18; 60728.5097 r=19.81; 60728.5328 g=19.76; 60730.5101 g=19.84; 60730.5333 r=19.92; 60732.5123 r=19.87; 60739.5258 g=19.73; 60757.4278 g=19.89; 60757.4905 r=19.81; 60759.4615 r=19.71; 60759.4963 g=19.84; 60772.4625 g=20.07; 60774.4474 g=19.75; 60785.3430 g=19.89; 60787.4011 g=20.13; 60789.4006 r=20.01; 60789.4585 g=20.06; 60795.3712 g=20.01; 60795.3819 r=20.05; 60797.4202 r=19.92; 60802.4647 r=19.96; 60816.3607 g=19.95; 60818.3580 g=20.00; 60818.4103 r=19.92; 60820.3583 g=19.97; 60820.3997 r=19.82; 60824.3384 r=19.96; 60824.4058 g=19.87; 60832.4365 r=20.00; 60849.2159 g=19.92; 60849.2747 r=19.76; 60851.2801 r=19.88; 60855.2559 g=19.80; 60855.3175 r=19.90; 60863.2305 g=19.76; 60869.1924 g=20.14; 60876.2200 g=20.22; ,https://fink-portal.org/ZTF21aamxwne,C
ZTF20aarepnp,MATTHEW-GATED -- NOT REPORTED TO TNS,C,False,260.6188823,10.4166928,24.440637746677048,A1_cv_outburst,"outburst on a PS1 point source 0.53"" away",0.31,38,18.54188,g,2458915.985162,-0.27,1109,1233,58912.4848495,61276.227037,"PS1 source, sgscore=1.0",0.53,0.5976046,16.746,0.9995717,,AT 2026xmf,3750.49,"a variation on a catalogued point source that is FAINTER than the source itself (-0.3 mag), |b| = 24.4 deg; not an outburst on this evidence -- most likely ordinary variability or a subtraction residual",58912.4848 r=17.77; 58915.4852 g=18.54; 58936.4989 g=18.42; 58936.5052 r=17.74; 58943.4349 g=18.29; 58943.4419 g=18.19; 58943.4819 r=17.64; 58956.4607 g=18.19; 58961.3951 g=18.37; 58961.4566 r=17.71; 58963.4779 g=18.33; 58964.3801 g=18.35; 58964.3820 g=18.42; 58970.4152 r=17.77; 58970.4368 r=17.74; 58970.4626 g=18.44; 58973.4614 g=18.32; 58973.4618 g=18.29; 58979.4310 g=18.31; 58979.4315 g=18.34; 58987.3384 r=17.88; 58987.4036 g=18.28; 58987.4055 g=18.49; 58991.2717 r=17.97; 58992.3393 g=18.38; 58995.3183 g=18.42; 58998.3324 r=17.75; 58998.3612 g=18.37; 59000.3284 r=17.59; 59005.2129 g=18.49; 59008.3061 g=18.48; 59008.3071 g=18.37; 59011.2973 g=18.47; 59011.3187 r=17.75; 59014.2554 r=18.00; 59014.3525 g=18.40; 59014.3530 g=18.46; 59017.2763 r=17.85; 59017.2988 g=18.51; 59017.2997 g=18.43; 59020.2296 g=18.47; 59020.2747 r=17.94; 59020.3657 g=18.36; 59023.3193 g=18.54; 59029.2522 g=18.59; ,https://fink-portal.org/ZTF20aarepnp,C
ZTF19aadtsew,MATTHEW-GATED -- NOT REPORTED TO TNS,C,True,249.4476035,3.6857508,31.22325706037304,A1_cv_outburst,"outburst on a PS1 point source 0.73"" away",0.26,10,17.055069,g,2459626.0083681,-0.32,142,188,58917.3980556,61276.226088,"PS1 source, sgscore=0.99",0.73,0.5651522,14.354,0.99009657,,SN 2026web,3432.87,"a variation on a catalogued point source that is FAINTER than the source itself (-0.3 mag), |b| = 31.2 deg; not an outburst on this evidence -- most likely ordinary variability or a subtraction residual",58917.3981 g=15.68; 59355.4089 g=18.01; 59486.1315 g=17.43; 59625.5084 g=17.06; 59628.5048 g=17.22; 59637.4510 r=17.16; 59639.5206 r=17.13; 59685.3956 g=17.78; 59696.3423 g=17.81; 59698.4368 g=17.06; 59972.5406 g=16.88; 59985.5184 g=16.79; 59996.5249 g=16.52; 60030.5054 g=16.56; 60053.4673 g=17.18; 60059.3711 g=16.89; 60063.4557 g=17.02; 60067.4448 g=17.04; 60085.3574 g=16.66; 60089.3055 g=16.82; 60116.3172 g=16.66; 60118.2692 g=17.06; 60126.3947 g=16.92; 60159.2903 g=16.89; 60163.3072 g=16.77; 60182.2119 g=16.62; 60209.1402 g=16.63; 60306.5742 r=15.60; 60307.5678 r=15.75; 60307.5703 r=15.65; 60354.5064 g=16.38; 60356.5048 g=16.25; 60368.5165 r=16.49; 60383.4251 r=16.20; 60389.4418 g=16.27; 60391.4422 r=16.35; 60396.4565 r=16.22; 60398.4269 r=16.33; 60398.4846 g=16.30; 60404.4011 g=16.24; 60408.4622 g=16.14; 60414.4795 g=16.49; 60423.3844 g=16.22; 60436.4379 g=16.49; 60470.2321 g=16.18; ,https://fink-portal.org/ZTF19aadtsew,C
ZTF23aagepgc,MATTHEW-GATED -- NOT REPORTED TO TNS,C,False,269.6772505,11.1878119,16.712913470358743,A1_cv_outburst,"outburst on a PS1 point source 0.42"" away",0.4,30,20.397348,r,2460120.8608565,-0.35,226,230,60089.3818171001,61276.22892360017,"PS1 source, sgscore=0.98",0.42,0.36416063,19.178,0.9997163,,AT 2026xqr,3891.55,"a variation on a catalogued point source that is FAINTER than the source itself (-0.3 mag), |b| = 16.7 deg; not an outburst on this evidence -- most likely ordinary variability or a subtraction residual",60089.3818 r=20.37; 60120.3609 r=20.40; 60140.2698 r=20.22; 60145.2977 r=20.20; 60187.2131 r=19.61; 60195.2144 r=20.15; 60404.4287 g=20.37; 60404.4841 r=20.03; 60408.4449 r=20.05; 60432.4630 r=20.08; 60436.4164 g=20.16; 60436.4741 r=20.09; 60437.4001 r=20.20; 60437.4643 g=20.37; 60438.3980 r=20.08; 60438.4508 g=20.22; 60440.4404 g=20.25; 60444.4190 r=20.04; 60446.4028 g=20.38; 60446.4439 r=19.95; 60475.3172 r=19.96; 60475.3716 g=20.34; 60477.3367 r=20.13; 60477.3963 g=20.24; 60489.3698 r=19.98; 60491.2941 g=20.24; 60491.3938 r=20.04; 60501.3169 r=19.93; 60505.2863 r=20.07; 60505.3536 g=20.42; 60516.2116 r=20.06; 60520.2546 r=20.19; 60520.3005 g=20.44; 60525.2692 r=20.02; 60527.2353 r=19.99; 60529.2278 g=20.43; 60537.2289 r=20.02; 60549.2224 r=19.93; 60551.2162 r=20.21; 60555.1715 r=20.07; 60567.1700 r=19.85; 60576.1703 r=20.04; 60725.4922 r=19.84; 60757.4905 r=20.10; 60772.4625 g=20.46; ,https://fink-portal.org/ZTF23aagepgc,C
ZTF19abbuwnp,MATTHEW-GATED -- NOT REPORTED TO TNS,C,False,275.46189,8.472068,10.399923594735402,A1_cv_outburst,"outburst on a PS1 point source 0.05"" away [galactic plane]",0.47,18,20.074972,g,2459438.7130324,-0.4,259,283,59399.29952549981,61276.23200230021,"PS1 source, sgscore=0.98",0.05,0.07087829,18.267,0.99997616,,AT 2026asv,1155.72,"a variation on a catalogued point source that is FAINTER than the source itself (-0.4 mag), galactic plane (|b| = 10.4 deg); not an outburst on this evidence -- most likely ordinary variability or a subtraction residual",59399.2995 g=20.27; 59438.2130 g=20.07; 59487.1529 r=19.24; 59491.1457 g=19.84; 59497.1778 r=19.14; 59525.1449 r=19.13; 59527.1118 r=19.31; 59531.1040 r=18.86; 59600.5680 r=19.05; 59622.5426 r=19.05; 59641.5110 g=19.68; 59673.4850 r=19.05; 59675.4574 r=19.01; 59675.4903 g=19.80; 59677.4430 r=18.95; 59677.4838 g=19.67; 59679.4688 r=18.87; 59683.4234 r=19.02; 59694.4643 r=18.84; 59696.4608 r=18.87; 59698.4422 g=19.60; 59698.4629 r=19.01; 59700.4212 r=18.90; 59700.4525 g=19.76; 59708.4417 r=18.94; 59710.4001 r=18.93; 59710.4400 g=19.75; 59712.4023 r=18.95; 59718.4121 r=19.00; 59721.4160 r=19.09; 59723.3510 r=19.14; 59723.3994 g=19.75; 59725.3734 g=19.78; 59727.4208 g=19.88; 59731.3753 r=19.00; 59731.3788 g=19.83; 59733.3319 g=19.78; 59733.3397 r=18.94; 59735.3791 r=19.04; 59735.4341 g=19.66; 59739.3789 g=19.77; 59743.3200 r=18.93; 59748.2749 g=19.59; 59748.3370 r=18.94; 59750.3359 r=18.91; ,https://fink-portal.org/ZTF19abbuwnp,C
ZTF18abeaikl,MATTHEW-GATED -- NOT REPORTED TO TNS,C,True,245.7119925,5.598701,35.40541561086459,A1_cv_outburst,"outburst on a PS1 point source 0.48"" away",0.27,34,19.865051,g,2458963.9215278,-0.45,254,381,58963.39844910009,61276.226088,"PS1 source, sgscore=0.84",0.48,0.49711367,17.775,0.99958855,,AT 2025vij,3723.14,"a variation on a catalogued point source that is FAINTER than the source itself (-0.5 mag), |b| = 35.4 deg; not an outburst on this evidence -- most likely ordinary variability or a subtraction residual",58963.3984 g=19.95; 58963.4215 g=19.87; 58981.4043 r=19.36; 59009.3608 r=19.40; 59232.5444 g=19.12; 59249.5253 g=19.16; 59253.5066 r=19.60; 59253.5432 g=19.20; 59267.5270 g=19.31; 59269.4998 g=19.37; 59278.5230 g=19.27; 59291.4855 g=19.39; 59375.3802 r=20.07; 59402.2553 r=19.34; 59410.2330 r=19.20; 59412.3744 r=19.07; 59430.1917 g=20.04; 59450.1587 r=19.36; 59460.2088 r=19.26; 59464.2276 r=19.25; 59673.3778 r=19.50; 59693.3323 r=19.54; 59696.4441 r=19.39; 59708.4223 r=19.55; 59710.4366 g=19.80; 59714.3577 r=19.03; 59719.3585 r=19.03; 59723.3324 r=19.10; 59723.3745 g=19.59; 59725.3174 r=19.18; 59725.3392 g=19.58; 59734.2709 r=19.43; 59738.2916 r=19.36; 59806.1792 g=19.62; 59810.1974 g=19.50; 59818.2078 g=19.32; 59823.2069 g=19.30; 59837.1426 g=19.38; 59842.1407 g=19.35; 59848.1346 g=19.48; 59972.5406 g=19.03; 59985.5184 g=18.88; 59993.4625 g=18.87; 59996.5210 r=19.49; 59996.5249 g=18.95; ,https://fink-portal.org/ZTF18abeaikl,C
ZTF20acpbjsv,MATTHEW-GATED -- NOT REPORTED TO TNS,C,False,267.1905696,3.4586877,15.511833295608456,A1_cv_outburst,"outburst on a PS1 point source 0.45"" away",0.33,16,20.048716,r,2459314.9616551,-0.5,129,130,59232.56178240013,61276.22844910016,"PS1 source, sgscore=0.98",0.45,0.47427678,18.81,0.9999999,,AT 2026nfr,2139.5,"a variation on a catalogued point source that is FAINTER than the source itself (-0.5 mag), |b| = 15.5 deg; not an outburst on this evidence -- most likely ordinary variability or a subtraction residual",59232.5618 r=19.72; 59232.5691 r=19.69; 59314.4617 r=20.05; 59316.4828 r=19.93; 59363.3871 r=19.73; 59366.3744 r=20.05; 59378.3151 r=19.89; 59380.3563 r=19.76; 59382.3528 r=20.02; 59394.3184 r=19.67; 59399.3421 r=20.24; 59401.3323 r=20.10; 59436.2264 r=19.95; 59439.2132 r=19.86; 59452.1915 r=20.03; 59454.2886 r=19.72; 59460.2142 r=19.76; 59462.1908 r=19.82; 59466.1661 r=20.06; 59487.1313 r=19.63; 59491.1497 r=19.68; 59504.1177 r=19.52; 59675.4238 r=19.76; 59679.4664 r=19.84; 59693.4154 r=19.57; 59708.4195 r=19.90; 59710.3802 r=19.78; 59723.3300 r=19.84; 59725.4155 r=19.74; 59730.3986 r=20.15; 59732.3821 r=20.30; 59756.3712 r=19.71; 59760.3104 r=19.73; 59764.3112 r=20.20; 59784.2735 r=19.87; 59788.2731 r=19.76; 59807.2793 r=19.99; 59850.1342 r=19.87; 59873.1324 r=19.69; 60045.4431 r=19.93; 60054.3993 r=19.88; 60056.4620 r=19.85; 60058.4195 r=19.81; 60060.4598 r=19.84; 60062.4616 r=20.10; ,https://fink-portal.org/ZTF20acpbjsv,C
ZTF23abiabmy,MATTHEW-GATED -- NOT REPORTED TO TNS,C,False,291.0073048,-5.0566258,-9.545770723395265,A1_cv_outburst,"outburst on a PS1 point source 0.34"" away [galactic plane]",0.39,14,18.662127,g,2460231.7033796,-0.72,132,140,60222.19072919991,61276.23516200017,"PS1 source, sgscore=0.91",0.34,0.41470733,16.383,0.99993086,,AT 2026haz,1628.65,"a variation on a catalogued point source that is FAINTER than the source itself (-0.7 mag), galactic plane (|b| = 9.5 deg); not an outburst on this evidence -- most likely ordinary variability or a subtraction residual",60222.1907 g=18.77; 60231.2034 g=18.66; 60233.1981 g=19.02; 60251.1098 g=18.88; 60268.1347 r=17.78; 60424.4597 g=18.86; 60433.4649 g=18.38; 60446.4183 g=18.53; 60448.4392 g=18.49; 60457.4180 g=19.17; 60463.4001 r=17.73; 60463.4406 g=18.45; 60476.3769 g=18.34; 60479.3977 g=18.54; 60491.3952 r=18.04; 60491.4230 g=18.43; 60501.3286 r=17.67; 60508.3161 r=17.59; 60510.4166 g=18.24; 60516.3195 g=18.36; 60519.2683 g=18.29; 60521.2951 r=17.78; 60524.3390 g=18.24; 60531.2980 g=18.53; 60535.2684 r=17.52; 60535.2949 g=18.43; 60537.3727 g=18.33; 60543.2534 r=17.76; 60545.2062 g=18.42; 60545.2318 r=17.71; 60551.2119 r=17.51; 60559.1721 g=18.43; 60561.2351 g=18.32; 60565.2352 g=18.31; 60571.1917 r=17.78; 60579.2742 g=18.35; 60591.1632 g=18.34; 60595.1717 r=17.69; 60597.1874 g=18.16; 60604.1300 g=18.36; 60608.1489 r=17.58; 60619.1348 r=17.69; 60621.0920 r=17.44; 60625.1076 r=17.41; 60627.1069 r=17.32; ,https://fink-portal.org/ZTF23abiabmy,C
ZTF18abdjpfo,MATTHEW-GATED -- NOT REPORTED TO TNS,C,False,273.6889447,8.2368118,11.870702072618718,A1_cv_outburst,"outburst on a PS1 point source 0.35"" away [galactic plane]",1.19,74,17.947998,r,2458972.937662,-0.8,1319,1602,58970.43636569986,61276.26185189979,"PS1 source, sgscore=0.99",0.35,0.39779654,16.019001,0.99310976,,AT 2026uao,1397.6,"a variation on a catalogued point source that is FAINTER than the source itself (-0.8 mag), galactic plane (|b| = 11.9 deg); not an outburst on this evidence -- most likely ordinary variability or a subtraction residual",58970.4364 r=18.07; 58970.4417 g=19.32; 58972.4377 r=17.95; 58975.4317 r=18.40; 58986.4600 r=17.81; 58992.3416 g=18.98; 59008.3350 r=17.72; 59011.2977 g=19.10; 59011.2982 g=18.92; 59011.3390 r=17.52; 59014.2582 r=17.90; 59014.2587 r=18.22; 59027.2243 g=19.23; 59027.2748 r=17.93; 59029.2806 g=18.76; 59034.3345 r=17.82; 59037.3592 r=18.22; 59047.2520 g=19.06; 59047.3180 r=17.99; 59048.2441 r=17.85; 59051.2956 g=18.51; 59051.2961 g=18.69; 59051.3408 r=17.38; 59051.3413 r=17.50; 59054.2919 g=19.00; 59054.3545 r=17.81; 59057.2543 g=19.56; 59057.3190 r=18.16; 59057.3195 r=18.55; 59067.2887 r=18.06; 59069.1695 g=18.84; 59069.2105 r=17.72; 59070.1905 r=17.51; 59072.2087 r=17.49; 59072.2505 g=18.72; 59073.1959 r=17.42; 59073.2331 g=18.66; 59075.2122 r=17.99; 59094.2021 g=18.77; 59094.2741 r=17.58; 59094.2906 r=17.78; 59114.1706 r=17.48; 59114.1942 g=18.88; 59115.1493 r=17.49; 59115.1502 r=17.76; ,https://fink-portal.org/ZTF18abdjpfo,C
ZTF20acxmvxu,MATTHEW-GATED -- NOT REPORTED TO TNS,C,False,310.4554747,-1.2253218,-24.956459998345142,A1_cv_outburst,"outburst on a PS1 point source 0.23"" away",0.67,30,18.976135,r,2459889.6927431,-0.81,222,239,59400.377696800046,61276.36247690022,"PS1 source, sgscore=0.98",0.23,0.27766743,16.616,0.99369586,,AT 2026vdq,96.54,"a variation on a catalogued point source that is FAINTER than the source itself (-0.8 mag), |b| = 25.0 deg; not an outburst on this evidence -- most likely ordinary variability or a subtraction residual",59400.3777 g=19.89; 59825.3337 r=19.42; 59889.1927 r=18.98; 60203.2566 g=19.66; 60223.1475 g=19.77; 60233.1185 g=20.01; 60233.1515 r=19.41; 60235.1505 g=19.53; 60253.1914 g=19.41; 60260.1081 r=19.33; 60262.1694 g=19.35; 60447.4585 g=19.48; 60452.4032 r=18.74; 60461.4158 r=18.84; 60461.4363 g=19.43; 60476.4188 g=19.32; 60476.4578 r=18.89; 60491.4149 r=19.25; 60491.4579 g=19.61; 60526.3150 g=19.69; 60532.2922 g=19.72; 60533.2924 g=19.51; 60535.3154 g=19.56; 60547.3097 g=19.48; 60549.2750 g=19.95; 60559.2870 g=19.63; 60565.2859 r=18.96; 60579.2733 g=19.48; 60579.3400 r=19.16; 60591.1685 g=19.52; 60597.1848 r=19.03; 60604.1381 g=19.55; 60606.1704 g=19.47; 60614.2346 g=19.64; 60618.1069 g=19.50; 60626.1321 r=18.77; 60628.1297 r=19.01; 60634.1298 g=19.81; 60635.1220 g=19.51; 60635.1635 r=18.95; 60637.0906 g=19.82; 60653.0957 r=18.75; 60744.5409 r=19.17; 60750.5303 r=18.73; 60750.5322 r=18.81; ,https://fink-portal.org/ZTF20acxmvxu,C
ZTF19abrqdjs,MATTHEW-GATED -- NOT REPORTED TO TNS,C,True,293.8134571,-3.4196715,-11.30395439695931,A1_cv_outburst,"outburst on a PS1 point source 0.51"" away [galactic plane]",0.29,22,18.654444,g,2460085.8797569,-0.81,136,145,59016.3587962999,61276.23516200017,"PS1 source, sgscore=0.99",0.51,0.6088997,15.618,0.99422085,,AT 2025wcx,3885.04,"a variation on a catalogued point source that is FAINTER than the source itself (-0.8 mag), galactic plane (|b| = 11.3 deg); not an outburst on this evidence -- most likely ordinary variability or a subtraction residual",59016.3588 g=18.58; 59039.3387 g=19.09; 60036.5016 g=18.44; 60085.3798 g=18.65; 60222.1907 g=18.43; 60249.1114 g=18.42; 60398.4727 r=17.91; 60489.4230 g=18.50; 60591.1632 g=18.23; 60604.1300 g=18.45; 60621.0920 r=18.01; 60623.0932 g=17.99; 60632.1419 g=18.03; 60728.5444 r=17.57; 60729.5538 r=18.03; 60761.5119 g=17.92; 60787.4519 g=17.99; 60795.4663 g=17.87; 60797.4530 g=17.94; 60802.4518 g=17.86; 60805.4216 r=17.38; 60805.4590 g=17.89; 60807.4986 g=17.95; 60814.3990 r=17.49; 60814.4576 g=17.90; 60817.3717 g=17.83; 60819.4360 g=17.93; 60821.3576 r=17.16; 60826.4145 g=17.87; 60832.3983 g=17.97; 60832.4582 r=17.61; 60836.4403 g=17.78; 60843.3197 g=17.90; 60845.3770 g=17.87; 60847.3207 r=17.56; 60847.3966 g=17.92; 60849.3991 g=17.79; 60854.4418 g=17.76; 60858.3732 g=17.86; 60858.4226 r=17.62; 60860.4052 g=17.91; 60862.4148 g=17.79; 60866.2318 g=18.14; 60870.2478 g=18.10; 60875.3278 g=17.88; ,https://fink-portal.org/ZTF19abrqdjs,C
ZTF21aapnhfv,MATTHEW-GATED -- NOT REPORTED TO TNS,C,False,302.5905076,0.9386051,-17.034931276953117,A1_cv_outburst,"outburst on a PS1 point source 0.55"" away",0.73,24,19.849903,g,2459440.7541435,-1.27,2,88,59290.52704859991,61276.35826390004,"PS1 source, sgscore=0.98",0.55,0.45803824,17.219,0.99855816,,AT 2026efp,2424.34,"a variation on a catalogued point source that is FAINTER than the source itself (-1.3 mag), |b| = 17.0 deg; not an outburst on this evidence -- most likely ordinary variability or a subtraction residual",59290.5270 r=19.19; 59440.2541 g=19.85; 60941.2041 r=18.82; 60941.2070 r=18.72; 60965.1454 r=18.81; 60972.1080 g=19.47; 60972.1436 g=19.53; 60972.1691 r=18.82; 61094.5564 r=18.78; 61097.5532 r=18.86; 61153.4864 g=19.53; 61154.4515 g=19.29; 61161.4469 r=18.60; 61161.4819 g=19.22; 61168.4524 g=19.14; 61174.4507 r=18.89; 61174.4658 g=19.45; 61175.4324 g=19.30; 61175.4329 g=19.30; 61175.4564 r=18.94; 61181.4240 r=18.74; 61181.4245 r=18.79; 61181.4487 g=19.23; 61182.4365 r=18.97; 61184.4294 g=19.34; 61184.4299 g=19.40; 61185.4371 g=19.26; 61185.4376 g=19.12; 61185.4690 r=18.53; 61191.3956 r=18.82; 61191.4412 g=19.07; 61192.3603 r=18.79; 61192.4359 g=19.08; 61195.3595 r=18.57; 61195.3892 r=18.50; 61198.3848 r=18.83; 61198.3853 r=18.72; 61199.4031 r=18.90; 61199.4222 g=19.35; 61201.4206 g=19.38; 61202.3986 g=19.23; 61202.4225 g=19.30; 61202.4572 r=18.48; 61205.4165 r=18.67; 61205.4412 g=19.04; ,https://fink-portal.org/ZTF21aapnhfv,C
ZTF19abiiveh,MATTHEW-GATED -- NOT REPORTED TO TNS,C,False,247.4588209,2.4352204,32.30802623226146,A1_cv_outburst,"outburst on a PS1 point source 0.43"" away",0.33,6,19.166908,g,2461158.9603125,-1.28,5,38,58954.39975690004,61276.226088,"PS1 source, sgscore=1.0",0.43,0.34950152,17.352001,0.9999436,,SN 2025acgf,729.77,"a variation on a catalogued point source that is FAINTER than the source itself (-1.3 mag), |b| = 32.3 deg; not an outburst on this evidence -- most likely ordinary variability or a subtraction residual",58954.3998 g=20.12; 59009.2720 g=20.00; 59232.5086 r=19.09; 59282.5054 r=18.87; 59322.2758 r=18.69; 59322.4202 g=19.72; 59345.3421 r=18.87; 59345.3946 g=19.44; 59353.3140 r=18.99; 59369.3729 g=19.71; 59377.3362 g=19.53; 59427.2136 r=18.96; 59435.2061 g=19.77; 59677.4790 g=20.03; 59730.3591 g=20.26; 61099.5241 g=20.13; 61114.5171 r=19.17; 61115.5043 g=19.99; 61144.4114 g=19.88; 61147.4145 g=19.66; 61147.4584 r=18.71; 61154.4255 g=20.32; 61155.4203 g=19.68; 61158.4603 g=19.17; 61167.3388 g=19.51; 61174.3950 g=19.61; 61195.3542 r=18.88; 61204.3541 g=19.95; 61211.2745 g=20.00; 61212.1960 r=18.95; 61212.2864 g=19.66; 61228.2341 g=19.64; 61237.1936 g=19.91; 61244.2184 g=19.72; 61260.1842 g=19.59; 61268.2289 g=19.67; 61271.2244 g=19.73; 61276.2261 r=18.63,https://fink-portal.org/ZTF19abiiveh,C
ZTF18abbslas,MATTHEW-GATED -- NOT REPORTED TO TNS,C,False,287.5538787,4.6860544,-2.0253744217061262,A1_cv_outburst,"outburst on a PS1 point source 0.32"" away [galactic plane]",1.36,15,15.098709,r,2461117.0283218,-1.33,7,331,58955.44309030008,61276.23468750017,"PS1 source, sgscore=1.0",0.32,0.27179322,13.686,0.9880558,,AT 2026hoq,442.24,"a variation on a catalogued point source that is FAINTER than the source itself (-1.3 mag), galactic plane (|b| = 2.0 deg); not an outburst on this evidence -- most likely ordinary variability or a subtraction residual",58955.4431 r=16.47; 58955.4782 g=17.62; 58972.4362 r=15.85; 58995.3372 g=17.13; 58995.4584 r=16.01; 58998.4609 r=15.87; 59001.3971 g=17.44; 59019.2739 g=16.93; 59022.2708 r=15.85; 59022.3751 g=16.85; 59025.3177 g=17.20; 59025.3733 r=16.03; 59028.3553 g=18.08; 59070.3008 r=15.85; 59070.3190 g=17.15; 59073.3001 r=15.95; 59123.2545 r=15.90; 59125.1705 g=17.43; 59146.1071 r=15.30; 59171.0834 r=15.78; 59248.5646 r=15.83; 59248.5670 r=15.98; 59248.5694 r=15.81; 59248.5718 r=15.79; 59249.5658 r=16.16; 59249.5706 r=15.83; 59250.5656 r=15.91; 59258.5618 r=15.13; 59258.5666 r=15.37; 59268.5413 r=16.67; 59268.5443 r=16.44; 59269.5388 r=16.18; 59269.5418 r=16.15; 59269.5479 r=16.27; 59270.5396 r=15.88; 59270.5456 r=16.08; 59270.5487 r=15.97; 59270.5517 r=16.01; 59295.5144 r=16.18; 59310.4653 g=17.96; 59317.4822 g=17.65; 59320.4435 g=17.03; 59322.4576 g=16.98; 59322.4811 r=15.82; 59324.4832 g=17.03; ,https://fink-portal.org/ZTF18abbslas,C
ZTF19aauabwo,MATTHEW-GATED -- NOT REPORTED TO TNS,C,False,264.6909312,5.1380813,18.49556984340773,A1_cv_outburst,"outburst on a PS1 point source 0.36"" away",0.43,21,18.826845,r,2460538.7490972,-1.37,94,113,59480.18744210014,61276.22844910016,"PS1 source, sgscore=1.0",0.36,0.30268753,16.525,0.99746054,,AT 2026jcv,770.8,"a variation on a catalogued point source that is FAINTER than the source itself (-1.4 mag), |b| = 18.5 deg; not an outburst on this evidence -- most likely ordinary variability or a subtraction residual",59480.1874 r=19.28; 60233.1289 r=18.72; 60527.2358 r=19.20; 60538.2491 r=18.83; 60552.2740 g=19.48; 60679.5749 r=17.93; 60692.5609 r=18.44; 60692.5696 r=18.60; 60833.3779 r=19.05; 60944.1623 g=19.93; 61097.5427 r=18.52; 61105.4473 r=18.59; 61106.4813 r=18.31; 61114.5233 r=18.56; 61117.4300 r=18.59; 61117.5085 g=19.32; 61119.4520 g=19.58; 61119.4931 r=18.79; 61134.4149 r=18.44; 61139.4360 g=19.42; 61140.4350 g=19.21; 61140.4625 r=18.40; 61145.4497 r=18.28; 61145.4657 g=19.13; 61148.4766 g=19.13; 61154.4415 g=19.18; 61158.4796 g=19.47; 61159.4560 g=19.16; 61162.4570 r=18.23; 61167.3564 g=19.20; 61167.4626 r=18.23; 61168.3899 r=18.33; 61168.4585 g=19.01; 61169.3822 g=19.64; 61170.3525 g=19.13; 61173.3626 g=19.15; 61173.4411 r=18.25; 61174.4168 g=19.42; 61175.4123 g=19.54; 61176.4017 r=18.38; 61179.3398 g=19.16; 61179.4255 r=18.37; 61181.3748 g=19.30; 61181.4129 r=18.59; 61182.3778 g=19.22; ,https://fink-portal.org/ZTF19aauabwo,C
ZTF22aaolizp,MATTHEW-GATED -- NOT REPORTED TO TNS,C,False,278.8511607,3.8145966,5.302224578562515,A1_cv_outburst,"outburst on a PS1 point source 0.43"" away [galactic plane]",0.49,23,19.28296,r,2460183.6901505,-1.42,88,94,59748.33749999991,61276.261377300136,"PS1 source, sgscore=0.97",0.43,0.582965,17.41,0.99820864,,AT 2026npj,3335.11,"a variation on a catalogued point source that is FAINTER than the source itself (-1.4 mag), galactic plane (|b| = 5.3 deg); not an outburst on this evidence -- most likely ordinary variability or a subtraction residual",59748.3375 r=19.59; 60183.1902 r=19.28; 60234.1319 r=19.32; 60238.1226 r=19.39; 60423.4572 r=19.31; 60445.3403 r=19.38; 60491.3947 r=19.45; 60499.2945 r=19.52; 60508.3053 r=19.23; 60708.5649 r=19.31; 60750.4994 r=19.20; 60758.5030 r=19.26; 60789.4217 r=19.28; 60797.4207 r=19.12; 60804.4820 r=19.25; 60822.4399 g=20.49; 60832.4549 r=19.39; 60834.3395 r=19.37; 60843.2564 r=19.22; 60847.3203 r=19.32; 60851.2806 r=19.33; 60851.3380 r=19.21; 60861.3375 r=19.31; 60863.3338 r=19.26; 60869.3016 r=19.08; 60876.2561 r=19.18; 60882.2649 r=19.22; 60886.2175 r=19.19; 60888.3065 r=19.56; 60890.1785 r=19.22; 60910.2630 r=19.25; 60919.2076 r=19.09; 60929.2274 r=19.21; 60932.1975 r=19.22; 61078.5646 r=19.20; 61094.5514 r=19.12; 61111.5312 r=19.30; 61113.5292 r=19.52; 61114.5294 r=18.97; 61122.4459 r=19.28; 61123.4793 r=19.10; 61124.4493 r=19.17; 61127.5119 r=19.11; 61135.4361 r=19.12; 61137.4868 r=19.09; ,https://fink-portal.org/ZTF22aaolizp,C
ZTF18abifvxf,MATTHEW-GATED -- NOT REPORTED TO TNS,C,False,277.5845235,-5.198966,2.301959812294027,A1_cv_outburst,"outburst on a PS1 point source 0.35"" away [galactic plane]",,1,18.432074,r,2459521.6456829,-1.42,6,74,58981.4322106,61276.22991900006,"PS1 source, sgscore=0.54",0.35,0.33208722,16.352,0.99933404,,AT 2026stb,1587.63,"a variation on a catalogued point source that is FAINTER than the source itself (-1.4 mag), galactic plane (|b| = 2.3 deg); not an outburst on this evidence -- most likely ordinary variability or a subtraction residual",58981.4322 r=18.71; 59157.0781 r=18.62; 59407.3162 r=18.77; 59521.1457 r=18.43; 59621.5457 r=18.42; 59621.5509 r=18.40; 59622.5458 r=18.20; 59622.5484 r=18.19; 59624.5459 r=18.33; 59624.5536 r=18.40; 59624.5562 r=18.42; 59755.3366 r=18.69; 60085.4028 r=18.53; 60112.3788 r=18.33; 60120.3594 r=18.79; 60136.3125 r=18.68; 60155.3155 r=18.44; 60212.1702 r=18.48; 60221.1449 r=18.35; 60245.1528 r=18.66; 60353.5504 r=18.77; 60391.4455 r=18.45; 60396.4647 r=18.16; 60398.4708 r=18.29; 60420.3997 r=18.49; 60441.4195 r=18.34; 60443.3783 r=18.12; 60445.3379 r=18.08; 60449.3558 r=18.09; 60451.3755 r=17.98; 60455.3933 r=18.15; 60460.3772 r=18.70; 60473.3579 r=18.60; 60479.3370 r=18.65; 60483.3157 r=18.29; 60490.2721 r=18.22; 60499.2949 r=18.47; 60508.2979 r=18.36; 60510.2955 r=18.01; 60514.2981 r=17.78; 60516.2603 r=18.09; 60518.3214 r=18.11; 60520.2522 r=18.50; 60537.2686 r=18.33; 60539.3247 r=18.12; ,https://fink-portal.org/ZTF18abifvxf,C
ZTF18ablpbnm,MATTHEW-GATED -- NOT REPORTED TO TNS,C,False,276.6369282,-5.4415244,3.026097005675004,A1_cv_outburst,"outburst on a PS1 point source 0.41"" away [galactic plane]",1.16,16,17.60872,r,2459341.9403009,-1.46,4,159,58955.4421759001,61276.22991900006,"PS1 source, sgscore=0.5",0.41,0.38833413,15.32,0.9999999,,AT 2026stb,4249.22,"a variation on a catalogued point source that is FAINTER than the source itself (-1.5 mag), galactic plane (|b| = 3.0 deg); not an outburst on this evidence -- most likely ordinary variability or a subtraction residual",58955.4422 r=17.32; 58955.4791 g=19.74; 58981.4322 r=17.36; 59022.3378 g=19.85; 59025.3152 g=19.81; 59028.2515 r=17.44; 59046.3806 r=17.11; 59049.2946 g=19.91; 59049.3372 r=17.19; 59052.2959 g=20.12; 59055.2964 g=20.28; 59064.3114 r=17.42; 59067.2901 r=17.45; 59157.0781 r=17.64; 59248.5737 r=17.92; 59254.5573 r=17.28; 59255.5577 r=17.51; 59306.4977 r=17.35; 59317.4812 g=20.02; 59329.4368 r=17.05; 59341.4403 r=17.61; 59344.4189 r=17.99; 59356.3979 r=17.72; 59366.3336 g=20.42; 59370.3712 r=17.34; 59373.3903 r=17.69; 59391.2950 r=17.74; 59434.2083 r=17.62; 59452.1846 g=20.19; 59458.1700 g=19.81; 59458.2107 r=17.09; 59460.2119 r=17.06; 59462.2128 r=17.14; 59464.2756 r=17.18; 59470.1493 r=18.07; 59483.1549 r=17.81; 59502.1702 r=17.64; 59639.5167 r=17.75; 59673.4840 r=17.82; 59675.4889 g=20.06; 59677.4580 r=17.38; 59683.4225 r=17.86; 59701.3984 g=20.17; 59701.4572 g=20.18; 59748.3361 r=17.55; ,https://fink-portal.org/ZTF18ablpbnm,C
ZTF22abwkjwg,MATTHEW-GATED -- NOT REPORTED TO TNS,C,False,283.1083376,10.0183962,4.331004424885983,A1_cv_outburst,"outburst on a PS1 point source 0.25"" away [galactic plane]",0.31,5,18.791489,r,2460245.65375,-1.48,129,160,59977.56515049981,61276.231527800206,"PS1 source, sgscore=1.0",0.25,0.24150752,16.792,0.99905014,,AT 2026pyp,8161.52,"a variation on a catalogued point source that is FAINTER than the source itself (-1.5 mag), galactic plane (|b| = 4.3 deg); not an outburst on this evidence -- most likely ordinary variability or a subtraction residual",59977.5652 r=18.82; 60245.1538 r=18.79; 60251.1647 r=18.82; 60354.5502 r=18.77; 60396.4848 r=18.84; 60404.4884 r=18.89; 60450.3998 r=18.70; 60463.4006 r=18.74; 60495.2480 r=19.10; 60495.2541 r=19.04; 60495.2626 r=18.80; 60495.2631 r=18.97; 60495.2805 r=19.00; 60495.2895 r=18.91; 60495.2899 r=18.93; 60495.2904 r=18.85; 60495.2909 r=19.04; 60495.2914 r=18.82; 60495.2918 r=18.93; 60495.2932 r=18.71; 60495.2942 r=18.86; 60495.2980 r=18.87; 60495.2984 r=18.98; 60495.3017 r=18.85; 60495.3022 r=18.87; 60495.3045 r=18.90; 60495.3064 r=18.84; 60495.3069 r=18.87; 60495.3092 r=18.95; 60495.3097 r=18.98; 60495.3121 r=18.91; 60495.3140 r=18.90; 60495.3144 r=19.01; 60495.3158 r=18.91; 60495.3163 r=18.85; 60495.3168 r=18.83; 60495.3201 r=18.83; 60495.3215 r=18.87; 60495.3220 r=18.89; 60495.3224 r=18.75; 60495.3229 r=18.88; 60495.3272 r=18.85; 60495.3290 r=18.97; 60495.3295 r=18.84; 60495.3300 r=18.83; ,https://fink-portal.org/ZTF22abwkjwg,C
ZTF19aattoit,MATTHEW-GATED -- NOT REPORTED TO TNS,C,False,276.2862051,-5.3647736,3.3710097476628214,A1_cv_outburst,"outburst on a PS1 point source 0.28"" away [galactic plane]",0.11,2,18.725761,r,2460708.0636806,-1.49,3,43,58996.312673599925,61276.22991900006,"PS1 source, sgscore=0.98",0.28,0.29795295,16.692,0.999953,,AT 2026stb,5531.15,"a variation on a catalogued point source that is FAINTER than the source itself (-1.5 mag), galactic plane (|b| = 3.4 deg); not an outburst on this evidence -- most likely ordinary variability or a subtraction residual",58996.3127 r=18.95; 59028.2515 r=18.63; 59141.1053 r=18.21; 59145.0940 r=18.74; 59248.5665 r=18.44; 59248.5713 r=18.42; 59249.5677 r=18.36; 59249.5701 r=18.44; 59255.5485 r=18.98; 59255.5516 r=18.97; 59255.5546 r=19.06; 59282.5195 r=19.51; 59385.3364 r=19.20; 59621.5509 r=18.72; 59621.5535 r=18.34; 59621.5561 r=18.68; 59622.5458 r=18.86; 59622.5535 r=18.85; 59623.5470 r=18.97; 59623.5546 r=18.62; 59624.5459 r=18.90; 59624.5485 r=18.80; 59683.4225 r=18.98; 59698.4625 r=19.26; 59734.4436 r=18.69; 59737.2943 r=18.64; 60060.4594 r=18.99; 60473.3579 r=18.86; 60476.3357 r=19.02; 60490.2721 r=19.05; 60499.2949 r=18.88; 60508.2979 r=18.27; 60510.2955 r=18.08; 60535.2656 r=18.78; 60537.2686 r=18.50; 60571.1712 r=18.78; 60707.5637 r=18.73; 60810.4234 r=18.62; 60844.3593 r=18.63; 61094.5504 r=18.94; 61176.4185 r=19.08; 61233.2517 r=19.04; 61276.2299 r=19.15,https://fink-portal.org/ZTF19aattoit,C
ZTF20abgcjru,MATTHEW-GATED -- NOT REPORTED TO TNS,C,False,262.3630866,10.1986864,22.795400253737604,A1_cv_outburst,"outburst on a PS1 point source 0.42"" away",,1,19.147917,r,2461200.8832407,-1.69,5,17,59341.42351849983,61276.227511600126,"PS1 source, sgscore=0.99",0.42,0.5270224,17.248,0.9392792,,AT 2026muo,3893.21,"a variation on a catalogued point source that is FAINTER than the source itself (-1.7 mag), |b| = 22.8 deg; not an outburst on this evidence -- most likely ordinary variability or a subtraction residual",59341.4235 r=19.81; 60043.4817 r=19.59; 60117.3368 r=19.36; 60135.3110 r=19.36; 60163.2556 r=19.25; 60193.2871 r=19.06; 60195.2278 r=19.33; 60221.1425 r=19.25; 60227.1662 r=19.04; 60325.5604 r=19.59; 61114.5238 r=19.45; 61167.4564 r=19.16; 61200.3832 r=19.15; 61202.4106 g=20.15; 61204.2866 r=19.19; 61208.3584 r=19.27; 61276.2275 r=18.94,https://fink-portal.org/ZTF20abgcjru,C
ZTF18ababkvk,MATTHEW-GATED -- NOT REPORTED TO TNS,C,False,283.2624528,9.4303416,3.929983793251445,A1_cv_outburst,"outburst on a PS1 point source 0.49"" away [galactic plane]",0.52,16,18.168919,r,2459296.0039931,-1.77,309,323,59276.48615740007,61276.23375000013,"PS1 source, sgscore=0.89",0.49,0.5561254,15.69,0.9998869,,AT 2025aaxa,9002.48,"a variation on a catalogued point source that is FAINTER than the source itself (-1.8 mag), galactic plane (|b| = 3.9 deg); not an outburst on this evidence -- most likely ordinary variability or a subtraction residual",59276.4862 r=18.31; 59295.5040 r=18.17; 59312.4128 r=17.86; 59312.4353 g=19.59; 59341.4436 r=18.35; 59366.3317 g=19.48; 59366.3931 r=18.09; 59373.3874 r=18.11; 59373.4376 g=19.80; 59400.3373 r=17.83; 59402.3850 r=17.76; 59450.2918 r=17.95; 59452.2914 g=19.59; 59454.2267 g=19.62; 59458.1710 g=19.79; 59460.1908 r=18.14; 59466.3243 g=19.43; 59468.1716 g=19.62; 59477.2166 r=17.95; 59485.1917 r=18.20; 59488.2197 g=19.25; 59498.1295 g=19.82; 59502.1716 r=18.00; 59504.1392 r=18.03; 59504.1860 g=19.44; 59521.1147 g=19.46; 59521.1347 r=18.00; 59523.1627 g=19.49; 59527.1306 g=19.94; 59621.5452 r=18.01; 59621.5504 r=17.72; 59621.5530 r=17.84; 59621.5556 r=17.85; 59622.5449 r=17.65; 59622.5474 r=17.60; 59622.5551 r=17.85; 59623.5562 r=17.78; 59624.5450 r=17.79; 59624.5526 r=17.85; 59625.5554 r=17.95; 59627.5445 r=17.65; 59627.5496 r=17.66; 59628.5445 r=17.64; 59628.5470 r=17.97; 59628.5496 r=18.20; ,https://fink-portal.org/ZTF18ababkvk,C
ZTF18ablohbh,MATTHEW-GATED -- NOT REPORTED TO TNS,C,False,280.001057,9.5749856,6.869673297101515,A1_cv_outburst,"outburst on a PS1 point source 0.08"" away [galactic plane]",0.1,2,18.735727,r,2461208.8740162,-1.82,3,49,58971.3967708,61276.23200230021,"PS1 source, sgscore=0.98",0.08,0.038310885,16.311,0.9554602,,SN 2026rea,4325.22,"a variation on a catalogued point source that is FAINTER than the source itself (-1.8 mag), galactic plane (|b| = 6.9 deg); not an outburst on this evidence -- most likely ordinary variability or a subtraction residual",58971.3968 r=18.73; 59370.3703 r=19.12; 59407.2770 g=19.57; 59460.2348 r=18.59; 59471.1922 r=18.59; 59491.1457 g=19.40; 59600.5728 r=18.51; 59741.3366 r=18.87; 59871.1633 r=18.85; 59881.1829 r=18.69; 60078.4152 r=18.92; 60089.3832 r=19.09; 60122.4341 g=19.43; 60368.4875 g=19.19; 60436.4336 g=19.23; 60451.3812 r=18.71; 60527.2339 r=18.79; 60629.1103 r=18.58; 60721.5071 r=18.13; 60776.4569 r=18.31; 60789.4221 r=18.86; 60804.4830 r=18.57; 60821.3491 r=18.51; 60826.3875 r=18.43; 60838.3846 r=18.45; 60843.2569 r=18.73; 60855.3396 r=18.55; 60861.3181 r=18.52; 60876.2565 r=18.90; 60886.2170 r=18.71; 60933.1930 r=18.44; 60955.1453 r=18.35; 60978.1301 r=18.61; 60989.0895 r=18.35; 61114.5247 r=18.50; 61121.4650 r=18.94; 61124.4503 r=18.75; 61125.4548 r=18.34; 61126.4546 r=18.94; 61148.4417 r=18.66; 61153.4252 r=18.53; 61158.4064 r=18.83; 61159.4131 r=18.63; 61174.4446 r=18.73; 61197.3523 r=18.64; ,https://fink-portal.org/ZTF18ablohbh,C
ZTF19abhhdhc,MATTHEW-GATED -- NOT REPORTED TO TNS,C,False,255.7927434,4.1905867,25.92584637446141,A1_cv_outburst,"outburst on a PS1 point source 0.44"" away",,1,19.457735,r,2460325.0586921,-2.0,9,11,59639.52541670017,61276.230451399926,"PS1 source, sgscore=1.0",0.44,0.4256305,17.355,0.99998546,,AT 2026xze,1169.07,"a variation on a catalogued point source that is FAINTER than the source itself (-2.0 mag), |b| = 25.9 deg; not an outburst on this evidence -- most likely ordinary variability or a subtraction residual",59639.5254 r=19.38; 60196.2042 r=19.54; 60324.5587 r=19.46; 60324.5612 r=19.51; 60355.4995 r=19.36; 60475.2733 r=19.61; 61065.5652 r=19.52; 61168.3923 r=19.81; 61202.3678 r=19.64; 61212.2170 r=19.77; 61276.2305 r=19.58,https://fink-portal.org/ZTF19abhhdhc,C
ZTF18aaxykvr,MATTHEW-GATED -- NOT REPORTED TO TNS,C,False,282.5432113,15.0874466,7.090253889433163,A1_cv_outburst,"outburst on a PS1 point source 0.40"" away [galactic plane]",,1,17.15735,r,2460495.7211574,-2.39,4,42,59017.392569399904,61276.231527800206,"PS1 source, sgscore=0.98",0.4,0.2926605,13.778999,0.97127986,,AT 2026ozh,3002.78,"a variation on a catalogued point source that is FAINTER than the source itself (-2.4 mag), galactic plane (|b| = 7.1 deg); not an outburst on this evidence -- most likely ordinary variability or a subtraction residual",59017.3926 r=16.58; 59020.3610 g=18.44; 59023.3857 r=16.65; 59045.3408 r=16.50; 59063.2509 g=17.82; 59154.1392 r=16.58; 59320.4431 g=18.47; 59731.4219 r=16.80; 59840.2208 g=17.81; 59877.1127 r=16.80; 59879.1125 r=16.72; 59977.5700 r=16.53; 59977.5725 r=16.60; 59987.5523 r=17.14; 60032.4438 r=16.50; 60103.3989 r=16.33; 60147.2752 r=17.07; 60183.1906 r=16.92; 60479.4020 g=18.05; 60495.2141 r=17.31; 60495.2212 r=17.16; 60495.2504 r=17.50; 60495.2593 r=17.11; 60495.2673 r=17.14; 60495.2800 r=17.28; 60495.3059 r=17.21; 60495.3140 r=17.31; 60495.3521 r=16.94; 60495.3724 r=16.88; 60495.3851 r=17.10; 60507.2960 r=16.59; 60548.2141 r=16.57; 60550.3474 r=16.91; 60572.1513 g=17.89; 60572.1907 r=16.17; 60815.4558 r=16.21; 60840.3557 r=16.54; 60956.1502 r=16.47; 61065.5676 r=16.23; 61111.4915 r=16.95; 61250.1979 g=17.84; 61276.2315 r=16.50,https://fink-portal.org/ZTF18aaxykvr,C
