z,score
0.0,143.89529774937716
0.0005,144.5092860180726
0.001,145.60869416599127
0.0015,147.50980468628958
0.002,150.2282049617471
0.0025,153.63233828790442
0.003,157.35419413548524
0.0035,160.9574985619579
0.004,164.02372117989412
0.0045000000000000005,166.6851531546311
0.005,169.62190491079144
0.0055,172.94692103540407
0.006,175.70896595398594
0.006500000000000001,177.5440723534043
0.007,179.0480372052021
0.0075,180.5670609188315
0.008,181.7632367843833
0.0085,182.30687979811077
0.009000000000000001,181.92629258111592
0.0095,180.4674699056967
0.01,178.0868944678763
0.0105,175.41472606054415
0.011,174.10228861061594
0.0115,172.31160035638592
0.012,170.3223559674654
0.0125,168.1819428807653
0.013000000000000001,165.85608766021983
0.0135,163.41225289919214
0.014,160.69845883203547
0.0145,157.44557296499988
0.015,153.71173862971406
0.0155,149.7651519701382
0.016,145.6398144957084
0.0165,141.33719414329101
0.017,136.98770541459191
0.0175,132.55685585417612
0.018000000000000002,127.69316381261902
0.0185,122.17695984290786
0.019,116.09865073159406
0.0195,109.64568841692082
0.02,-16.723588940906158
0.0205,-16.29218173604206
0.021,-15.443736268479727
0.021500000000000002,-14.233083047087328
0.022,-13.021702605093935
0.0225,-12.123460247740482
0.023,-11.495313952218554
0.0235,-10.779990552111373
0.024,-9.554596881502098
0.0245,-7.719087071848025
0.025,-5.694513912164788
0.025500000000000002,-3.960975466891369
0.026000000000000002,-2.587887787785636
0.0265,-1.489745302588049
0.027,-0.7322117311343784
0.0275,-0.2840733578202911
0.028,0.30653615061232486
0.0285,1.6269153749476402
0.029,3.8463199181811074
0.029500000000000002,6.685202694045318
0.03,9.772962889254552
0.0305,12.859612302817327
0.031,15.796968606888846
0.0315,18.571707276509894
0.032,21.463049360028176
0.0325,24.870358504504814
0.033,28.84643119608856
0.0335,33.071172319387095
0.034,37.29082968522613
0.0345,41.566822917084515
0.035,46.146049348287995
0.035500000000000004,51.24026891650495
0.036000000000000004,56.91368895120111
0.0365,63.04472900026305
0.037,69.398599077907
0.0375,75.81961440210877
0.038,82.29496784313707
0.0385,88.92537609830924
0.039,96.0036241624144
0.0395,104.12080363048395
0.04,113.96522927851242
0.0405,125.51488074571209
0.041,137.53836902171187
0.0415,148.62810096228804
0.042,158.1685337109526
0.0425,166.15989937685222
0.043000000000000003,172.82682502481333
0.043500000000000004,178.1865776674309
0.044,182.76532771037037
0.0445,187.5984916575263
0.045,193.32185377175918
0.0455,200.18909418381276
0.046,207.95831592690521
0.0465,215.96781789904634
0.047,223.77951025219062
0.0475,231.01169917008852
0.048,237.32835196289088
0.0485,242.8728347564036
0.049,248.13423944010574
0.0495,253.333472431737
0.05,258.27761179552914
0.0505,262.94610313008667
0.051000000000000004,267.3751385774114
0.051500000000000004,271.39794094213494
0.052000000000000005,274.4612413572432
0.0525,275.9401144908167
0.053,275.99058941786575
0.0535,275.1015832725926
0.054,273.6789618602693
0.0545,273.0034621762852
0.055,269.7480179900844
0.0555,269.7935729278352
0.056,268.658782810635
0.0565,267.1109506412659
0.057,265.92502947106516
0.0575,265.42101646698796
0.058,265.4800903796167
0.0585,265.4127390670457
0.059000000000000004,264.4153296029582
0.059500000000000004,262.5031243767329
0.06,260.42958495546196
0.0605,258.87800253034357
0.061,257.98771643997037
0.0615,257.13988996190295
0.062,255.06607633272185
0.0625,250.65484598082696
0.063,243.86260295579447
0.0635,235.79943896142987
0.064,227.99896790112882
0.0645,221.5421242353551
0.065,216.57040855564998
0.0655,212.51611021456506
0.066,208.81002446026275
0.0665,205.12159158304445
0.067,201.12048076941858
0.0675,196.58850935387912
0.068,191.70784658305496
0.0685,186.87244387214702
0.069,182.2844516798234
0.0695,178.07066079793054
0.07,174.3750465608335
0.07050000000000001,171.13303623680784
0.07100000000000001,168.09578189033013
0.07150000000000001,165.05144438924867
0.07200000000000001,161.89428111503642
0.0725,158.6477118252715
0.073,155.52710589220445
0.0735,152.71648972203462
0.074,149.99144142777644
0.0745,146.85208636216228
0.075,143.1085657943834
0.0755,139.09369379452144
0.076,135.2780642717246
0.0765,131.87321050201987
0.077,128.75955460828118
0.0775,125.72656039056248
0.078,122.69420803862936
0.0785,119.69623608430226
0.079,116.79505129771339
0.0795,114.07031437307043
0.08,111.55371199743986
0.0805,109.2077726552818
0.081,107.08143697246359
0.0815,105.3132317764708
0.082,103.90368548864015
0.0825,102.64385718241444
0.083,101.33059010083952
0.0835,99.91905025238857
0.084,98.48014269588217
0.0845,97.21931620468791
0.085,96.46235781205175
0.0855,96.41485554241072
0.08600000000000001,96.96268321385567
0.08650000000000001,97.74581337027404
0.08700000000000001,98.38911785894915
0.08750000000000001,98.72132117968071
0.088,98.85808990688496
0.0885,99.06064013473629
0.089,99.48005125114544
0.0895,100.04473025820708
0.09,100.56102930386007
0.0905,100.87940837868858
0.091,100.96845711796057
0.0915,100.90107429561681
0.092,100.79274696684465
0.0925,100.65722446456695
0.093,100.33327223616901
0.0935,99.69199516310307
0.094,98.7917925067357
0.0945,97.71388686580835
0.095,96.47392293831187
0.0955,95.10202233563226
0.096,93.65462950928271
0.0965,92.17785903253997
0.097,90.7099878213634
0.0975,89.30413884780643
0.098,88.04319628604492
0.0985,86.99436611347043
0.099,86.06199874934947
0.0995,84.9202449349338
0.1,83.26134656257254
0.1005,81.14158947957922
0.101,78.92782722740654
0.1015,76.95773403363812
0.10200000000000001,75.38167452878369
0.10250000000000001,74.16629195466687
0.10300000000000001,73.03353310388799
0.10350000000000001,71.54858222812543
0.10400000000000001,69.45362122835797
0.1045,66.86772460521584
0.105,64.1967041472506
0.1055,61.93358131217138
0.106,60.505363579301964
0.1065,60.170898744676904
0.107,60.91302958761145
0.1075,62.39034422503811
0.108,64.02357559489343
0.1085,65.29694653871856
0.109,66.08534169567828
0.1095,66.56147683210743
0.11,66.88858272018153
0.1105,67.09600424167616
0.111,67.3178170546876
0.1115,68.06383870742438
0.112,69.88185482893759
0.1125,72.91539684417016
0.113,76.8626595512234
0.1135,80.93270999292126
0.114,84.28616753811825
0.1145,86.76636488405593
0.115,88.72716833116804
0.1155,90.49943798293486
0.116,92.15217863426113
0.1165,93.43903248928906
0.117,94.10720071142782
0.11750000000000001,94.38307735503673
0.11800000000000001,94.90095339603315
0.11850000000000001,96.11491429146925
0.11900000000000001,98.04336723365886
0.11950000000000001,100.43926767989963
0.12,102.95383269288821
0.1205,105.41813270108159
0.121,108.04100406609844
0.1215,111.13581191238784
0.122,114.78790611645695
0.1225,118.8080389399621
0.123,122.88698357285388
0.1235,126.83078432026818
0.124,130.62439815082885
0.1245,134.2571629584587
0.125,137.72673480027916
0.1255,141.16718594185457
0.126,144.81866517547832
0.1265,148.94386529457748
0.127,153.6638127463106
0.1275,158.77352975482995
0.128,163.94555631721687
0.1285,169.04739248582248
0.129,173.99030631413743
0.1295,178.62694500709713
0.13,183.03002221717
0.1305,187.4786717646101
0.131,191.9254869496039
0.1315,195.92213360326474
0.132,198.97848564617058
0.1325,200.63745865156773
0.133,200.90476732691988
0.1335,200.611546744439
0.134,200.77147721674032
0.1345,201.79938184957078
0.135,203.31821775152343
0.1355,204.43315999966515
0.136,204.30535516486742
0.1365,202.63981138293317
0.137,199.82283780778343
0.1375,196.59377743464026
0.138,193.42174496220943
0.1385,190.21510790184965
0.139,186.66693536784243
0.1395,182.7775287310395
0.14,178.85936892087344
0.1405,175.12031502095564
0.14100000000000001,171.3673606066181
0.14150000000000001,167.12187031855146
0.14200000000000002,162.1752391622954
0.14250000000000002,156.97066635054472
0.14300000000000002,61.82540224564071
0.14350000000000002,61.69676047089709
0.14400000000000002,61.29390468752005
0.1445,59.962471435018614
0.145,58.16978115350581
0.1455,56.98721859227849
0.146,56.918515578365074
0.1465,57.47900056858601
0.147,57.830872221528715
0.1475,57.51088004028197
0.148,56.5994941167119
0.1485,55.586229023053434
0.149,55.15076938357755
0.1495,55.87096942808036
0.15,57.93812338411121
0.1505,61.00792831231904
0.151,64.31097126250565
0.1515,66.99257113350006
0.152,68.51804579650732
0.1525,68.92832990603642
0.153,68.82560762218992
0.1535,69.07113207047132
0.154,70.22647351736126
0.1545,72.12774919222304
0.155,74.065937437877
0.1555,75.33488161980439
0.156,75.60938004682123
0.1565,75.03108714260591
0.157,74.05382297754126
0.1575,73.18548907859012
0.158,72.7130056872575
0.1585,72.55145543882473
0.159,72.48246510688686
0.1595,72.49621189450026
0.16,72.7840384006392
0.1605,73.48736594386331
0.161,74.5236821801658
0.1615,75.6507892237595
0.162,76.65254983454717
0.1625,77.42661637101554
0.163,77.96546163116253
0.1635,78.31749302999647
0.164,78.55498067735248
0.1645,78.75318762980118
0.165,78.97582291590226
0.1655,79.26794671938767
0.166,79.65690854875358
0.1665,80.15858026151668
0.167,80.77934582117089
0.1675,81.48413204400333
0.168,82.17921063478772
0.1685,82.77854179629126
0.169,83.28427149783242
0.1695,83.77932012380046
0.17,84.34741522226743
0.1705,85.03093895401004
0.171,85.84725044529637
0.1715,86.79154748158908
0.17200000000000001,87.82052626400323
0.17250000000000001,88.88682196960987
0.17300000000000001,90.0448245784063
0.17350000000000002,91.46722466398025
0.17400000000000002,93.24126348485518
0.17450000000000002,95.12355728657641
0.17500000000000002,96.63139584240398
0.17550000000000002,97.4807087056966
0.176,97.85063602513392
0.1765,98.17559649536324
0.177,98.73892668516201
0.1775,99.50773512031493
0.178,100.2349153117103
0.1785,100.56961578436095
0.179,100.28464480141305
0.1795,99.44364978341129
0.18,98.27479370888902
0.1805,97.00344847865603
0.181,95.70659266522323
0.1815,94.34095399903539
0.182,92.89616292958122
0.1825,91.41027518527852
0.183,89.97232303370926
0.1835,88.76352109670734
0.184,87.9326236411803
0.1845,87.42714132903566
0.185,87.0342770487265
0.1855,86.57746776908223
0.186,86.01868576866057
0.1865,85.40894685868362
0.187,84.85928040972492
0.1875,84.53322796018237
0.188,84.53252635757057
0.1885,84.75359488915717
0.189,84.92912090408348
0.1895,84.83769804421222
0.19,84.42341581723613
0.1905,83.75173813754235
0.191,82.94782722728569
0.1915,82.16767572046074
0.192,81.56644059275486
0.1925,81.25744957407136
0.193,81.2813864908095
0.1935,81.60272011033004
0.194,82.13483696371476
0.1945,82.77469601970267
0.195,83.3934033968589
0.1955,83.83440343774419
0.196,83.99936094592744
0.1965,83.91871991562654
0.197,83.70780957719676
0.1975,83.46905921261568
0.198,83.22502391744791
0.1985,82.91408731027178
0.199,82.3975690448824
0.1995,81.46048118681423
0.2,79.92482669156836
0.2005,77.79247640135355
0.201,75.27336787558258
0.2015,72.71852655775835
0.202,70.45880450368473
0.2025,68.67978755689101
0.203,67.45750284061103
0.20350000000000001,66.81913310634879
0.20400000000000001,66.70375218345522
0.20450000000000002,66.90352131365951
0.20500000000000002,67.1230515546905
0.20550000000000002,67.15814012375472
0.20600000000000002,66.99927834743465
0.20650000000000002,66.72427104776855
0.20700000000000002,66.34571566243974
0.20750000000000002,65.81687705020508
0.20800000000000002,65.20016091364299
0.2085,64.8206337988038
0.209,65.1495576522536
0.2095,66.4742037358302
0.21,68.7004950376522
0.2105,71.35517975814777
0.211,73.74639857452695
0.2115,75.36721624582678
0.212,76.2126906215784
0.2125,76.61747465153799
0.213,76.91638276099899
0.2135,77.29501821822222
0.214,77.81369956074225
0.2145,78.53073691293162
0.215,79.60234634433802
0.2155,81.17065220343021
0.216,83.12328603808629
0.2165,85.05268875843352
0.217,86.4622202299738
0.2175,86.96431778881004
0.218,86.36738645581757
0.2185,84.72996443514505
0.219,82.40269340719907
0.2195,79.96269407083244
0.22,77.99814506528296
0.2205,76.89959009928137
0.221,76.775312074782
0.2215,77.463661329551
0.222,78.62826807857081
0.2225,79.91234094680152
0.223,81.06019344450074
0.2235,81.94568777587293
0.224,82.55485531057799
0.2245,82.99913605502057
0.225,83.53616999888911
0.2255,84.47140123549826
0.226,85.93562436109109
0.2265,87.8125483671178
0.227,89.93100004926
0.2275,92.22892446155743
0.228,94.71699351944666
0.2285,97.35794074715153
0.229,99.9893263770066
0.2295,102.29077269193634
0.23,103.76042932619278
0.2305,103.80205752936679
0.231,102.01345144774734
0.2315,98.51579577434282
0.232,85.40781535986687
0.2325,84.23517705714116
0.233,83.57025657176476
0.2335,83.86825392258844
0.234,85.10647031869863
0.23450000000000001,86.81417376024251
0.23500000000000001,88.3294323300626
0.23550000000000001,89.14993813850245
0.23600000000000002,89.18697590990034
0.23650000000000002,88.7584931527242
0.23700000000000002,88.29144426610948
0.23750000000000002,87.94679552984834
0.23800000000000002,87.49752158920403
0.23850000000000002,86.55723769969393
0.23900000000000002,84.92287609182976
0.23950000000000002,82.72290537283062
0.24,80.29808590216867
0.2405,77.9876581940769
0.241,76.01284055917675
0.2415,74.51850199886027
0.242,73.65909709334991
0.2425,73.54608405550121
0.243,74.0651991838637
0.2435,74.80891704628468
0.244,75.28550790255052
0.2445,75.2499344064281
0.245,74.84950824487325
0.2455,74.44787497988857
0.246,74.29575727421339
0.2465,74.33986493809071
0.247,74.31192700490905
0.2475,73.9858564205389
0.248,73.35962074824732
0.2485,72.63390215973547
0.249,72.06806953007239
0.2495,71.86166851693837
0.25,72.12117495164829
0.2505,72.86172588844269
0.251,73.99094734189602
0.2515,75.29898884534248
0.252,76.49965752144794
0.2525,77.32628629122145
0.253,77.64840066135923
0.2535,77.54907288863696
0.254,77.30164415538962
0.2545,77.22582017307117
0.255,77.48647100949975
0.2555,77.98226743030968
0.256,78.42819387655972
0.2565,78.55508435229895
0.257,78.25495311590376
0.2575,77.58966389120074
0.258,76.7030624790998
0.2585,75.73223419423654
0.259,74.76991391644951
0.2595,73.85142193834977
0.26,72.96109612444548
0.2605,72.08156288889087
0.261,71.24529598227065
0.2615,70.53022076375507
0.262,70.00339773129524
0.2625,69.66281693119109
0.263,69.42976504927226
0.2635,69.20049637400666
0.264,68.90893841791272
0.2645,68.54412000653134
0.265,68.11417461424864
0.2655,67.60413986034354
0.266,66.97751186398544
0.2665,66.21816234762787
0.267,65.3688488890266
0.2675,64.53388748864015
0.268,63.842572189466935
0.2685,63.39024295490167
0.269,63.188177066708015
0.2695,63.153336685199164
0.27,63.14757121303349
0.2705,63.043011503562596
0.271,62.773848414482956
0.2715,62.35301156348692
0.272,61.85774264174725
0.2725,61.39501851511991
0.273,61.0573048319694
0.2735,60.88390792598597
0.274,60.84918201888182
0.2745,60.89125599184268
0.275,60.97204396756827
0.2755,61.13287447420052
0.276,61.49055155079437
0.2765,62.14107343319358
0.277,63.023946887987
0.2775,63.882389391230866
0.278,64.40453977342966
0.2785,64.43949463925108
0.279,64.08581830539715
0.2795,63.593804548948675
0.28,63.19826444740154
0.2805,63.01074537629683
0.281,62.99901334115692
0.28150000000000003,63.019303967256114
0.28200000000000003,62.886831579843474
0.28250000000000003,62.45447045649882
0.28300000000000003,61.6579164284354
0.28350000000000003,60.531604159685585
0.28400000000000003,59.184492275992035
0.28450000000000003,57.72957025953005
0.28500000000000003,56.22252454921885
0.28550000000000003,54.65892036330197
0.28600000000000003,53.0304705929911
0.28650000000000003,51.390454608817464
0.28700000000000003,49.85123608821507
0.28750000000000003,48.505308647636134
0.28800000000000003,47.35828668817634
0.2885,46.336685388956056
0.289,45.335690399893856
0.2895,44.24968533754123
0.29,42.9841525337737
0.2905,41.48240335581908
0.291,39.766424469507264
0.2915,37.95023242537367
0.292,36.203012085108504
0.2925,34.68902149570743
0.293,33.52662409516647
0.2935,32.7758911270754
0.294,32.43113963766014
0.2945,32.410052191978444
0.295,32.56473815565902
0.2955,32.73313344567686
0.296,32.80537909381757
0.2965,32.7542311427344
0.297,32.61105772504638
0.2975,32.42284572823135
0.298,32.23847860228601
0.2985,32.13892316942276
0.299,32.269525189435896
0.2995,32.81078824746217
0.3,33.89002135118071
0.3005,35.50094104484704
0.301,37.47046605137181
0.3015,39.483079608679034
0.302,41.188422550559615
0.3025,42.35675571537286
0.303,42.95201472541248
0.3035,43.06341755730319
0.304,42.78196397967658
0.3045,42.13163583626277
0.305,41.09709476078165
0.3055,39.71192761869938
0.306,38.12940941467101
0.3065,36.60436780209854
0.307,35.37810837021293
0.3075,34.55503397353479
0.308,34.07114219908567
0.3085,33.759374451945575
0.309,33.44671483863681
0.3095,33.02912691870601
0.31,32.50481710320334
0.3105,31.962734542839264
0.311,31.53347528901676
0.3115,31.32235945466521
0.312,31.353986832443905
0.3125,31.55966291590381
0.313,31.81886754425336
0.3135,32.026199388137655
0.314,32.1370525914873
0.3145,32.17162682029104
0.315,32.19283181058002
0.3155,32.28186971393151
0.316,32.52332236324098
0.3165,32.99643013598162
0.317,33.75969558983369
0.3175,34.82574823659942
0.318,36.14985179251912
0.3185,37.661579365344245
0.319,39.32842881169018
0.3195,41.19687123197561
0.32,43.37455191854694
0.3205,45.97364283668946
0.321,49.05192909337002
0.3215,52.55548090128073
0.322,56.26321340631845
0.3225,59.784267153190505
0.323,62.657008743762226
0.3235,64.51168878981444
0.324,65.2144510477449
0.3245,64.92970513808184
0.325,64.06325410941012
0.3255,63.112056252820125
0.326,62.50029614188663
0.3265,62.45804817792641
0.327,62.97301940816773
0.3275,63.841208004011534
0.328,64.79929291031748
0.3285,65.66360862813349
0.329,66.39585759351341
0.3295,67.06396860668562
0.33,67.72907631496993
0.3305,68.34345213654203
0.331,68.74702004136935
0.3315,68.77357397783145
0.332,68.38085230141827
0.3325,67.69618814932299
0.333,66.94553204104517
0.3335,66.33741664972355
0.334,66.00459334925372
0.3345,66.03269871171835
0.335,66.50768748771534
0.3355,67.49560838395213
0.336,68.94955508407676
0.3365,70.63673967014968
0.337,72.17999207886187
0.3375,73.20354283105983
0.338,73.48287152367135
0.3385,73.01575886276827
0.339,72.0019733485148
0.3395,70.75267192432666
0.34,64.04214190993724
0.3405,65.19167145762042
0.341,66.2888206968249
0.3415,67.32074602424953
0.342,68.3507995934238
0.3425,69.47946773647412
0.343,70.80087579493424
0.3435,72.37477117899608
0.34400000000000003,74.21259038721784
0.34450000000000003,76.27248734202455
0.34500000000000003,78.46520074022705
0.34550000000000003,80.67367085858689
0.34600000000000003,82.78322709335218
0.34650000000000003,84.71519964164739
0.34700000000000003,86.45490119347463
0.34750000000000003,88.06163264113866
0.34800000000000003,89.64924317962533
0.34850000000000003,91.33774866504982
0.34900000000000003,93.19650731717265
0.34950000000000003,95.2120379037939
0.35000000000000003,97.30114218316274
0.35050000000000003,99.35774296616314
0.35100000000000003,101.30112900825652
0.35150000000000003,103.10101656041107
0.352,104.77484333602881
0.3525,106.36809508788396
0.353,107.9329716050551
0.3535,109.51270134738952
0.354,111.13286961511044
0.3545,112.80469248036513
0.355,114.53988175519292
0.3555,116.36271793236376
0.356,118.30600740766708
0.3565,120.3934512447352
0.357,122.62232824410744
0.3575,124.95988256330396
0.358,127.35683878696057
0.3585,129.76889645221945
0.359,132.17189370168072
0.3595,134.5624984690945
0.36,136.94798213478964
0.3605,139.33606574519092
0.361,141.73279494274982
0.3615,144.14654109531065
0.362,146.59018611888598
0.3625,149.07692600208426
0.363,151.61283846964758
0.3635,154.1928648039654
0.364,156.80324468797727
0.3645,159.42773634928008
0.365,162.05366839158444
0.3655,164.67560764833635
0.366,167.29487734276822
0.3665,169.91483913307493
0.367,172.53583166438835
0.3675,175.1543276828177
0.368,177.76648189566612
0.3685,180.37190370492223
0.369,182.97416122190066
0.3695,185.57961489492433
0.37,188.1996026364515
0.3705,190.8577093220775
0.371,193.594747874126
0.3715,196.45788021009682
0.372,199.4694727580108
0.3725,202.59361846578744
0.373,205.73200651087373
0.3735,208.76544534227733
0.374,211.61761797037545
0.3745,214.29225050604785
0.375,216.85686699693457
0.3755,219.39398630695695
0.376,221.96203830471893
0.3765,224.5822937511479
0.377,227.2330030858184
0.3775,229.84527215344943
0.378,232.32654205278595
0.3785,234.6083209045343
0.379,236.67434264881692
0.3795,238.5506215821848
0.38,240.2749581766495
0.3805,241.8729430970308
0.381,243.36467032321795
0.3815,244.78900190816708
0.382,246.20067925073337
0.3825,247.63707082294155
0.383,249.10175045475137
0.3835,250.58418997253878
0.384,252.0810278756324
0.3845,253.59028125054044
0.385,255.0945653743757
0.3855,256.563994428962
0.386,257.97901654441813
0.3865,259.34547256929096
0.387,260.6876742941133
0.3875,262.0325555813899
0.388,263.39945463501783
0.3885,264.7963305090672
0.389,266.2169771698414
0.3895,267.63714009217125
0.39,269.0155745637268
0.3905,270.30771234824914
0.391,271.48645465139646
0.3915,272.5536109285246
0.392,273.5336707378355
0.3925,274.45687818314747
0.393,275.34403997193624
0.3935,276.2012008506063
0.394,277.0251324272191
0.3945,277.81382281318366
0.395,278.57199896696125
0.3955,279.30691916035533
0.396,280.0214207492894
0.3965,280.7126347731753
0.397,281.3769883615116
0.3975,282.0167631681131
0.398,282.6384690518469
0.3985,283.23850581573976
0.399,283.7922797914918
0.3995,284.2643291320929
0.4,284.6269882157091
0.4005,284.86348295835467
0.401,284.95774698465596
0.4015,284.8911607348278
0.402,284.6560340552386
0.4025,284.27457446589955
0.403,283.79710793431366
0.4035,283.2752667241824
0.404,282.7445380068266
0.4045,282.23262233353904
0.405,281.76360056345055
0.4055,281.3419574892788
0.406,280.9423379331562
0.40650000000000003,280.5227428961395
0.40700000000000003,280.045757350561
0.40750000000000003,279.48844882630823
0.40800000000000003,278.8409184603699
0.40850000000000003,278.1038676943418
0.40900000000000003,277.2887852859904
0.40950000000000003,276.4167386181254
0.41000000000000003,275.51245692403984
0.41050000000000003,274.5950779798306
0.41100000000000003,273.6714009761346
0.41150000000000003,272.73708694377603
0.41200000000000003,271.78459341470085
0.41250000000000003,270.8112718352267
0.41300000000000003,269.8221987463574
0.41350000000000003,268.82677631325777
0.41400000000000003,267.8323514390206
0.41450000000000004,266.83985281758225
0.41500000000000004,265.8438577937462
0.41550000000000004,264.8357772178572
0.41600000000000004,263.80850149996184
0.4165,262.761685358346
0.417,261.70587506928337
0.4175,260.66394733448755
0.418,259.67113414718847
0.4185,258.77535085196547
0.419,258.03523336649494
0.4195,257.5090908252519
0.42,257.2310586978781
0.4205,257.18301219166847
0.421,257.28202596775685
0.4215,257.39645973860854
0.422,257.38091129308225
0.4225,257.1093880325309
0.423,256.49755144908187
0.4235,255.5117893076153
0.424,254.16131816384737
0.4245,252.485387115825
0.425,250.55736134134133
0.4255,248.49543369854823
0.426,246.44720424621218
0.4265,244.5508630855444
0.427,242.90725706398143
0.4275,241.5730103267122
0.428,240.5582894136924
0.4285,239.82582011754425
0.429,239.30110238054044
0.4295,238.8906773227065
0.43,238.49867616113445
0.4305,238.04473465288578
0.431,237.48629203378488
0.4315,236.83154578275006
0.432,236.12923060666472
0.4325,235.44142610699953
0.433,234.81836891515022
0.4335,234.2881642487922
0.434,233.85854934922455
0.4345,233.51985528369832
0.435,233.2460229816008
0.4355,232.99744462474112
0.436,232.7249333384049
0.4365,232.37190926953076
0.437,231.87595217192694
0.4375,231.17093898529257
0.438,230.19217695311164
0.4385,228.89602784702132
0.439,227.29837315909444
0.4395,225.4991232027849
0.44,223.6505892782358
0.4405,217.52697224790563
0.441,217.28512074686319
0.4415,217.0714578645991
0.442,216.8803655203973
0.4425,216.70672717533236
0.443,216.54659170481625
0.4435,216.39755062102046
0.444,216.25927282068525
0.4445,216.1342667610405
0.445,216.0281513503031
0.4455,215.948591029787
0.446,215.90300732817906
0.4465,215.8963214797628
0.447,215.93009011673973
0.4475,216.00331223885004
0.448,216.1139728728662
0.4485,216.2601512071611
0.449,216.44025880599239
0.4495,216.65272639766144
0.45,216.89551662482057
0.4505,217.16554092651188
0.451,217.45812911552702
0.4515,217.76705845477076
0.452,218.0855196830538
0.4525,218.4076811577321
0.453,218.73009598727106
0.4535,219.05252659112918
0.454,219.3781459189437
0.4545,219.71297986863692
0.455,220.06444219276244
0.4555,220.43942468368064
0.456,220.8430023979592
0.4565,221.27845600729574
0.457,221.74821125615023
0.4575,222.25450969661708
0.458,222.79879560718322
0.4585,223.3798295631301
0.459,223.9918512416144
0.4595,224.6246782521175
0.46,225.26654039796514
0.4605,225.90827815655086
0.461,226.54629555595895
0.4615,227.18265788688223
0.462,227.82296274779583
0.4625,228.47396660283536
0.463,229.1425146061908
0.4635,229.83601212333383
0.464,230.5638036022315
0.4645,231.338666168268
0.465,232.17753551086548
0.4655,233.1002232010808
0.466,234.12487284454502
0.4665,235.25999518707664
0.467,236.49491009948693
0.4675,237.79223390487928
0.468,239.08669936237786
0.4685,240.29352196002853
0.46900000000000003,241.32639454936316
0.46950000000000003,242.12051516691054
0.47000000000000003,242.65215173400517
0.47050000000000003,242.94624633522469
0.47100000000000003,243.06845004286077
0.47150000000000003,243.10512803645122
0.47200000000000003,243.13997545107705
0.47250000000000003,243.23617512456025
0.47300000000000003,243.42892749611508
0.47350000000000003,243.72763842255966
0.47400000000000003,244.1233817445418
0.47450000000000003,244.59693349963499
0.47500000000000003,245.12473931212887
0.47550000000000003,245.68255804359413
0.47600000000000003,246.24777269143908
0.47650000000000003,246.8012916883589
0.47700000000000004,247.329267584094
0.47750000000000004,247.82435668561808
0.47800000000000004,248.28624583621982
0.47850000000000004,248.7213127402312
0.47900000000000004,249.1411561850151
0.47950000000000004,249.559677473056
0.48,249.98909739634595
0.4805,250.43645144339337
0.481,250.90234922560705
0.4815,251.3824156882461
0.482,251.87002942374437
0.4825,252.35856255248893
0.483,252.84255597533453
0.4835,253.31847243894705
0.484,253.78539609998495
0.4845,254.24492292850283
0.485,254.69938626655207
0.4855,255.14904808172216
0.486,255.59031825484374
0.4865,256.0166081566715
0.487,256.4213649141805
0.4875,256.80120507302667
0.488,257.15724066527275
0.4885,257.49410618239017
0.489,257.81750674718865
0.4895,258.13168692908584
0.49,258.4381375571152
0.4905,258.73618150208745
0.491,259.02495055154594
0.4915,259.30535402851973
0.492,259.58072139568753
0.4925,259.8557985807718
0.493,260.1347880782262
0.4935,260.4194937940929
0.494,260.7084528998023
0.4945,260.9974338100602
0.495,261.2808987008776
0.4955,261.55336110102627
0.496,261.8097590490897
0.4965,262.0450625600371
0.497,262.2542134359488
0.4975,262.43308783638815
0.498,262.57990399621553
0.4985,262.69584569113124
0.499,262.7843584649032
0.4995,262.8497755845908
0.5,262.89637735929824
0.5005000000000001,262.9283903464111
0.501,262.95054141160324
0.5015000000000001,262.96838033404543
0.502,262.9878334646256
0.5025000000000001,263.01407269786733
0.503,263.0503929408412
0.5035000000000001,263.09793872328993
0.504,179.03231863512326
0.5045000000000001,180.0760082331357
0.505,181.1362398346003
0.5055000000000001,182.21223291782553
0.506,183.3023930359262
0.5065000000000001,184.4042237359695
0.507,185.51504183888588
0.5075000000000001,186.63278130271544
0.508,187.75611162774788
0.5085000000000001,188.88384728188663
0.509,190.0142971774323
0.5095000000000001,191.1451829172763
0.51,192.27423158437463
0.5105000000000001,193.40005459251736
0.511,194.52276677465204
0.5115000000000001,195.64398106839386
0.512,196.76617444563462
0.5125,197.8917332552093
0.513,199.02206445595067
0.5135,200.15700435475162
0.514,201.2945611335231
0.5145,202.43097660329516
0.515,203.56117483278553
0.5155,204.67969964386063
0.516,205.78207852461338
0.5165,206.866239331244
0.517,207.93338807022786
0.5175,208.9878574514071
0.518,210.03586624901476
0.5185,211.08366546702905
0.519,212.13588748536864
0.5195,213.1948406231407
0.52,214.26096770302127
0.5205,215.3339480121437
0.521,216.41347705919296
0.5215,217.49907255355035
0.522,218.5891998665134
0.5225,219.68076037726317
0.523,220.7697629180792
0.5235,221.85293971095388
0.524,222.92915461449775
0.5245,223.99953973761015
0.525,225.06632576326757
0.5255,226.13142094231767
0.526,227.19599292458022
0.5265,228.2613782718156
0.527,229.3303499526102
0.5275,230.4073174438068
0.528,231.4969194642346
0.5285,232.601901542907
0.529,233.72181144339962
0.5295,234.8533499013306
0.53,235.99190605088813
0.5305,237.1330846737296
0.531,238.2733870537906
0.5315,239.41006609167746
0.532,240.5407112898044
0.5325,241.6631405343226
0.533,242.77595973031342
0.5335,243.87975368923537
0.534,244.97822724145692
0.5345,246.0781576925107
0.535,247.18745726385015
0.5355,248.3119471916984
0.536,249.4525731294472
0.5365,250.60472207065789
0.537,251.76007970253568
0.5375,252.91006126292226
0.538,254.04917196546626
0.5385,255.17690810268888
0.539,256.297619687839
0.5395,257.41863563743823
0.54,258.5475755128016
0.5405,259.6899575875076
0.541,260.84791838543043
0.5415,262.0202550094843
0.542,263.2034315733048
0.5425,264.3929337466682
0.543,265.5844442837438
0.5435,266.774583754099
0.544,267.96121024595607
0.5445,269.14338035797886
0.545,270.3210717379274
0.5455,271.49477754845867
0.546,272.6651511872391
0.5465,273.832894779502
0.547,274.99892470152145
0.5475,276.1645803020984
0.548,277.33152964576175
0.5485,278.50126471505337
0.549,279.67451883300663
0.5495,280.85114489144104
0.55,282.03068512334255
0.5505,283.21327376036965
0.551,284.4001865008507
0.5515,285.593586651044
0.552,286.7955976948995
0.5525,288.00726884816106
0.553,289.22798775645475
0.5535,290.45552102271984
0.554,291.68647596688044
0.5545,292.91686697003126
0.555,294.14263631302316
0.5555,295.36017136420935
0.556,296.56685952060707
0.5565,297.76157395188744
0.557,298.9449021253918
0.5575,300.11901370484554
0.558,301.2871944725509
0.5585,302.45310961712903
0.559,303.61984844899257
0.5595,304.7889002945639
0.56,305.9594355026557
0.5605,307.1283822281491
0.561,308.29152314241094
0.5615,309.4452365394079
0.562,310.58803637740436
0.5625,311.72116975666324
0.5630000000000001,312.8481152154396
0.5635,313.97334815033156
0.5640000000000001,315.1008461529242
0.5645,316.23268080606755
0.5650000000000001,317.3680293636073
0.5655,318.5030242641966
0.5660000000000001,319.6317124278047
0.5665,320.7478881460713
0.5670000000000001,321.8470269926093
0.5675,322.9274586932192
0.5680000000000001,323.99037421234067
0.5685,325.03890074601225
0.5690000000000001,326.0768572950186
0.5695,327.1077682854782
0.5700000000000001,328.1343962559187
0.5705,329.1587025581746
0.5710000000000001,330.18197840469935
0.5715,331.20497532315164
0.5720000000000001,332.2280447210867
0.5725,333.251339757309
0.5730000000000001,334.27501287559824
0.5735,335.29925865297633
0.5740000000000001,336.3241393006591
0.5745,337.3492782429334
0.5750000000000001,338.37354767085657
0.5755,339.394838657671
0.5760000000000001,340.4100384698243
0.5765,341.41543310554624
0.577,342.40766968771715
0.5775,343.3850175299007
0.578,344.34822359120506
0.5785,345.30027281553714
0.579,346.24500411438635
0.5795,347.18527500919777
0.58,348.1214608348407
0.5805,349.0504591455091
0.581,349.96488850484826
0.5815,350.8525938645928
0.582,351.69756025791565
0.5825,352.4836490599784
0.583,353.20126155146295
0.5835,353.85445763671555
0.584,354.4640151691665
0.5845,355.0626983913365
0.585,355.683271876123
0.5855,356.34493459816946
0.586,357.04555916232397
0.5865,357.7636841277872
0.587,358.46852882490356
0.5875,359.1328327736171
0.588,359.74354820622955
0.5885,360.3074103080751
0.589,360.8502195189766
0.5895,361.41025639739433
0.59,362.0279428083807
0.5905,362.7349021366696
0.591,363.5452680587273
0.5915,364.4511375398634
0.592,365.42344086903205
0.5925,366.4188187637996
0.593,367.391258828099
0.5935,368.30464320232363
0.594,369.1412217107359
0.5945,369.90296404417006
0.595,370.6065728266346
0.5955,371.27568594076024
0.596,371.93372561791983
0.5965,372.59887592251283
0.597,373.2809442167128
0.5975,373.97962557997005
0.598,374.68451247431426
0.5985,375.37777655043027
0.599,376.0398720236826
0.5995,376.657018950049
0.6,377.2276649380025
0.6005,377.76478439703936
0.601,378.2923109509739
0.6015,378.8367128378635
0.602,379.4172709021252
0.6025,380.03937796771095
0.603,380.6935136304082
0.6035,381.359514312222
0.604,382.01342532680087
0.6045,382.6339708196856
0.605,383.2070562879978
0.6055,383.72808977631377
0.606,384.20221345784137
0.6065,384.64224450797667
0.607,385.06440928858797
0.6075,385.4831465800331
0.608,385.9072853709123
0.6085,386.3394181681333
0.609,386.7782873488579
0.6095,387.2220860443444
0.61,387.6703847009815
0.6105,388.1239210530808
0.611,388.58321963590816
0.6115,389.0475575980156
0.612,389.51508829564443
0.6125,389.9838581554917
0.613,390.452829160436
0.6135,390.9220714096856
0.614,391.3918022538637
0.6145,391.8606212331211
0.615,392.32386414955505
0.6155,392.77320166971737
0.616,393.19820553250645
0.6165,393.58964251077776
0.617,393.9432000976973
0.6175,394.2618770780166
0.618,394.5557794020085
0.6185,394.839287800087
0.619,395.1267508571668
0.6195,395.4283356005682
0.62,395.74732343266385
0.6205,396.07937518492946
0.621,396.4136252803678
0.6215,396.7351576008693
0.622,397.02833778963594
0.6225,397.28034406215806
0.623,397.4839992615922
0.6235,397.638962388804
0.624,397.7508041345996
0.6245,397.8283756214958
0.625,397.8806659139946
0.6255000000000001,397.91450045657155
0.626,397.93383849954046
0.6265000000000001,397.9404547936804
0.627,397.9350447537656
0.6275000000000001,397.9177412757817
0.628,397.88771003375274
0.6285000000000001,397.84241126977213
0.629,397.77756083259715
0.6295000000000001,397.68842583837215
0.63,397.5721774856736
0.6305000000000001,397.4302842673382
0.631,397.2697835348956
0.6315000000000001,397.1026602174471
0.632,396.943241069346
0.6325000000000001,396.8042761252576
0.633,396.692987388293
0.6335000000000001,396.60850785183476
0.634,396.5416644308495
0.6345000000000001,396.47719876295105
0.635,396.3977084330699
0.6355000000000001,396.28813000978516
0.636,396.1395030285394
0.6365000000000001,395.95096942874017
0.637,395.7294449169957
0.6375000000000001,395.4871030436356
0.638,395.2375415358269
0.6385000000000001,394.99193705216493
0.639,394.75641719054147
0.6395000000000001,394.53133516715565
0.64,394.3124107502176
0.6405,394.0931184682295
0.641,393.8673933100293
0.6415,393.6316204346157
0.642,393.3849553950062
0.6425,393.1275046573775
0.643,392.85700095761854
0.6435,392.5659443915954
0.644,392.2415954495611
0.6445,391.8697531112681
0.645,391.4405647374465
0.6455,390.9528926565666
0.646,390.4147203156441
0.6465,389.8399529197683
0.647,389.24416117384465
0.6475,388.6416557173795
0.648,388.04451888255824
0.6485,387.46275918082006
0.649,386.9045578514234
0.6495,386.3761923109939
0.65,385.88176346040814
0.6505,385.4229001985759
0.651,384.99829946749463
0.6515,384.6026850382199
0.652,384.22494434980615
0.6525,383.84600465307284
0.653,383.4381048205118
0.6535,382.9676092083036
0.654,382.40239951884917
0.6545,381.7220632946809
0.655,380.9261487679102
0.6555,380.03532108489014
0.656,379.0837277281752
0.6565,378.1063354084276
0.657,377.1281508445847
0.6575,376.160269040367
0.658,375.202204082191
0.6585,374.2457598988771
0.659,373.27636750242186
0.6595,372.2722543001342
0.66,371.20538319352
0.6605,370.0473000077764
0.661,368.7787767649877
0.6615,367.3984709542268
0.662,365.92590084330664
0.6625,364.39761456325317
0.663,362.85958563750916
0.6635,361.36061617489474
0.664,359.94985022145016
0.6645,358.6776634161616
0.665,357.5958372965894
0.6655,356.75255060323315
0.666,356.1810357996673
0.6665,355.8857578957728
0.667,355.833024219733
0.6675,355.9515376736578
0.668,356.1434329035635
0.6685,356.301365915103
0.669,356.32559227994875
0.6695,356.13726246447527
0.67,355.6881623678276
0.6705,354.9694907452014
0.671,354.02067231608953
0.6715,352.93444422747035
0.672,351.85096310770086
0.6725,350.93609464972565
0.673,350.3468303074961
0.6735,350.1940408690362
0.674,350.51467940964835
0.6745,351.26256242968645
0.675,352.321569308005
0.6755,353.5381201070787
0.676,354.76183509093164
0.6765,355.87886843786123
0.677,356.82660844581807
0.6775,357.5892204627868
0.678,358.18198566994676
0.6785,358.6329419041156
0.679,358.96661789382205
0.6795,359.1929702010581
0.68,359.3051244629292
0.6805,359.2875488208322
0.681,359.1305373877409
0.6815,358.8422507095419
0.682,71.73742197338494
0.6825,70.49672274192037
0.683,69.33664795916357
0.6835,68.31421507360636
0.684,67.45285607869467
0.6845,66.74741802749364
0.685,66.17724546438745
0.6855,65.72278887331578
0.686,65.37912491032135
0.6865,65.159685441778
0.687,65.08778742452462
0.6875,65.18039215579093
0.6880000000000001,65.4329638910873
0.6885,65.81341130024973
0.6890000000000001,66.26802706535327
0.6895,66.73615763761933
0.6900000000000001,67.16613738436448
0.6905,67.52530058268952
0.6910000000000001,67.80176418950634
0.6915,68.00152301055915
0.6920000000000001,68.14641740457725
0.6925,68.27535377476978
0.6930000000000001,68.44602144863978
0.6935,68.7319356265954
0.6940000000000001,69.2120629323662
0.6945,69.95561520736892
0.6950000000000001,71.00874211814526
0.6955,72.38970330731097
0.6960000000000001,74.09419997843409
0.6965,76.10556840004371
0.6970000000000001,78.40081989720154
0.6975,80.94739297187927
0.6980000000000001,83.69501224721712
0.6985,86.57392656992442
0.6990000000000001,89.50711173681937
0.6995,92.43032646563364
0.7000000000000001,95.30261919839101
0.7005,98.09557921174336
0.7010000000000001,100.76961601312411
0.7015,103.25878856479268
0.7020000000000001,105.47799836456187
0.7025,107.34664535013063
0.7030000000000001,108.8113404615948
0.7035,109.85677217788694
0.704,110.50832325514179
0.7045,110.83507915473533
0.705,110.95288842058348
0.7055,111.01628259145772
0.706,111.18963762277247
0.7065,111.60290107396374
0.707,112.31179136270445
0.7075,113.28254612604115
0.708,114.40690384290127
0.7085,115.53636467811789
0.709,116.51800548879712
0.7095,117.21950889467013
0.71,117.54156204712115
0.7105,117.42264871924237
0.711,116.84087682973559
0.7115,115.81256992785029
0.712,114.38396107709029
0.7125,112.61483129252197
0.713,110.55945446521581
0.7135,108.25398134927842
0.714,105.71646343181607
0.7145,102.95908434107045
0.715,100.00697306422725
0.7155,96.91589820100293
0.716,93.78129507629197
0.7165,90.73346082288325
0.717,87.9188681139069
0.7175,85.47345719332552
0.718,83.49670511622405
0.7185,82.03382534509069
0.719,81.0697497409026
0.7195,80.53502729960331
0.72,80.32109292028143
0.7205,80.30060312033844
0.721,80.3481629015472
0.7215,80.35773879845755
0.722,80.25452772621108
0.7225,80.00029384697098
0.723,79.59199961173391
0.7235,79.05413402559304
0.724,78.42609786014908
0.7245,77.74787278208024
0.725,77.04906724941847
0.7255,76.346048702137
0.726,75.64830429625238
0.7265,74.97045993720042
0.727,74.34358706853041
0.7275,73.81988858686222
0.728,73.4678653994572
0.7285,73.35902362511696
0.729,73.5504600029524
0.7295,74.06901423482068
0.73,74.90170663364697
0.7305,75.99462550892001
0.731,77.25978763079179
0.7315,78.58804165846433
0.732,79.86588520747817
0.7325,80.99394514998055
0.733,81.90381452700338
0.7335,82.56869489830784
0.734,83.00394586832586
0.7345,83.25708075116982
0.735,83.3910276489887
0.7355,83.4664950415306
0.736,83.52790410707998
0.7365,83.59439107671541
0.737,83.65561399012272
0.7375,83.67248871422018
0.738,83.58388400371797
0.7385,83.31944767787385
0.739,82.81586811926094
0.7395,82.03127562627806
0.74,80.95282934056218
0.7405,79.59608343763435
0.741,77.99871332842909
0.7415,76.21255561835154
0.742,74.29651829708408
0.7425,72.31107632593036
0.743,70.31440550902619
0.7435,68.36017441192499
0.744,66.49655081919268
0.7445,64.7652593936982
0.745,63.199476465872785
0.7455,61.820264228022815
0.746,60.632521251004306
0.7465,59.62225613629179
0.747,58.75694314264032
0.7475,57.98980114776671
0.748,57.267404597331776
0.7485,56.53867978447806
0.749,55.76270268184169
0.7495,54.91319554688189
0.75,53.979077878400666
0.7505000000000001,52.96209634918013
0.751,51.87344099231706
0.7515000000000001,50.730863900104104
0.752,49.55660418357702
0.7525000000000001,48.37541484467331
0.753,47.211924763069504
0.7535000000000001,46.087341441222314
0.754,45.01634411510795
0.7545000000000001,44.005231837176716
0.755,43.051887987660514
0.7555000000000001,42.147369138741816
0.756,41.27845225376074
0.7565000000000001,40.43044089126345
0.757,39.58972570134028
0.7575000000000001,38.745766762494775
0.758,37.89228381615484
0.7585000000000001,37.02760910218034
0.759,36.154384797346935
0.7595000000000001,35.27894032995975
0.76,34.41065760939577
0.7605000000000001,33.56147949196818
0.761,32.74559493156364
0.7615000000000001,31.979330901161916
0.762,31.28131999403666
0.7625000000000001,30.67291974170599
0.763,30.178537435767293
0.7635000000000001,29.825085303469866
0.764,29.63957785264274
0.7645000000000001,29.644203473630927
0.765,29.849139860813672
0.7655000000000001,30.244721736631558
0.766,30.79584253793791
0.7665000000000001,31.441958196040993
0.767,32.10491173095224
0.7675000000000001,32.7037361183974
0.768,33.17189049435873
0.7685,33.47058966475316
0.769,33.593605268318726
0.7695,33.56292223233802
0.77,33.41799843611162
0.7705,33.202351443069915
0.771,32.95038536782592
0.7715,32.67643298894686
0.772,32.367822181838626
0.7725,31.983844430429134
0.773,31.461651452479202
0.7735,30.72797508698224
0.774,29.71319074097592
0.7745,28.363326250873968
0.775,26.64707421648951
0.7755,24.557811065317775
0.776,22.112898847957236
0.7765,19.352526070932065
0.777,16.338314250717463
0.7775,13.149859636627694
0.778,9.877444993035699
0.7785,6.611601584226078
0.779,3.4326664285034822
0.7795,0.40335596526124995
0.78,-2.434988173496015
0.7805,-5.063600377992398
0.781,-7.485590575683733
0.7815,-9.722621305885772
0.782,-11.808224034282308
0.7825,-13.778710919800236
0.783,-15.664368759347173
0.7835,-17.483786033574127
0.784,-19.242687962503236
0.7845,-20.936643136261203
0.785,-22.555690295865087
0.7855,-24.08890011672802
0.786,-25.527807701306102
0.7865,-26.868639937012173
0.787,-28.113626782883575
0.7875,-29.271435670300335
0.788,-30.35644819050213
0.7885,-31.386702325804496
0.789,-32.380850272370864
0.7895,-33.354988382617265
0.79,-34.32025832383873
0.7905,-35.281644872303914
0.791,-36.23776398478811
0.7915,-37.181106204802475
0.792,-38.09838796515846
0.7925,-38.97119207281604
0.793,-39.77752172609622
0.7935,-40.49484777602185
0.794,-41.1045672999782
0.7945,-41.59679037174913
0.795,-41.97365388273689
0.7955,-42.249533347864
0.796,-42.447662631486644
0.7965,-42.594158052517216
0.797,-42.71143113928486
0.7975,-42.8130442721304
0.798,-42.90140200851804
0.7985,-42.96874874562982
0.799,-43.00115141610773
0.7995,-42.98463211129832
0.8,-42.91227921979719
0.8005,-42.790822636411875
0.801,-42.64486887213739
0.8015,-42.51719443426549
0.802,-42.46456326279535
0.8025,-42.55012055361617
0.803,-42.834532502251996
0.8035,-43.36797101192557
0.804,-44.18400827314993
0.8045,-45.29535495355111
0.805,-46.69091605982518
0.8055,-48.33409961726217
0.806,-50.16336948048287
0.8065,-52.096857035594276
0.807,-54.042411993649054
0.8075,-55.912320206958185
0.808,-57.63900391942579
0.8085,-59.18651207448729
0.809,-60.55403823418652
0.8095,-61.77120359676859
0.81,-62.88785775246901
0.8105,-63.96198594070085
0.811,-65.04838514051832
0.8115,-66.18950743789884
0.812,-67.40915878172831
0.8125,-68.70955966351946
0.8130000000000001,-70.07217733248733
0.8135,-71.46235452038906
0.8140000000000001,-72.83697778016537
0.8145,-74.15345668032755
0.8150000000000001,-75.3776215430598
0.8155,-76.48833301801153
0.8160000000000001,-77.47777247042137
0.8165,-78.3480443437896
0.8170000000000001,-79.10601179693643
0.8175,-79.75859747879703
0.8180000000000001,-80.31012023829159
0.8185,-80.76210184325832
0.8190000000000001,-81.11495682714488
0.8195,-81.37043561895408
0.8200000000000001,-81.53366098219242
0.8205,-81.61390328708636
0.8210000000000001,-81.62368938823663
0.8215,-81.57632724772786
0.8220000000000001,-81.48237742486401
0.8225,-81.34588450732684
0.8230000000000001,-81.16116500213118
0.8235,-80.91064095564758
0.8240000000000001,-80.56381458788074
0.8245,-80.0772817340981
0.8250000000000001,-79.39584544069481
0.8255,-78.45523539349912
0.8260000000000001,-77.18735695774873
0.8265,-75.52898435423039
0.8270000000000001,-73.43406174441002
0.8275,-70.888248182507
0.8280000000000001,-67.92246356454909
0.8285,-64.62091336366737
0.8290000000000001,-61.11953212058906
0.8295,-57.5934556003432
0.8300000000000001,-54.23598337853376
0.8305,-51.23436464203966
0.8310000000000001,-48.74800292308796
0.8315,-46.89260675571092
0.8320000000000001,-45.731140365013886
0.8325,-45.27070988641302
0.833,-45.46414470528755
0.8335,-46.215441197968204
0.834,-47.38864854264226
0.8345,-48.81976603246309
0.835,-50.33093081525511
0.8355,-51.74601724217692
0.836,-52.906763726913624
0.8365,-53.68816087793504
0.837,-54.01085273401664
0.8375,-53.84758292335802
0.838,-53.22151282601805
0.8385,-52.19664178956983
0.839,-50.86314527005909
0.8395,-49.321631483868025
0.84,-47.6696957384369
0.8405,-45.99245626999904
0.841,-44.35701557428592
0.8415,-42.80975449923951
0.842,-41.37532128522687
0.8425,-40.056892288300254
0.843,-38.83809923901203
0.8435,-37.68725159446158
0.844,-36.563880059047634
0.8445,-35.4265428220366
0.845,-34.24000816837991
0.8455,-32.98002236813531
0.846,-31.6350010123173
0.8465,-30.205512010480415
0.847,-28.703362989533755
0.8475,-27.15186184524672
0.848,-25.587584065702107
0.8485,-24.062530785679293
0.849,-22.644711160522288
0.8495,-21.415348960604966
0.85,-20.46195580039179
0.8505,-19.867868596255303
0.851,-19.699905620312006
0.8515,-19.996251585283378
0.852,-20.756596661930423
0.8525,-21.936166633406078
0.853,-23.444879445353788
0.8535,-25.1526672329925
0.854,-42.956806297681794
0.8545,-41.40120482777822
0.855,-39.834918636110395
0.8555,-38.2579135150466
0.856,-36.67011213152547
0.8565,-35.07139478696997
0.857,-33.46160027385455
0.8575,-31.840526817424436
0.858,-30.20793309182001
0.8585,-28.563539300562947
0.859,-26.907028312186398
0.8595,-25.238046842680987
0.86,-23.556206677300324
0.8605,-21.861085925174006
0.861,-20.15223030114595
0.8615,-18.42915443007869
0.862,-16.691343169844913
0.8625,-14.938252950042896
0.863,-13.169313124319398
0.8635,-11.38392733501481
0.864,-9.581474889584925
0.8645,-7.761312148969096
0.865,-5.922773928810854
0.8655,-4.0651749149789955
0.866,-2.1878110955150687
0.8665,-0.28996121161486865
0.867,1.6291117692510664
0.8675,3.570159154504278
0.868,5.533944997975201
0.8685,7.521244537492377
0.869,9.5328425939444
0.8695,11.56953192700651
0.87,13.632111542537743
0.8705,15.721384946483282
0.871,17.838158340104055
0.8715,19.983238751276172
0.872,22.15743209668671
0.8725,24.36154116987338
0.873,26.5963635501662
0.8735,28.862689427951807
0.874,31.161299341901014
0.8745,33.49296182428031
0.875,35.85843095095967
0.8755000000000001,38.25844379328448
0.876,40.69371776970309
0.8765000000000001,43.16494789584411
0.877,45.67280393255618
0.8775000000000001,48.21792743255775
0.878,50.8009286873406
0.8785000000000001,53.422383577288116
0.879,56.08283032931705
0.8795000000000001,58.782766187788674
0.88,61.52264400606255
0.8805000000000001,64.30286876778638
0.881,67.12379404873408
0.8815000000000001,69.98571843205272
0.882,72.88888189162748
0.8825000000000001,75.83346216042133
0.883,78.81957110274605
0.8835000000000001,81.84725111151407
0.884,84.91647155370518
0.8845000000000001,88.0271252893923
0.885,91.17902529166791
0.8855000000000001,94.37190139680045
0.886,97.6053972157497
0.8865000000000001,100.87906723971089
0.887,104.19237417382213
0.8875000000000001,107.54468653414419
0.888,110.93527654381799
0.8885000000000001,114.36331836465885
0.889,117.82788670023642
0.8895000000000001,121.32795580606683
0.89,124.86239894124176
0.8905000000000001,128.42998829422373
0.891,132.0293954132197
0.8915000000000001,135.659192168564
0.892,139.31785227103381
0.8925000000000001,143.00375336584804
0.893,146.71517971718032
0.8935000000000001,150.45032549282206
0.894,154.2072986525264
0.8945000000000001,157.98412543729708
0.895,161.7787554500974
0.8955000000000001,165.58906731133453
0.896,169.41287486528228
0.8965,173.2479339063171
0.897,177.09194938648366
0.8975,180.9425830590801
0.898,184.79746150608528
0.8985,188.65418449119744
0.899,192.5103335746991
0.8995,196.36348092152613
0.9,200.21119823008559
0.9005,204.05106570645668
0.901,207.88068100668121
0.9015,211.69766806924616
0.902,215.49968576016647
0.9025,219.2844362547458
0.903,223.04967308283577
0.9035,226.79320876812912
0.904,230.51292199706404
0.9045,234.20676425850473
0.905,237.87276590207338
0.9055,241.5090415702559
0.906,245.1137949671412
0.9065,248.68532293487831
0.907,252.22201881732468
0.9075,255.722375098675
0.908,259.1849853133683
0.9085,262.60854523145935
0.909,265.9918533314439
0.9095,269.3338105796878
0.91,272.6334195421417
0.9105,275.8897828599518
0.911,279.10210112573253
0.9115,282.2696702015008
0.912,285.39187802296425
0.9125,288.46820093740087
0.913,291.49819962437033
0.9135,294.48151464961944
0.914,297.41786170289396
0.9145,300.3070265701472
0.915,303.14885988975124
0.9155,305.9432717408399
0.916,308.6902261100694
0.9165,311.3897352807898
0.917,314.0418541859638
0.9175,316.6466747634024
0.918,319.20432034877877
0.9185,321.7149401387966
0.919,324.1787037537194
0.9195,326.5957959252003
0.92,328.96641133235755
0.9205,331.2907496058743
0.921,333.56901051707473
0.9215,335.8013893661564
0.922,337.98807258115284
0.9225,340.12923353684516
0.923,342.22502860067266
0.9235,344.2755934106484
0.924,346.2810393886465
0.9245,348.2414504907659
0.925,350.1568801952195
0.9255,352.0273487270466
0.926,353.85284051799664
0.9265,355.63330189920987
0.927,357.3686390237741
0.9275,359.058716015779
0.928,360.70335334236023
0.9285,362.3023264050514
0.929,363.85536434688623
0.9295,365.362149071887
0.93,366.82231447387625
0.9305,368.2354458720228
0.931,369.601079651094
0.9315,370.91870310502463
0.932,372.1877544832053
0.9325,373.4076232397447
0.933,374.57765048687924
0.9335,375.6971296547598
0.934,376.765307360891
0.9345,377.78138449366526
0.935,378.74451751562043
0.9355,379.6538199932272
0.936,380.508364361287
0.9365,381.30718393117684
0.937,382.0492751533716
0.9375,382.7336001457719
0.9380000000000001,383.3590895003397
0.9385,383.92464538140155
0.9390000000000001,384.4291449296445
0.9395,384.8714439862161
0.9400000000000001,385.25038115150767
0.9405,385.5647821929348
0.9410000000000001,385.81346481542533
0.9415,385.99524380720516
0.9420000000000001,386.1089365718443
0.9425,386.15336905529534
0.9430000000000001,386.1273820737908
0.9435,386.0298380448942
0.9440000000000001,385.8596281197076
0.9445,385.61567970917906
0.9450000000000001,385.2969643916376
0.9455,384.9025061820957
0.9460000000000001,384.4313901365711
0.9465,383.88277125670334
0.9470000000000001,383.25588365140663
0.9475,382.5500499033079
0.9480000000000001,381.76469057841126
0.9485,380.8993338080137
0.9490000000000001,379.9536248625708
0.9495,378.9273356282015
0.9500000000000001,377.8203738881481
0.9505,376.63279230399297
0.9510000000000001,375.3647969850905
0.9515,374.016755529871
0.9520000000000001,372.5892044195312
0.9525,371.0828556436331
0.9530000000000001,369.49860243831563
0.9535,367.8375240214946
0.9540000000000001,366.1008892157027
0.9545,364.29015885810304
0.9550000000000001,362.40698690873177
0.9555,360.45322018215325
0.9560000000000001,358.4308966440439
0.9565,356.34224223281797
0.9570000000000001,354.1896661865918
0.9575,351.9757548773337
0.9580000000000001,349.70326417644714
0.9585,347.3751103986609
0.9590000000000001,344.9943598934706
0.9595,342.5642173749857
0.96,340.08801310106645
0.9605,337.56918903095726
0.961,335.011284106384
0.9615,332.4179188141118
0.962,329.79277919792236
0.9625,327.13960049453596
0.963,324.4621505711599
0.9635,321.7642133421255
0.964,319.049572338362
0.9645,316.3219945967534
0.965,313.58521502670834
0.9655,310.84292139904863
0.966,308.09874008807986
0.9665,305.3562226815288
0.967,302.6188335559122
0.9675,299.88993849678974
0.968,297.17279442502195
0.9685,294.4705402719773
0.969,291.78618902886916
0.9695,289.1226209785273
0.97,286.4825781022613
0.9705,283.8686596399741
0.971,281.2833187690083
0.9715,278.728860355964
0.972,276.2074397263123
0.9725,273.72106238897544
0.973,271.2715846470178
0.9735,268.8607150212413
0.974,266.490016410754
0.9745,264.1609089130714
0.975,261.87467322633483
0.9755,259.6324545571855
0.976,257.43526695985025
0.9765,255.2839980348601
0.977,253.1794139192835
0.9775,251.12216450438206
0.978,249.11278882105455
0.9785,247.15172053804784
0.979,245.23929352282096
0.9795,243.3757474198025
0.98,241.56123320565487
0.9805,239.7958186859685
0.981,238.0794939023973
0.9815,236.41217642366428
0.982,234.79371649810275
0.9825,233.223902049232
0.983,231.7024634995943
0.9835,230.22907841137356
0.984,228.80337593538138
0.9845,227.42494106278073
0.985,226.0933186763693
0.9855,224.80801740043532
0.986,223.5685132501772
0.9865,222.3742530832818
0.987,221.2246578577721
0.9875,220.11912570140657
0.988,219.05703479893688
0.9885,218.03774610436767
0.989,217.06060588599533
0.9895,216.12494811248655
0.99,215.23009668863213
0.9905,214.37536754957287
0.991,213.56007062243296
0.9915,212.78351166425017
0.992,212.04499398498155
0.9925,211.34382006417152
0.993,210.67929306957566
0.9935,210.05071828568134
0.994,209.4574044596624
0.9945,208.8986650718144
0.995,208.37381953701447
0.9955,207.8821943431721
0.996,207.42312413203692
0.9965,206.99595272710516
0.997,206.60003411269653
0.9975,206.2347333675983
0.998,205.89942755598946
0.9985,205.59350657764082
0.999,205.31637397870483
0.9995,205.06744772369905
1.0,204.84616092860907
1.0005,204.6519625543701
1.0010000000000001,204.4843180593474
1.0015,204.34271000882785
1.002,204.22663863896395
1.0025,204.13562237210127
1.0030000000000001,204.06919827994219
1.0035,204.0269224905975
1.004,204.0083705352375
1.0045,204.01313762978182
1.0050000000000001,204.04083888687623
1.0055,204.09110945329192
1.006,204.16360456785122
1.0065,204.25799953504233
1.0070000000000001,204.37398960962295
1.0075,204.5112897877417
1.008,204.6696345004169
1.0085,204.84877720560186
1.0090000000000001,205.04848987553498
1.0095,205.26856237660925
1.01,205.50880173961025
1.0105,205.76903131882102
1.0110000000000001,206.04908983921356
1.0115,206.3488303317026
1.012,206.66811895721858
1.0125,207.00683372116418
1.0130000000000001,207.36486308065201
1.0135,207.74210444773792
1.014,208.1384625926862
1.0145,208.55384795212166
1.0150000000000001,208.98817484770166
1.0155,209.44135962169972
1.016,209.91331869663145
1.0165,210.40396656672618
1.0170000000000001,210.913213729697
1.0175,211.4409645678587
1.018,211.9871151882088
1.0185,212.55155123155564
1.0190000000000001,213.13414566126266
1.0195,213.7347565425703
1.02,214.35322482381164
1.0205,214.98937213114667
1.0210000000000001,215.64299858872326
1.0215,216.3138806763831
1.022,217.00176913720972
1.0225,217.70638694738378
1.0230000000000001,218.42742736089193
1.0235,219.16455204170097
1.024,219.91738929605506
1.0245,220.68553241750857
1.025,221.46853815725694
1.0255,222.2659253322061
1.026,223.07717358306311
1.0265,223.90172229448945
1.027,224.73896968905197
1.0275,225.5882721063607
1.028,226.44894347829617
1.0285,227.3202550106805
1.029,228.20143508111494
1.0295,229.09166936192253
1.03,229.99010117624687
1.0305,230.8958320943851
1.031,231.80792277626117
1.0315,232.72539406468638
1.032,233.64722833264128
1.0325,234.57237108629698
1.033,235.49973282374933
1.0335,236.42819114770194
1.034,237.35659312837777
1.0345,238.28375791091798
1.035,239.20847955940067
1.0355,240.1295301274639
1.036,241.04566294326375
1.0365,241.95561609425985
1.037,242.85811609512533
1.0375,243.75188171987136
1.038,244.63562797718555
1.0385,245.508070206031
1.039,246.36792826670464
1.0395,247.21393080093944
1.04,248.04481953322016
1.0405,248.8593535843724
1.041,249.65631376758634
1.0415,250.43450683653973
1.042,251.19276965507933
1.0425,251.92997325807755
1.043,252.64502677359272
1.0435,253.33688117738373
1.044,254.00453285205643
1.0445,254.6470269247311
1.045,255.26346035908276
1.0455,255.8529847798349
1.046,256.4148090103203
1.0465,256.9482013065106
1.047,257.4524912738637
1.0475,257.92707145646784
1.048,258.37139859118423
1.0485,258.7849945227802
1.049,259.16744677929205
1.0495,259.51840881011674
1.05,259.8375998924477
1.0505,260.12480471465705
1.051,260.37987264802445
1.0515,260.60271672080074
1.052,260.7933123109052
1.0525,260.9516955755997
1.053,261.0779616382315
1.0535,261.1722625535556
1.054,261.2348050742604
1.0545,261.2658482421117
1.055,261.26570082759713
1.0555,261.2347186421308
1.056,261.17330174675294
1.0565,261.0818915808779
1.057,260.96096803400667
1.0575,260.8110464824743
1.058,260.6326748122511
1.0585,260.4264304476146
1.059,260.19291740416895
1.0595,259.93276338323454
1.06,259.6466169231157
1.0605,259.3351446211803
1.061,258.9990284390833
1.0615,258.63896310187215
1.062,258.2556536001409
1.0625,257.84981280284643
1.063,257.42215918693194
1.0635000000000001,256.97341468848117
1.064,256.5043026788001
1.0645,256.01554606755434
1.065,255.50786553398098
1.0655000000000001,254.9819778861038
1.066,254.43859454694933
1.0665,253.87842016591208
1.067,253.3021513526783
1.0675000000000001,252.71047553045287
1.068,252.10406990469647
1.0685,251.48360054312758
1.069,250.84972156234167
1.0695000000000001,250.20307441613534
1.07,249.54428728038945
1.0705,248.8739745292148
1.071,248.19273629697423
1.0715000000000001,247.5011581207626
1.072,246.79981065795002
1.0725,246.08924947342055
1.073,245.37001489127724
1.0735000000000001,244.64263190588161
1.074,243.90761014725334
1.0745,243.1654438960381
1.075,242.41661214345342
1.0755000000000001,241.66157869180054
1.076,240.90079229137388
1.0765,240.13468680982027
1.077,239.36368143020437
1.0775000000000001,238.5881808742888
1.078,237.80857564776284
1.0785,237.02524230435432
1.079,236.2385437260046
1.0795000000000001,235.4488294164909
1.08,234.65643580608906
1.0805,233.86168656504364
1.081,233.06489292385714
1.0815000000000001,232.2663539985381
1.082,
1.0825,
1.083,
1.0835000000000001,
1.084,
1.0845,
1.085,
1.0855000000000001,
1.086,
1.0865,
1.087,
1.0875000000000001,
1.088,
1.0885,
1.089,
1.0895,
1.09,
1.0905,
1.091,
1.0915,
1.092,
1.0925,
1.093,
1.0935,
1.094,
1.0945,
1.095,
1.0955,
1.096,
1.0965,
1.097,
1.0975,
1.098,
1.0985,
1.099,
1.0995,
1.1,
1.1005,
1.101,
1.1015,
1.102,
1.1025,
1.103,
1.1035,
1.104,
1.1045,
1.105,
1.1055,
1.106,
1.1065,
1.107,
1.1075,
1.108,
1.1085,
1.109,
1.1095,
1.11,
1.1105,
1.111,
1.1115,
1.112,
1.1125,
1.113,
1.1135,
1.114,
1.1145,
1.115,
1.1155,
1.116,
1.1165,
1.117,
1.1175,
1.118,
1.1185,
1.119,
1.1195,
1.12,
1.1205,
1.121,
1.1215,
1.122,
1.1225,
1.123,
1.1235,
1.124,
1.1245,
1.125,
1.1255,
1.1260000000000001,
1.1265,
1.127,
1.1275,
1.1280000000000001,
1.1285,
1.129,
1.1295,
1.1300000000000001,
1.1305,
1.131,
1.1315,
1.1320000000000001,
1.1325,
1.133,
1.1335,
1.1340000000000001,
1.1345,
1.135,
1.1355,
1.1360000000000001,
1.1365,
1.137,
1.1375,
1.1380000000000001,
1.1385,
1.139,
1.1395,
1.1400000000000001,
1.1405,
1.141,
1.1415,
1.1420000000000001,
1.1425,
1.143,
1.1435,
1.1440000000000001,
1.1445,
1.145,
1.1455,
1.1460000000000001,
1.1465,
1.147,
1.1475,
1.1480000000000001,
1.1485,
1.149,
1.1495,
1.1500000000000001,
1.1505,
1.151,
1.1515,
1.1520000000000001,
1.1525,
1.153,
1.1535,
1.154,
1.1545,
1.155,
1.1555,
1.156,
1.1565,
1.157,
1.1575,
1.158,
1.1585,
1.159,
1.1595,
1.16,
1.1605,
1.161,
1.1615,
1.162,
1.1625,
1.163,
1.1635,
1.164,
1.1645,
1.165,
1.1655,
1.166,
1.1665,
1.167,
1.1675,
1.168,
1.1685,
1.169,
1.1695,
1.17,
1.1705,
1.171,
1.1715,
1.172,
1.1725,
1.173,
1.1735,
1.174,
1.1745,
1.175,
1.1755,
1.176,
1.1765,
1.177,
1.1775,
1.178,
1.1785,
1.179,
1.1795,
1.18,
1.1805,
1.181,
1.1815,
1.182,
1.1825,
1.183,
1.1835,
1.184,
1.1845,
1.185,
1.1855,
1.186,
1.1865,
1.187,
1.1875,
1.188,
1.1885000000000001,
1.189,
1.1895,
1.19,
1.1905000000000001,
1.191,
1.1915,
1.192,
1.1925000000000001,
1.193,
1.1935,
1.194,
1.1945000000000001,
1.195,
1.1955,
1.196,
1.1965000000000001,
1.197,
1.1975,
1.198,
1.1985000000000001,
1.199,
1.1995,
1.2,
1.2005000000000001,
1.201,
1.2015,
1.202,
1.2025000000000001,
1.203,
1.2035,
1.204,
1.2045000000000001,
1.205,
1.2055,
1.206,
1.2065000000000001,
1.207,
1.2075,
1.208,
1.2085000000000001,
1.209,
1.2095,
1.21,
1.2105000000000001,
1.211,
1.2115,
1.212,
1.2125000000000001,
1.213,
1.2135,
1.214,
1.2145000000000001,
1.215,
1.2155,
1.216,
1.2165,
1.217,
1.2175,
1.218,
1.2185,
1.219,
1.2195,
1.22,
1.2205,
1.221,
1.2215,
1.222,
1.2225,
1.223,
1.2235,
1.224,
1.2245,
1.225,
1.2255,
1.226,
1.2265,
1.227,
1.2275,
1.228,
1.2285,
1.229,
1.2295,
1.23,
1.2305,
1.231,
1.2315,
1.232,
1.2325,
1.233,
1.2335,
1.234,
1.2345,
1.235,
1.2355,
1.236,
1.2365,
1.237,
1.2375,
1.238,
1.2385,
1.239,
1.2395,
1.24,
1.2405,
1.241,
1.2415,
1.242,
1.2425,
1.243,
1.2435,
1.244,
1.2445,
1.245,
1.2455,
1.246,
1.2465,
1.247,
1.2475,
1.248,
1.2485,
1.249,
1.2495,
1.25,
1.2505,
1.2510000000000001,
1.2515,
1.252,
1.2525,
1.2530000000000001,
1.2535,
1.254,
1.2545,
1.2550000000000001,
1.2555,
1.256,
1.2565,
1.2570000000000001,
1.2575,
1.258,
1.2585,
1.2590000000000001,
1.2595,
1.26,
1.2605,
1.2610000000000001,
1.2615,
1.262,
1.2625,
1.2630000000000001,
1.2635,
1.264,
1.2645,
1.2650000000000001,
1.2655,
1.266,
1.2665,
1.2670000000000001,
1.2675,
1.268,
1.2685,
1.2690000000000001,
1.2695,
1.27,
1.2705,
1.2710000000000001,
1.2715,
1.272,
1.2725,
1.2730000000000001,
1.2735,
1.274,
1.2745,
1.2750000000000001,
1.2755,
1.276,
1.2765,
1.2770000000000001,
1.2775,
1.278,
1.2785,
1.2790000000000001,
1.2795,
1.28,
1.2805,
1.281,
1.2815,
1.282,
1.2825,
1.283,
1.2835,
1.284,
1.2845,
1.285,
1.2855,
1.286,
1.2865,
1.287,
1.2875,
1.288,
1.2885,
1.289,
1.2895,
1.29,
1.2905,
1.291,
1.2915,
1.292,
1.2925,
1.293,
1.2935,
1.294,
1.2945,
1.295,
1.2955,
1.296,
1.2965,
1.297,
1.2975,
1.298,
1.2985,
1.299,
1.2995,
1.3,
1.3005,
1.301,
1.3015,
1.302,
1.3025,
1.303,
1.3035,
1.304,
1.3045,
1.305,
1.3055,
1.306,
1.3065,
1.307,
1.3075,
1.308,
1.3085,
1.309,
1.3095,
1.31,
1.3105,
1.311,
1.3115,
1.312,
1.3125,
1.313,
1.3135000000000001,
1.314,
1.3145,
1.315,
1.3155000000000001,
1.316,
1.3165,
1.317,
1.3175000000000001,
1.318,
1.3185,
1.319,
1.3195000000000001,
1.32,
1.3205,
1.321,
1.3215000000000001,
1.322,
1.3225,
1.323,
1.3235000000000001,
1.324,
1.3245,
1.325,
1.3255000000000001,
1.326,
1.3265,
1.327,
1.3275000000000001,
1.328,
1.3285,
1.329,
1.3295000000000001,
1.33,
1.3305,
1.331,
1.3315000000000001,
1.332,
1.3325,
1.333,
1.3335000000000001,
1.334,
1.3345,
1.335,
1.3355000000000001,
1.336,
1.3365,
1.337,
1.3375000000000001,
1.338,
1.3385,
1.339,
1.3395000000000001,
1.34,
1.3405,
1.341,
1.3415000000000001,
1.342,
1.3425,
1.343,
1.3435000000000001,
1.344,
1.3445,
1.345,
1.3455,
1.346,
1.3465,
1.347,
1.3475,
1.348,
1.3485,
1.349,
1.3495,
1.35,
1.3505,
1.351,
1.3515,
1.352,
1.3525,
1.353,
1.3535,
1.354,
1.3545,
1.355,
1.3555,
1.356,
1.3565,
1.357,
1.3575,
1.358,
1.3585,
1.359,
1.3595,
1.36,
1.3605,
1.361,
1.3615,
1.362,
1.3625,
1.363,
1.3635,
1.364,
1.3645,
1.365,
1.3655,
1.366,
1.3665,
1.367,
1.3675,
1.368,
1.3685,
1.369,
1.3695,
1.37,
1.3705,
1.371,
1.3715,
1.372,
1.3725,
1.373,
1.3735,
1.374,
1.3745,
1.375,
1.3755,
1.3760000000000001,
1.3765,
1.377,
1.3775,
1.3780000000000001,
1.3785,
1.379,
1.3795,
1.3800000000000001,
1.3805,
1.381,
1.3815,
1.3820000000000001,
1.3825,
1.383,
1.3835,
1.3840000000000001,
1.3845,
1.385,
1.3855,
1.3860000000000001,
1.3865,
1.387,
1.3875,
1.3880000000000001,
1.3885,
1.389,
1.3895,
1.3900000000000001,
1.3905,
1.391,
1.3915,
1.3920000000000001,
1.3925,
1.393,
1.3935,
1.3940000000000001,
1.3945,
1.395,
1.3955,
1.3960000000000001,
1.3965,
1.397,
1.3975,
1.3980000000000001,
1.3985,
1.399,
1.3995,
1.4000000000000001,
1.4005,
1.401,
1.4015,
1.4020000000000001,
1.4025,
1.403,
1.4035,
1.4040000000000001,
1.4045,
1.405,
1.4055,
1.4060000000000001,
1.4065,
1.407,
1.4075,
1.408,
1.4085,
1.409,
1.4095,
1.41,
1.4105,
1.411,
1.4115,
1.412,
1.4125,
1.413,
1.4135,
1.414,
1.4145,
1.415,
1.4155,
1.416,
1.4165,
1.417,
1.4175,
1.418,
1.4185,
1.419,
1.4195,
1.42,
1.4205,
1.421,
1.4215,
1.422,
1.4225,
1.423,
1.4235,
1.424,
1.4245,
1.425,
1.4255,
1.426,
1.4265,
1.427,
1.4275,
1.428,
1.4285,
1.429,
1.4295,
1.43,
1.4305,
1.431,
1.4315,
1.432,
1.4325,
1.433,
1.4335,
1.434,
1.4345,
1.435,
1.4355,
1.436,
1.4365,
1.437,
1.4375,
1.438,
1.4385000000000001,
1.439,
1.4395,
1.44,
1.4405000000000001,
1.441,
1.4415,
1.442,
1.4425000000000001,
1.443,
1.4435,
1.444,
1.4445000000000001,
1.445,
1.4455,
1.446,
1.4465000000000001,
1.447,
1.4475,
1.448,
1.4485000000000001,
1.449,
1.4495,
1.45,
1.4505000000000001,
1.451,
1.4515,
1.452,
1.4525000000000001,
1.453,
1.4535,
1.454,
1.4545000000000001,
1.455,
1.4555,
1.456,
1.4565000000000001,
1.457,
1.4575,
1.458,
1.4585000000000001,
1.459,
1.4595,
1.46,
1.4605000000000001,
1.461,
1.4615,
1.462,
1.4625000000000001,
1.463,
1.4635,
1.464,
1.4645000000000001,
1.465,
1.4655,
1.466,
1.4665000000000001,
1.467,
1.4675,
1.468,
1.4685000000000001,
1.469,
1.4695,
1.47,
1.4705000000000001,
1.471,
1.4715,
1.472,
1.4725,
1.473,
1.4735,
1.474,
1.4745,
1.475,
1.4755,
1.476,
1.4765,
1.477,
1.4775,
1.478,
1.4785,
1.479,
1.4795,
1.48,
1.4805,
1.481,
1.4815,
1.482,
1.4825,
1.483,
1.4835,
1.484,
1.4845,
1.485,
1.4855,
1.486,
1.4865,
1.487,
1.4875,
1.488,
1.4885,
1.489,
1.4895,
1.49,
1.4905,
1.491,
1.4915,
1.492,
1.4925,
1.493,
1.4935,
1.494,
1.4945,
1.495,
1.4955,
1.496,
1.4965,
1.497,
1.4975,
1.498,
1.4985,
1.499,
1.4995,
1.5,
1.5005,
1.5010000000000001,
1.5015,
1.502,
1.5025,
1.5030000000000001,
1.5035,
1.504,
1.5045,
1.5050000000000001,
1.5055,
1.506,
1.5065,
1.5070000000000001,
1.5075,
1.508,
1.5085,
1.5090000000000001,
1.5095,
1.51,
1.5105,
1.5110000000000001,
1.5115,
1.512,
1.5125,
1.5130000000000001,
1.5135,
1.514,
1.5145,
1.5150000000000001,
1.5155,
1.516,
1.5165,
1.5170000000000001,
1.5175,
1.518,
1.5185,
1.5190000000000001,
1.5195,
1.52,
1.5205,
1.5210000000000001,
1.5215,
1.522,
1.5225,
1.5230000000000001,
1.5235,
1.524,
1.5245,
1.5250000000000001,
1.5255,
1.526,
1.5265,
1.5270000000000001,
1.5275,
1.528,
1.5285,
1.5290000000000001,
1.5295,
1.53,
1.5305,
1.5310000000000001,
1.5315,
1.532,
1.5325,
1.5330000000000001,
1.5335,
1.534,
1.5345,
1.5350000000000001,
1.5355,
1.536,
1.5365,
1.537,
1.5375,
1.538,
1.5385,
1.539,
1.5395,
1.54,
1.5405,
1.541,
1.5415,
1.542,
1.5425,
1.543,
1.5435,
1.544,
1.5445,
1.545,
1.5455,
1.546,
1.5465,
1.547,
1.5475,
1.548,
1.5485,
1.549,
1.5495,
1.55,
1.5505,
1.551,
1.5515,
1.552,
1.5525,
1.553,
1.5535,
1.554,
1.5545,
1.555,
1.5555,
1.556,
1.5565,
1.557,
1.5575,
1.558,
1.5585,
1.559,
1.5595,
1.56,
1.5605,
1.561,
1.5615,
1.562,
1.5625,
1.563,
1.5635000000000001,
1.564,
1.5645,
1.565,
1.5655000000000001,
1.566,
1.5665,
1.567,
1.5675000000000001,
1.568,
1.5685,
1.569,
1.5695000000000001,
1.57,
1.5705,
1.571,
1.5715000000000001,
1.572,
1.5725,
1.573,
1.5735000000000001,
1.574,
1.5745,
1.575,
1.5755000000000001,
1.576,
1.5765,
1.577,
1.5775000000000001,
1.578,
1.5785,
1.579,
1.5795000000000001,
1.58,
1.5805,
1.581,
1.5815000000000001,
1.582,
1.5825,
1.583,
1.5835000000000001,
1.584,
1.5845,
1.585,
1.5855000000000001,
1.586,
1.5865,
1.587,
1.5875000000000001,
1.588,
1.5885,
1.589,
1.5895000000000001,
1.59,
1.5905,
1.591,
1.5915000000000001,
1.592,
1.5925,
1.593,
1.5935000000000001,
1.594,
1.5945,
1.595,
1.5955000000000001,
1.596,
1.5965,
1.597,
1.5975000000000001,
1.598,
1.5985,
1.599,
1.5995000000000001,
1.6,
1.6005,
1.601,
1.6015,
1.602,
1.6025,
1.603,
1.6035,
1.604,
1.6045,
1.605,
1.6055,
1.606,
1.6065,
1.607,
1.6075,
1.608,
1.6085,
1.609,
1.6095,
1.61,
1.6105,
1.611,
1.6115,
1.612,
1.6125,
1.613,
1.6135,
1.614,
1.6145,
1.615,
1.6155,
1.616,
1.6165,
1.617,
1.6175,
1.618,
1.6185,
1.619,
1.6195,
1.62,
1.6205,
1.621,
1.6215,
1.622,
1.6225,
1.623,
1.6235,
1.624,
1.6245,
1.625,
1.6255,
1.6260000000000001,
1.6265,
1.627,
1.6275,
1.6280000000000001,
1.6285,
1.629,
1.6295,
1.6300000000000001,
1.6305,
1.631,
1.6315,
1.6320000000000001,
1.6325,
1.633,
1.6335,
1.6340000000000001,
1.6345,
1.635,
1.6355,
1.6360000000000001,
1.6365,
1.637,
1.6375,
1.6380000000000001,
1.6385,
1.639,
1.6395,
1.6400000000000001,
1.6405,
1.641,
1.6415,
1.6420000000000001,
1.6425,
1.643,
1.6435,
1.6440000000000001,
1.6445,
1.645,
1.6455,
1.6460000000000001,
1.6465,
1.647,
1.6475,
1.6480000000000001,
1.6485,
1.649,
1.6495,
1.6500000000000001,
1.6505,
1.651,
1.6515,
1.6520000000000001,
1.6525,
1.653,
1.6535,
1.6540000000000001,
1.6545,
1.655,
1.6555,
1.6560000000000001,
1.6565,
1.657,
1.6575,
1.6580000000000001,
1.6585,
1.659,
1.6595,
1.6600000000000001,
1.6605,
1.661,
1.6615,
1.6620000000000001,
1.6625,
1.663,
1.6635,
1.6640000000000001,
1.6645,
1.665,
1.6655,
1.666,
1.6665,
1.667,
1.6675,
1.668,
1.6685,
1.669,
1.6695,
1.67,
1.6705,
1.671,
1.6715,
1.672,
1.6725,
1.673,
1.6735,
1.674,
1.6745,
1.675,
1.6755,
1.676,
1.6765,
1.677,
1.6775,
1.678,
1.6785,
1.679,
1.6795,
1.68,
1.6805,
1.681,
1.6815,
1.682,
1.6825,
1.683,
1.6835,
1.684,
1.6845,
1.685,
1.6855,
1.686,
1.6865,
1.687,
1.6875,
1.688,
1.6885000000000001,
1.689,
1.6895,
1.69,
1.6905000000000001,
1.691,
1.6915,
1.692,
1.6925000000000001,
1.693,
1.6935,
1.694,
1.6945000000000001,
1.695,
1.6955,
1.696,
1.6965000000000001,
1.697,
1.6975,
1.698,
1.6985000000000001,
1.699,
1.6995,
1.7,
1.7005000000000001,
1.701,
1.7015,
1.702,
1.7025000000000001,
1.703,
1.7035,
1.704,
1.7045000000000001,
1.705,
1.7055,
1.706,
1.7065000000000001,
1.707,
1.7075,
1.708,
1.7085000000000001,
1.709,
1.7095,
1.71,
1.7105000000000001,
1.711,
1.7115,
1.712,
1.7125000000000001,
1.713,
1.7135,
1.714,
1.7145000000000001,
1.715,
1.7155,
1.716,
1.7165000000000001,
1.717,
1.7175,
1.718,
1.7185000000000001,
1.719,
1.7195,
1.72,
1.7205000000000001,
1.721,
1.7215,
1.722,
1.7225000000000001,
1.723,
1.7235,
1.724,
1.7245000000000001,
1.725,
1.7255,
1.726,
1.7265000000000001,
1.727,
1.7275,
1.728,
1.7285,
1.729,
1.7295,
1.73,
1.7305,
1.731,
1.7315,
1.732,
1.7325,
1.733,
1.7335,
1.734,
1.7345,
1.735,
1.7355,
1.736,
1.7365,
1.737,
1.7375,
1.738,
1.7385,
1.739,
1.7395,
1.74,
1.7405,
1.741,
1.7415,
1.742,
1.7425,
1.743,
1.7435,
1.744,
1.7445,
1.745,
1.7455,
1.746,
1.7465,
1.747,
1.7475,
1.748,
1.7485,
1.749,
1.7495,
1.75,
1.7505,
1.7510000000000001,
1.7515,
1.752,
1.7525,
1.7530000000000001,
1.7535,
1.754,
1.7545,
1.7550000000000001,
1.7555,
1.756,
1.7565,
1.7570000000000001,
1.7575,
1.758,
1.7585,
1.7590000000000001,
1.7595,
1.76,
1.7605,
1.7610000000000001,
1.7615,
1.762,
1.7625,
1.7630000000000001,
1.7635,
1.764,
1.7645,
1.7650000000000001,
1.7655,
1.766,
1.7665,
1.7670000000000001,
1.7675,
1.768,
1.7685,
1.7690000000000001,
1.7695,
1.77,
1.7705,
1.7710000000000001,
1.7715,
1.772,
1.7725,
1.7730000000000001,
1.7735,
1.774,
1.7745,
1.7750000000000001,
1.7755,
1.776,
1.7765,
1.7770000000000001,
1.7775,
1.778,
1.7785,
1.7790000000000001,
1.7795,
1.78,
1.7805,
1.7810000000000001,
1.7815,
1.782,
1.7825,
1.7830000000000001,
1.7835,
1.784,
1.7845,
1.7850000000000001,
1.7855,
1.786,
1.7865,
1.7870000000000001,
1.7875,
1.788,
1.7885,
1.7890000000000001,
1.7895,
1.79,
1.7905,
1.7910000000000001,
1.7915,
1.792,
1.7925,
1.793,
1.7935,
1.794,
1.7945,
1.795,
1.7955,
1.796,
1.7965,
1.797,
1.7975,
1.798,
1.7985,
1.799,
1.7995,
1.8,
1.8005,
1.801,
1.8015,
1.802,
1.8025,
1.803,
1.8035,
1.804,
1.8045,
1.805,
1.8055,
1.806,
1.8065,
1.807,
1.8075,
1.808,
1.8085,
1.809,
1.8095,
1.81,
1.8105,
1.811,
1.8115,
1.812,
1.8125,
1.813,
1.8135000000000001,
1.814,
1.8145,
1.815,
1.8155000000000001,
1.816,
1.8165,
1.817,
1.8175000000000001,
1.818,
1.8185,
1.819,
1.8195000000000001,
1.82,
1.8205,
1.821,
1.8215000000000001,
1.822,
1.8225,
1.823,
1.8235000000000001,
1.824,
1.8245,
1.825,
1.8255000000000001,
1.826,
1.8265,
1.827,
1.8275000000000001,
1.828,
1.8285,
1.829,
1.8295000000000001,
1.83,
1.8305,
1.831,
1.8315000000000001,
1.832,
1.8325,
1.833,
1.8335000000000001,
1.834,
1.8345,
1.835,
1.8355000000000001,
1.836,
1.8365,
1.837,
1.8375000000000001,
1.838,
1.8385,
1.839,
1.8395000000000001,
1.84,
1.8405,
1.841,
1.8415000000000001,
1.842,
1.8425,
1.843,
1.8435000000000001,
1.844,
1.8445,
1.845,
1.8455000000000001,
1.846,
1.8465,
1.847,
1.8475000000000001,
1.848,
1.8485,
1.849,
1.8495000000000001,
1.85,
1.8505,
1.851,
1.8515000000000001,
1.852,
1.8525,
1.853,
1.8535000000000001,
1.854,
1.8545,
1.855,
1.8555000000000001,
1.856,
1.8565,
1.857,
1.8575,
1.858,
1.8585,
1.859,
1.8595,
1.86,
1.8605,
1.861,
1.8615,
1.862,
1.8625,
1.863,
1.8635,
1.864,
1.8645,
1.865,
1.8655,
1.866,
1.8665,
1.867,
1.8675,
1.868,
1.8685,
1.869,
1.8695,
1.87,
1.8705,
1.871,
1.8715,
1.872,
1.8725,
1.873,
1.8735,
1.874,
1.8745,
1.875,
1.8755,
1.8760000000000001,
1.8765,
1.877,
1.8775,
1.8780000000000001,
1.8785,
1.879,
1.8795,
1.8800000000000001,
1.8805,
1.881,
1.8815,
1.8820000000000001,
1.8825,
1.883,
1.8835,
1.8840000000000001,
1.8845,
1.885,
1.8855,
1.8860000000000001,
1.8865,
1.887,
1.8875,
1.8880000000000001,
1.8885,
1.889,
1.8895,
1.8900000000000001,
1.8905,
1.891,
1.8915,
1.8920000000000001,
1.8925,
1.893,
1.8935,
1.8940000000000001,
1.8945,
1.895,
1.8955,
1.8960000000000001,
1.8965,
1.897,
1.8975,
1.8980000000000001,
1.8985,
1.899,
1.8995,
1.9000000000000001,
1.9005,
1.901,
1.9015,
1.9020000000000001,
1.9025,
1.903,
1.9035,
1.9040000000000001,
1.9045,
1.905,
1.9055,
1.9060000000000001,
1.9065,
1.907,
1.9075,
1.9080000000000001,
1.9085,
1.909,
1.9095,
1.9100000000000001,
1.9105,
1.911,
1.9115,
1.9120000000000001,
1.9125,
1.913,
1.9135,
1.9140000000000001,
1.9145,
1.915,
1.9155,
1.9160000000000001,
1.9165,
1.917,
1.9175,
1.9180000000000001,
1.9185,
1.919,
1.9195,
1.92,
1.9205,
1.921,
1.9215,
1.922,
1.9225,
1.923,
1.9235,
1.924,
1.9245,
1.925,
1.9255,
1.926,
1.9265,
1.927,
1.9275,
1.928,
1.9285,
1.929,
1.9295,
1.93,
1.9305,
1.931,
1.9315,
1.932,
1.9325,
1.933,
1.9335,
1.934,
1.9345,
1.935,
1.9355,
1.936,
1.9365,
1.937,
1.9375,
1.938,
1.9385000000000001,
1.939,
1.9395,
1.94,
1.9405000000000001,
1.941,
1.9415,
1.942,
1.9425000000000001,
1.943,
1.9435,
1.944,
1.9445000000000001,
1.945,
1.9455,
1.946,
1.9465000000000001,
1.947,
1.9475,
1.948,
1.9485000000000001,
1.949,
1.9495,
1.95,
1.9505000000000001,
1.951,
1.9515,
1.952,
1.9525000000000001,
1.953,
1.9535,
1.954,
1.9545000000000001,
1.955,
1.9555,
1.956,
1.9565000000000001,
1.957,
1.9575,
1.958,
1.9585000000000001,
1.959,
1.9595,
1.96,
1.9605000000000001,
1.961,
1.9615,
1.962,
1.9625000000000001,
1.963,
1.9635,
1.964,
1.9645000000000001,
1.965,
1.9655,
1.966,
1.9665000000000001,
1.967,
1.9675,
1.968,
1.9685000000000001,
1.969,
1.9695,
1.97,
1.9705000000000001,
1.971,
1.9715,
1.972,
1.9725000000000001,
1.973,
1.9735,
1.974,
1.9745000000000001,
1.975,
1.9755,
1.976,
1.9765000000000001,
1.977,
1.9775,
1.978,
1.9785000000000001,
1.979,
1.9795,
1.98,
1.9805000000000001,
1.981,
1.9815,
1.982,
1.9825000000000002,
1.983,
1.9835,
1.984,
1.9845,
1.985,
1.9855,
1.986,
1.9865,
1.987,
1.9875,
1.988,
1.9885,
1.989,
1.9895,
1.99,
1.9905,
1.991,
1.9915,
1.992,
1.9925,
1.993,
1.9935,
1.994,
1.9945,
1.995,
1.9955,
1.996,
1.9965,
1.997,
1.9975,
1.998,
1.9985,
1.999,
1.9995,
2.0,
2.0005,
2.001,
2.0015,
2.0020000000000002,
2.0025,
2.003,
2.0035,
2.004,
2.0045,
2.005,
2.0055,
2.0060000000000002,
2.0065,
2.007,
2.0075,
2.008,
2.0085,
2.009,
2.0095,
2.0100000000000002,
2.0105,
2.011,
2.0115,
2.012,
2.0125,
2.013,
2.0135,
2.0140000000000002,
2.0145,
2.015,
2.0155,
2.016,
2.0165,
2.017,
2.0175,
2.0180000000000002,
2.0185,
2.019,
2.0195,
2.02,
2.0205,
2.021,
2.0215,
2.0220000000000002,
2.0225,
2.023,
2.0235,
2.024,
2.0245,
2.025,
2.0255,
2.0260000000000002,
2.0265,
2.027,
2.0275,
2.028,
2.0285,
2.029,
2.0295,
2.0300000000000002,
2.0305,
2.031,
2.0315,
2.032,
2.0325,
2.033,
2.0335,
2.0340000000000003,
2.0345,
2.035,
2.0355,
2.036,
2.0365,
2.037,
2.0375,
2.0380000000000003,
2.0385,
2.039,
2.0395,
2.04,
2.0405,
2.041,
2.0415,
2.0420000000000003,
2.0425,
2.043,
2.0435,
2.044,
2.0445,
2.045,
2.0455,
2.0460000000000003,
2.0465,
2.047,
2.0475,
2.048,
2.0485,
2.049,
2.0495,
2.05,
2.0505,
2.051,
2.0515,
2.052,
2.0525,
2.053,
2.0535,
2.054,
2.0545,
2.055,
2.0555,
2.056,
2.0565,
2.057,
2.0575,
2.058,
2.0585,
2.059,
2.0595,
2.06,
2.0605,
2.061,
2.0615,
2.062,
2.0625,
2.063,
2.0635,
2.064,
2.0645000000000002,
2.065,
2.0655,
2.066,
2.0665,
2.067,
2.0675,
2.068,
2.0685000000000002,
2.069,
2.0695,
2.07,
2.0705,
2.071,
2.0715,
2.072,
2.0725000000000002,
2.073,
2.0735,
2.074,
2.0745,
2.075,
2.0755,
2.076,
2.0765000000000002,
2.077,
2.0775,
2.078,
2.0785,
2.079,
2.0795,
2.08,
2.0805000000000002,
2.081,
2.0815,
2.082,
2.0825,
2.083,
2.0835,
2.084,
2.0845000000000002,
2.085,
2.0855,
2.086,
2.0865,
2.087,
2.0875,
2.088,
2.0885000000000002,
2.089,
2.0895,
2.09,
2.0905,
2.091,
2.0915,
2.092,
2.0925000000000002,
2.093,
2.0935,
2.094,
2.0945,
2.095,
2.0955,
2.096,
2.0965000000000003,
2.097,
2.0975,
2.098,
2.0985,
2.099,
2.0995,
2.1,
2.1005000000000003,
2.101,
2.1015,
2.102,
2.1025,
2.103,
2.1035,
2.104,
2.1045000000000003,
2.105,
2.1055,
2.106,
2.1065,
2.107,
2.1075,
2.108,
2.1085000000000003,
2.109,
2.1095,
2.11,
2.1105,
2.111,
2.1115,
2.112,
2.1125,
2.113,
2.1135,
2.114,
2.1145,
2.115,
2.1155,
2.116,
2.1165,
2.117,
2.1175,
2.118,
2.1185,
2.119,
2.1195,
2.12,
2.1205,
2.121,
2.1215,
2.122,
2.1225,
2.123,
2.1235,
2.124,
2.1245,
2.125,
2.1255,
2.126,
2.1265,
2.1270000000000002,
2.1275,
2.128,
2.1285,
2.129,
2.1295,
2.13,
2.1305,
2.1310000000000002,
2.1315,
2.132,
2.1325,
2.133,
2.1335,
2.134,
2.1345,
2.1350000000000002,
2.1355,
2.136,
2.1365,
2.137,
2.1375,
2.138,
2.1385,
2.1390000000000002,
2.1395,
2.14,
2.1405,
2.141,
2.1415,
2.142,
2.1425,
2.1430000000000002,
2.1435,
2.144,
2.1445,
2.145,
2.1455,
2.146,
2.1465,
2.1470000000000002,
2.1475,
2.148,
2.1485,
2.149,
2.1495,
2.15,
2.1505,
2.1510000000000002,
2.1515,
2.152,
2.1525,
2.153,
2.1535,
2.154,
2.1545,
2.1550000000000002,
2.1555,
2.156,
2.1565,
2.157,
2.1575,
2.158,
2.1585,
2.1590000000000003,
2.1595,
2.16,
2.1605,
2.161,
2.1615,
2.162,
2.1625,
2.1630000000000003,
2.1635,
2.164,
2.1645,
2.165,
2.1655,
2.166,
2.1665,
2.1670000000000003,
2.1675,
2.168,
2.1685,
2.169,
2.1695,
2.17,
2.1705,
2.1710000000000003,
2.1715,
2.172,
2.1725,
2.173,
2.1735,
2.174,
2.1745,
2.1750000000000003,
2.1755,
2.176,
2.1765,
2.177,
2.1775,
2.178,
2.1785,
2.179,
2.1795,
2.18,
2.1805,
2.181,
2.1815,
2.182,
2.1825,
2.183,
2.1835,
2.184,
2.1845,
2.185,
2.1855,
2.186,
2.1865,
2.187,
2.1875,
2.188,
2.1885,
2.189,
2.1895000000000002,
2.19,
2.1905,
2.191,
2.1915,
2.192,
2.1925,
2.193,
2.1935000000000002,
2.194,
2.1945,
2.195,
2.1955,
2.196,
2.1965,
2.197,
2.1975000000000002,
2.198,
2.1985,
2.199,
2.1995,
2.2,
2.2005,
2.201,
2.2015000000000002,
2.202,
2.2025,
2.203,
2.2035,
2.204,
2.2045,
2.205,
2.2055000000000002,
2.206,
2.2065,
2.207,
2.2075,
2.208,
2.2085,
2.209,
2.2095000000000002,
2.21,
2.2105,
2.211,
2.2115,
2.212,
2.2125,
2.213,
2.2135000000000002,
2.214,
2.2145,
2.215,
2.2155,
2.216,
2.2165,
2.217,
2.2175000000000002,
2.218,
2.2185,
2.219,
2.2195,
2.22,
2.2205,
2.221,
2.2215000000000003,
2.222,
2.2225,
2.223,
2.2235,
2.224,
2.2245,
2.225,
2.2255000000000003,
2.226,
2.2265,
2.227,
2.2275,
2.228,
2.2285,
2.229,
2.2295000000000003,
2.23,
2.2305,
2.231,
2.2315,
2.232,
2.2325,
2.233,
2.2335000000000003,
2.234,
2.2345,
2.235,
2.2355,
2.236,
2.2365,
2.237,
2.2375000000000003,
2.238,
2.2385,
2.239,
2.2395,
2.24,
2.2405,
2.241,
2.2415,
2.242,
2.2425,
2.243,
2.2435,
2.244,
2.2445,
2.245,
2.2455,
2.246,
2.2465,
2.247,
2.2475,
2.248,
2.2485,
2.249,
2.2495,
2.25,
2.2505,
2.251,
2.2515,
2.2520000000000002,
2.2525,
2.253,
2.2535,
2.254,
2.2545,
2.255,
2.2555,
2.2560000000000002,
2.2565,
2.257,
2.2575,
2.258,
2.2585,
2.259,
2.2595,
2.2600000000000002,
2.2605,
2.261,
2.2615,
2.262,
2.2625,
2.263,
2.2635,
2.2640000000000002,
2.2645,
2.265,
2.2655,
2.266,
2.2665,
2.267,
2.2675,
2.2680000000000002,
2.2685,
2.269,
2.2695,
2.27,
2.2705,
2.271,
2.2715,
2.2720000000000002,
2.2725,
2.273,
2.2735,
2.274,
2.2745,
2.275,
2.2755,
2.2760000000000002,
2.2765,
2.277,
2.2775,
2.278,
2.2785,
2.279,
2.2795,
2.2800000000000002,
2.2805,
2.281,
2.2815,
2.282,
2.2825,
2.283,
2.2835,
2.2840000000000003,
2.2845,
2.285,
2.2855,
2.286,
2.2865,
2.287,
2.2875,
2.2880000000000003,
2.2885,
2.289,
2.2895,
2.29,
2.2905,
2.291,
2.2915,
2.2920000000000003,
2.2925,
2.293,
2.2935,
2.294,
2.2945,
2.295,
2.2955,
2.2960000000000003,
2.2965,
2.297,
2.2975,
2.298,
2.2985,
2.299,
2.2995,
2.3000000000000003,
2.3005,
2.301,
2.3015,
2.302,
2.3025,
2.303,
2.3035,
2.3040000000000003,
2.3045,
2.305,
2.3055,
2.306,
2.3065,
2.307,
2.3075,
2.308,
2.3085,
2.309,
2.3095,
2.31,
2.3105,
2.311,
2.3115,
2.312,
2.3125,
2.313,
2.3135,
2.314,
2.3145000000000002,
2.315,
2.3155,
2.316,
2.3165,
2.317,
2.3175,
2.318,
2.3185000000000002,
2.319,
2.3195,
2.32,
2.3205,
2.321,
2.3215,
2.322,
2.3225000000000002,
2.323,
2.3235,
2.324,
2.3245,
2.325,
2.3255,
2.326,
2.3265000000000002,
2.327,
2.3275,
2.328,
2.3285,
2.329,
2.3295,
2.33,
2.3305000000000002,
2.331,
2.3315,
2.332,
2.3325,
2.333,
2.3335,
2.334,
2.3345000000000002,
2.335,
2.3355,
2.336,
2.3365,
2.337,
2.3375,
2.338,
2.3385000000000002,
2.339,
2.3395,
2.34,
2.3405,
2.341,
2.3415,
2.342,
2.3425000000000002,
2.343,
2.3435,
2.344,
2.3445,
2.345,
2.3455,
2.346,
2.3465000000000003,
2.347,
2.3475,
2.348,
2.3485,
2.349,
2.3495,
2.35,
2.3505000000000003,
2.351,
2.3515,
2.352,
2.3525,
2.353,
2.3535,
2.354,
2.3545000000000003,
2.355,
2.3555,
2.356,
2.3565,
2.357,
2.3575,
2.358,
2.3585000000000003,
2.359,
2.3595,
2.36,
2.3605,
2.361,
2.3615,
2.362,
2.3625000000000003,
2.363,
2.3635,
2.364,
2.3645,
2.365,
2.3655,
2.366,
2.3665000000000003,
2.367,
2.3675,
2.368,
2.3685,
2.369,
2.3695,
2.37,
2.3705,
2.371,
2.3715,
2.372,
2.3725,
2.373,
2.3735,
2.374,
2.3745,
2.375,
2.3755,
2.376,
2.3765,
2.3770000000000002,
2.3775,
2.378,
2.3785,
2.379,
2.3795,
2.38,
2.3805,
2.3810000000000002,
2.3815,
2.382,
2.3825,
2.383,
2.3835,
2.384,
2.3845,
2.3850000000000002,
2.3855,
2.386,
2.3865,
2.387,
2.3875,
2.388,
2.3885,
2.3890000000000002,
2.3895,
2.39,
2.3905,
2.391,
2.3915,
2.392,
2.3925,
2.3930000000000002,
2.3935,
2.394,
2.3945,
2.395,
2.3955,
2.396,
2.3965,
2.3970000000000002,
2.3975,
2.398,
2.3985,
2.399,
2.3995,
2.4,
2.4005,
2.4010000000000002,
2.4015,
2.402,
2.4025,
2.403,
2.4035,
2.404,
2.4045,
2.4050000000000002,
2.4055,
2.406,
2.4065,
2.407,
2.4075,
2.408,
2.4085,
2.4090000000000003,
2.4095,
2.41,
2.4105,
2.411,
2.4115,
2.412,
2.4125,
2.4130000000000003,
2.4135,
2.414,
2.4145,
2.415,
2.4155,
2.416,
2.4165,
2.4170000000000003,
2.4175,
2.418,
2.4185,
2.419,
2.4195,
2.42,
2.4205,
2.4210000000000003,
2.4215,
2.422,
2.4225,
2.423,
2.4235,
2.424,
2.4245,
2.4250000000000003,
2.4255,
2.426,
2.4265,
2.427,
2.4275,
2.428,
2.4285,
2.4290000000000003,
2.4295,
2.43,
2.4305,
2.431,
2.4315,
2.432,
2.4325,
2.433,
2.4335,
2.434,
2.4345,
2.435,
2.4355,
2.436,
2.4365,
2.437,
2.4375,
2.438,
2.4385,
2.439,
2.4395000000000002,
2.44,
2.4405,
2.441,
2.4415,
2.442,
2.4425,
2.443,
2.4435000000000002,
2.444,
2.4445,
2.445,
2.4455,
2.446,
2.4465,
2.447,
2.4475000000000002,
2.448,
2.4485,
2.449,
2.4495,
2.45,
2.4505,
2.451,
2.4515000000000002,
2.452,
2.4525,
2.453,
2.4535,
2.454,
2.4545,
2.455,
2.4555000000000002,
2.456,
2.4565,
2.457,
2.4575,
2.458,
2.4585,
2.459,
2.4595000000000002,
2.46,
2.4605,
2.461,
2.4615,
2.462,
2.4625,
2.463,
2.4635000000000002,
2.464,
2.4645,
2.465,
2.4655,
2.466,
2.4665,
2.467,
2.4675000000000002,
2.468,
2.4685,
2.469,
2.4695,
2.47,
2.4705,
2.471,
2.4715000000000003,
2.472,
2.4725,
2.473,
2.4735,
2.474,
2.4745,
2.475,
2.4755000000000003,
2.476,
2.4765,
2.477,
2.4775,
2.478,
2.4785,
2.479,
2.4795000000000003,
2.48,
2.4805,
2.481,
2.4815,
2.482,
2.4825,
2.483,
2.4835000000000003,
2.484,
2.4845,
2.485,
2.4855,
2.486,
2.4865,
2.487,
2.4875000000000003,
2.488,
2.4885,
2.489,
2.4895,
2.49,
2.4905,
2.491,
2.4915000000000003,
2.492,
2.4925,
2.493,
2.4935,
2.494,
2.4945,
2.495,
2.4955000000000003,
2.496,
2.4965,
2.497,
2.4975,
2.498,
2.4985,
2.499,
2.4995,
2.5,
2.5005,
2.501,
2.5015,
2.5020000000000002,
2.5025,
2.503,
2.5035,
2.504,
2.5045,
2.505,
2.5055,
2.5060000000000002,
2.5065,
2.507,
2.5075,
2.508,
2.5085,
2.509,
2.5095,
2.5100000000000002,
2.5105,
2.511,
2.5115,
2.512,
2.5125,
2.513,
2.5135,
2.5140000000000002,
2.5145,
2.515,
2.5155,
2.516,
2.5165,
2.517,
2.5175,
2.5180000000000002,
2.5185,
2.519,
2.5195,
2.52,
2.5205,
2.521,
2.5215,
2.5220000000000002,
2.5225,
2.523,
2.5235,
2.524,
2.5245,
2.525,
2.5255,
2.5260000000000002,
2.5265,
2.527,
2.5275,
2.528,
2.5285,
2.529,
2.5295,
2.5300000000000002,
2.5305,
2.531,
2.5315,
2.532,
2.5325,
2.533,
2.5335,
2.5340000000000003,
2.5345,
2.535,
2.5355,
2.536,
2.5365,
2.537,
2.5375,
2.5380000000000003,
2.5385,
2.539,
2.5395,
2.54,
2.5405,
2.541,
2.5415,
2.5420000000000003,
2.5425,
2.543,
2.5435,
2.544,
2.5445,
2.545,
2.5455,
2.5460000000000003,
2.5465,
2.547,
2.5475,
2.548,
2.5485,
2.549,
2.5495,
2.5500000000000003,
2.5505,
2.551,
2.5515,
2.552,
2.5525,
2.553,
2.5535,
2.5540000000000003,
2.5545,
2.555,
2.5555,
2.556,
2.5565,
2.557,
2.5575,
2.5580000000000003,
2.5585,
2.559,
2.5595,
2.56,
2.5605,
2.561,
2.5615,
2.562,
2.5625,
2.563,
2.5635,
2.564,
2.5645000000000002,
2.565,
2.5655,
2.566,
2.5665,
2.567,
2.5675,
2.568,
2.5685000000000002,
2.569,
2.5695,
2.57,
2.5705,
2.571,
2.5715,
2.572,
2.5725000000000002,
2.573,
2.5735,
2.574,
2.5745,
2.575,
2.5755,
2.576,
2.5765000000000002,
2.577,
2.5775,
2.578,
2.5785,
2.579,
2.5795,
2.58,
2.5805000000000002,
2.581,
2.5815,
2.582,
2.5825,
2.583,
2.5835,
2.584,
2.5845000000000002,
2.585,
2.5855,
2.586,
2.5865,
2.587,
2.5875,
2.588,
2.5885000000000002,
2.589,
2.5895,
2.59,
2.5905,
2.591,
2.5915,
2.592,
2.5925000000000002,
2.593,
2.5935,
2.594,
2.5945,
2.595,
2.5955,
2.596,
2.5965000000000003,
2.597,
2.5975,
2.598,
2.5985,
2.599,
2.5995,
2.6,
2.6005000000000003,
2.601,
2.6015,
2.602,
2.6025,
2.603,
2.6035,
2.604,
2.6045000000000003,
2.605,
2.6055,
2.606,
2.6065,
2.607,
2.6075,
2.608,
2.6085000000000003,
2.609,
2.6095,
2.61,
2.6105,
2.611,
2.6115,
2.612,
2.6125000000000003,
2.613,
2.6135,
2.614,
2.6145,
2.615,
2.6155,
2.616,
2.6165000000000003,
2.617,
2.6175,
2.618,
2.6185,
2.619,
2.6195,
2.62,
2.6205000000000003,
2.621,
2.6215,
2.622,
2.6225,
2.623,
2.6235,
2.624,
2.6245,
2.625,
2.6255,
2.626,
2.6265,
2.6270000000000002,
2.6275,
2.628,
2.6285,
2.629,
2.6295,
2.63,
2.6305,
2.6310000000000002,
2.6315,
2.632,
2.6325,
2.633,
2.6335,
2.634,
2.6345,
2.6350000000000002,
2.6355,
2.636,
2.6365,
2.637,
2.6375,
2.638,
2.6385,
2.6390000000000002,
2.6395,
2.64,
2.6405,
2.641,
2.6415,
2.642,
2.6425,
2.6430000000000002,
2.6435,
2.644,
2.6445,
2.645,
2.6455,
2.646,
2.6465,
2.6470000000000002,
2.6475,
2.648,
2.6485,
2.649,
2.6495,
2.65,
2.6505,
2.6510000000000002,
2.6515,
2.652,
2.6525,
2.653,
2.6535,
2.654,
2.6545,
2.6550000000000002,
2.6555,
2.656,
2.6565,
2.657,
2.6575,
2.658,
2.6585,
2.6590000000000003,
2.6595,
2.66,
2.6605,
2.661,
2.6615,
2.662,
2.6625,
2.6630000000000003,
2.6635,
2.664,
2.6645,
2.665,
2.6655,
2.666,
2.6665,
2.6670000000000003,
2.6675,
2.668,
2.6685,
2.669,
2.6695,
2.67,
2.6705,
2.6710000000000003,
2.6715,
2.672,
2.6725,
2.673,
2.6735,
2.674,
2.6745,
2.6750000000000003,
2.6755,
2.676,
2.6765,
2.677,
2.6775,
2.678,
2.6785,
2.6790000000000003,
2.6795,
2.68,
2.6805,
2.681,
2.6815,
2.682,
2.6825,
2.6830000000000003,
2.6835,
2.684,
2.6845,
2.685,
2.6855,
2.686,
2.6865,
2.6870000000000003,
2.6875,
2.688,
2.6885,
2.689,
2.6895000000000002,
2.69,
2.6905,
2.691,
2.6915,
2.692,
2.6925,
2.693,
2.6935000000000002,
2.694,
2.6945,
2.695,
2.6955,
2.696,
2.6965,
2.697,
2.6975000000000002,
2.698,
2.6985,
2.699,
2.6995,
2.7,
2.7005,
2.701,
2.7015000000000002,
2.702,
2.7025,
2.703,
2.7035,
2.704,
2.7045,
2.705,
2.7055000000000002,
2.706,
2.7065,
2.707,
2.7075,
2.708,
2.7085,
2.709,
2.7095000000000002,
2.71,
2.7105,
2.711,
2.7115,
2.712,
2.7125,
2.713,
2.7135000000000002,
2.714,
2.7145,
2.715,
2.7155,
2.716,
2.7165,
2.717,
2.7175000000000002,
2.718,
2.7185,
2.719,
2.7195,
2.72,
2.7205,
2.721,
2.7215000000000003,
2.722,
2.7225,
2.723,
2.7235,
2.724,
2.7245,
2.725,
2.7255000000000003,
2.726,
2.7265,
2.727,
2.7275,
2.728,
2.7285,
2.729,
2.7295000000000003,
2.73,
2.7305,
2.731,
2.7315,
2.732,
2.7325,
2.733,
2.7335000000000003,
2.734,
2.7345,
2.735,
2.7355,
2.736,
2.7365,
2.737,
2.7375000000000003,
2.738,
2.7385,
2.739,
2.7395,
2.74,
2.7405,
2.741,
2.7415000000000003,
2.742,
2.7425,
2.743,
2.7435,
2.744,
2.7445,
2.745,
2.7455000000000003,
2.746,
2.7465,
2.747,
2.7475,
2.748,
2.7485,
2.749,
2.7495000000000003,
2.75,
2.7505,
2.751,
2.7515,
2.7520000000000002,
2.7525,
2.753,
2.7535,
2.754,
2.7545,
2.755,
2.7555,
2.7560000000000002,
2.7565,
2.757,
2.7575,
2.758,
2.7585,
2.759,
2.7595,
2.7600000000000002,
2.7605,
2.761,
2.7615,
2.762,
2.7625,
2.763,
2.7635,
2.7640000000000002,
2.7645,
2.765,
2.7655,
2.766,
2.7665,
2.767,
2.7675,
2.7680000000000002,
2.7685,
2.769,
2.7695,
2.77,
2.7705,
2.771,
2.7715,
2.7720000000000002,
2.7725,
2.773,
2.7735,
2.774,
2.7745,
2.775,
2.7755,
2.7760000000000002,
2.7765,
2.777,
2.7775,
2.778,
2.7785,
2.779,
2.7795,
2.7800000000000002,
2.7805,
2.781,
2.7815,
2.782,
2.7825,
2.783,
2.7835,
2.7840000000000003,
2.7845,
2.785,
2.7855,
2.786,
2.7865,
2.787,
2.7875,
2.7880000000000003,
2.7885,
2.789,
2.7895,
2.79,
2.7905,
2.791,
2.7915,
2.7920000000000003,
2.7925,
2.793,
2.7935,
2.794,
2.7945,
2.795,
2.7955,
2.7960000000000003,
2.7965,
2.797,
2.7975,
2.798,
2.7985,
2.799,
2.7995,
2.8000000000000003,
2.8005,
2.801,
2.8015,
2.802,
2.8025,
2.803,
2.8035,
2.8040000000000003,
2.8045,
2.805,
2.8055,
2.806,
2.8065,
2.807,
2.8075,
2.8080000000000003,
2.8085,
2.809,
2.8095,
2.81,
2.8105,
2.811,
2.8115,
2.8120000000000003,
2.8125,
2.813,
2.8135,
2.814,
2.8145000000000002,
2.815,
2.8155,
2.816,
2.8165,
2.817,
2.8175,
2.818,
2.8185000000000002,
2.819,
2.8195,
2.82,
2.8205,
2.821,
2.8215,
2.822,
2.8225000000000002,
2.823,
2.8235,
2.824,
2.8245,
2.825,
2.8255,
2.826,
2.8265000000000002,
2.827,
2.8275,
2.828,
2.8285,
2.829,
2.8295,
2.83,
2.8305000000000002,
2.831,
2.8315,
2.832,
2.8325,
2.833,
2.8335,
2.834,
2.8345000000000002,
2.835,
2.8355,
2.836,
2.8365,
2.837,
2.8375,
2.838,
2.8385000000000002,
2.839,
2.8395,
2.84,
2.8405,
2.841,
2.8415,
2.842,
2.8425000000000002,
2.843,
2.8435,
2.844,
2.8445,
2.845,
2.8455,
2.846,
2.8465000000000003,
2.847,
2.8475,
2.848,
2.8485,
2.849,
2.8495,
2.85,
2.8505000000000003,
2.851,
2.8515,
2.852,
2.8525,
2.853,
2.8535,
2.854,
2.8545000000000003,
2.855,
2.8555,
2.856,
2.8565,
2.857,
2.8575,
2.858,
2.8585000000000003,
2.859,
2.8595,
2.86,
2.8605,
2.861,
2.8615,
2.862,
2.8625000000000003,
2.863,
2.8635,
2.864,
2.8645,
2.865,
2.8655,
2.866,
2.8665000000000003,
2.867,
2.8675,
2.868,
2.8685,
2.869,
2.8695,
2.87,
2.8705000000000003,
2.871,
2.8715,
2.872,
2.8725,
2.873,
2.8735,
2.874,
2.8745000000000003,
2.875,
2.8755,
2.876,
2.8765,
2.8770000000000002,
2.8775,
2.878,
2.8785000000000003,
2.879,
2.8795,
2.88,
2.8805,
2.8810000000000002,
2.8815,
2.882,
2.8825,
2.883,
2.8835,
2.884,
2.8845,
2.8850000000000002,
2.8855,
2.886,
2.8865,
2.887,
2.8875,
2.888,
2.8885,
2.8890000000000002,
2.8895,
2.89,
2.8905,
2.891,
2.8915,
2.892,
2.8925,
2.8930000000000002,
2.8935,
2.894,
2.8945,
2.895,
2.8955,
2.896,
2.8965,
2.8970000000000002,
2.8975,
2.898,
2.8985,
2.899,
2.8995,
2.9,
2.9005,
2.9010000000000002,
2.9015,
2.902,
2.9025,
2.903,
2.9035,
2.904,
2.9045,
2.9050000000000002,
2.9055,
2.906,
2.9065,
2.907,
2.9075,
2.908,
2.9085,
2.9090000000000003,
2.9095,
2.91,
2.9105,
2.911,
2.9115,
2.912,
2.9125,
2.9130000000000003,
2.9135,
2.914,
2.9145,
2.915,
2.9155,
2.916,
2.9165,
2.9170000000000003,
2.9175,
2.918,
2.9185,
2.919,
2.9195,
2.92,
2.9205,
2.9210000000000003,
2.9215,
2.922,
2.9225,
2.923,
2.9235,
2.924,
2.9245,
2.9250000000000003,
2.9255,
2.926,
2.9265,
2.927,
2.9275,
2.928,
2.9285,
2.9290000000000003,
2.9295,
2.93,
2.9305,
2.931,
2.9315,
2.932,
2.9325,
2.9330000000000003,
2.9335,
2.934,
2.9345,
2.935,
2.9355,
2.936,
2.9365,
2.9370000000000003,
2.9375,
2.938,
2.9385,
2.939,
2.9395000000000002,
2.94,
2.9405,
2.9410000000000003,
2.9415,
2.942,
2.9425,
2.943,
2.9435000000000002,
2.944,
2.9445,
2.945,
2.9455,
2.946,
2.9465,
2.947,
2.9475000000000002,
2.948,
2.9485,
2.949,
2.9495,
2.95,
2.9505,
2.951,
2.9515000000000002,
2.952,
2.9525,
2.953,
2.9535,
2.954,
2.9545,
2.955,
2.9555000000000002,
2.956,
2.9565,
2.957,
2.9575,
2.958,
2.9585,
2.959,
2.9595000000000002,
2.96,
2.9605,
2.961,
2.9615,
2.962,
2.9625,
2.963,
2.9635000000000002,
2.964,
2.9645,
2.965,
2.9655,
2.966,
2.9665,
2.967,
2.9675000000000002,
2.968,
2.9685,
2.969,
2.9695,
2.97,
2.9705,
2.971,
2.9715000000000003,
2.972,
2.9725,
2.973,
2.9735,
2.974,
2.9745,
2.975,
2.9755000000000003,
2.976,
2.9765,
2.977,
2.9775,
2.978,
2.9785,
2.979,
2.9795000000000003,
2.98,
2.9805,
2.981,
2.9815,
2.982,
2.9825,
2.983,
2.9835000000000003,
2.984,
2.9845,
2.985,
2.9855,
2.986,
2.9865,
2.987,
2.9875000000000003,
2.988,
2.9885,
2.989,
2.9895,
2.99,
2.9905,
2.991,
2.9915000000000003,
2.992,
2.9925,
2.993,
2.9935,
2.994,
2.9945,
2.995,
2.9955000000000003,
2.996,
2.9965,
2.997,
2.9975,
2.998,
2.9985,
2.999,
2.9995000000000003,
3.0,
