z,n_5sigma,sum_snr
0.05,6,137.8082459199437
0.052000000000000005,5,133.73358838949937
0.054000000000000006,5,138.73402032641545
0.05600000000000001,4,138.00689206911943
0.05800000000000001,5,161.34274680886577
0.06000000000000001,5,198.81260588290567
0.06200000000000001,4,156.11673482309217
0.06400000000000002,4,135.2927250852263
0.06600000000000002,5,139.46490941116903
0.06800000000000002,4,168.36751569524637
0.07000000000000002,4,180.13461293106656
0.07200000000000002,4,147.28477929830444
0.07400000000000002,4,106.92325190095738
0.07600000000000003,4,87.63248039105592
0.07800000000000003,2,70.43152500493676
0.08000000000000003,3,105.75095380412564
0.08200000000000003,3,106.46581612407672
0.08400000000000003,3,90.45084696582272
0.08600000000000003,3,68.79216548004655
0.08800000000000004,2,44.41570858451902
0.09000000000000004,3,61.33204461478248
0.09200000000000004,3,118.85207849671538
0.09400000000000004,5,172.63847329630897
0.09600000000000004,4,64.50897515573325
0.09800000000000005,3,53.33260477342599
0.10000000000000005,4,59.54304155784571
0.10200000000000005,4,69.41473589881244
0.10400000000000005,5,72.88338257193546
0.10600000000000005,4,71.58367498530095
0.10800000000000005,4,71.50919653768153
0.11000000000000006,4,79.53836249342562
0.11200000000000006,4,79.6530979170922
0.11400000000000006,6,96.37910519389527
0.11600000000000006,6,118.57824428243094
0.11800000000000006,7,126.3671192017972
0.12000000000000006,7,115.23138486062935
0.12200000000000007,7,122.13651405468234
0.12400000000000007,7,124.05083359807114
0.12600000000000006,7,126.79291279298764
0.12800000000000006,6,136.69656611070303
0.13000000000000006,5,119.69061263130737
0.13200000000000006,6,142.88352157275165
0.13400000000000006,7,159.2935202032333
0.13600000000000007,7,159.5371212285822
0.13800000000000007,6,170.18901197516135
0.14000000000000007,6,189.54656170828673
0.14200000000000007,6,183.9497425353827
0.14400000000000007,5,164.147553386144
0.14600000000000007,6,153.9699558994762
0.14800000000000008,5,162.0289871255672
0.15000000000000008,6,172.93740938903815
0.15200000000000008,5,145.42238132784107
0.15400000000000008,5,130.78982248577884
0.15600000000000008,5,123.83349142616666
0.15800000000000008,4,90.97747741891165
0.1600000000000001,4,96.68497769482411
0.1620000000000001,5,115.82299185702865
0.1640000000000001,6,126.9759367534586
0.1660000000000001,5,108.85255289413307
0.1680000000000001,6,117.28566507895215
0.1700000000000001,6,130.15197620686752
0.1720000000000001,7,142.77431307347888
0.1740000000000001,7,156.61818112776808
0.1760000000000001,6,157.0275392611734
0.1780000000000001,5,147.9412542590594
0.1800000000000001,6,149.6610406886648
0.1820000000000001,5,135.02677461091295
0.1840000000000001,5,132.56682057897038
0.1860000000000001,6,145.46613456739283
0.1880000000000001,7,158.08957476071532
0.1900000000000001,6,157.30796614365715
0.19200000000000012,7,182.65925714286092
0.19400000000000012,7,196.34707143974734
0.19600000000000012,5,183.96154238824423
0.19800000000000012,5,175.3376071317208
0.20000000000000012,5,181.388301318522
0.20200000000000012,6,213.29823366385654
0.20400000000000013,6,224.57805432572422
0.20600000000000013,6,210.9473301329898
0.20800000000000013,5,179.60315669057377
0.21000000000000013,5,163.14922233634476
0.21200000000000013,5,153.38130511007685
0.21400000000000013,5,171.78392625273403
0.21600000000000014,5,185.52480414329864
0.21800000000000014,5,198.04455701683972
0.22000000000000014,6,211.30251050134459
0.22200000000000014,5,194.38553993236906
0.22400000000000014,5,188.38881677185879
0.22600000000000015,5,182.62382765422558
0.22800000000000015,7,206.5589894495395
0.23000000000000015,7,222.36714938911712
0.23200000000000015,7,210.13132117493245
0.23400000000000015,5,197.80170131869517
0.23600000000000015,5,200.62917850000812
0.23800000000000016,5,195.87414460297845
0.24000000000000016,4,167.51090010433074
0.24200000000000016,5,172.27673951899428
0.24400000000000016,5,159.50699779866983
0.24600000000000016,5,141.17462366981275
0.24800000000000016,5,157.16312008299855
0.25000000000000017,4,162.3022731200324
0.25200000000000017,5,169.6898367233631
0.25400000000000017,5,211.7230799879765
0.25600000000000017,4,206.80334239436255
0.2580000000000002,3,183.00152544831957
0.2600000000000002,5,186.42401387362273
0.2620000000000002,4,186.42918407963194
0.2640000000000002,4,172.45030631424592
0.2660000000000002,4,145.63723081572127
0.2680000000000002,4,137.0409493347901
0.2700000000000002,4,151.72435466888157
0.2720000000000002,4,153.27922209061154
0.2740000000000002,5,181.74815439681223
0.2760000000000002,5,285.66086821265463
0.2780000000000002,5,295.47594118045134
0.2800000000000002,5,218.46638067578925
0.2820000000000002,5,223.439251414163
0.2840000000000002,5,249.9195834633902
0.2860000000000002,4,240.10220630239283
0.2880000000000002,3,216.06677411066428
0.2900000000000002,5,187.98102578368133
0.2920000000000002,5,197.39498220002238
0.2940000000000002,4,222.93675491693125
0.2960000000000002,4,246.5272376328788
0.2980000000000002,5,257.90465282427897
0.3000000000000002,5,261.9560934234248
0.3020000000000002,5,248.6954212831165
0.3040000000000002,5,243.45932511130025
0.3060000000000002,6,254.605594343728
0.3080000000000002,6,266.19417995410356
0.3100000000000002,4,253.73660289409779
0.3120000000000002,4,252.42242984896285
0.3140000000000002,4,228.8477013661105
0.3160000000000002,5,218.4952427744812
0.3180000000000002,5,203.7334356368316
0.32000000000000023,5,213.67939969159167
0.32200000000000023,5,228.21103744521005
0.32400000000000023,4,242.35381917477173
0.32600000000000023,4,255.08695831676715
0.32800000000000024,4,253.97832893149857
0.33000000000000024,5,246.2471273965361
0.33200000000000024,4,233.79614394358356
0.33400000000000024,4,215.80777407359483
0.33600000000000024,4,219.27459297623903
0.33800000000000024,4,238.76119248404208
0.34000000000000025,5,257.98874735036867
0.34200000000000025,5,238.84452864918413
0.34400000000000025,5,210.1630991583313
0.34600000000000025,4,165.58114390599383
0.34800000000000025,4,162.15241468035254
0.35000000000000026,5,193.11376792671814
0.35200000000000026,5,206.0690500424721
0.35400000000000026,4,188.471310613863
0.35600000000000026,4,189.71061109081757
0.35800000000000026,5,184.07465703806156
0.36000000000000026,5,144.6438706126567
0.36200000000000027,6,132.40659916845686
0.36400000000000027,6,145.38057397083725
0.36600000000000027,6,163.49342601253392
0.36800000000000027,5,156.75229963678856
0.3700000000000003,5,167.9098800947529
0.3720000000000003,6,195.71081796807496
0.3740000000000003,6,173.15501340452425
0.3760000000000003,5,149.25640762711845
0.3780000000000003,6,157.97478980343027
0.3800000000000003,5,153.42002119913525
0.3820000000000003,5,165.05904175668383
0.3840000000000003,4,157.25052335276877
0.3860000000000003,4,143.7920078002573
0.3880000000000003,5,221.34201698642792
0.3900000000000003,5,242.80307757869338
0.3920000000000003,5,197.9901173145732
0.3940000000000003,4,162.1939956272293
0.3960000000000003,4,176.27814999658767
0.3980000000000003,4,182.33834895459157
0.4000000000000003,4,174.57109640613547
0.4020000000000003,5,166.29046871188075
0.4040000000000003,5,161.15894440908733
0.4060000000000003,5,171.2607931844634
0.4080000000000003,5,178.1949946365349
0.4100000000000003,5,170.84231882792398
0.4120000000000003,5,137.47129517497265
0.4140000000000003,6,138.00255438242
0.4160000000000003,5,148.25719353689647
0.4180000000000003,5,173.611680977852
0.4200000000000003,5,196.10639242636083
0.4220000000000003,5,203.1627576615065
0.4240000000000003,4,196.3602399590524
0.4260000000000003,4,185.82376212989251
0.4280000000000003,5,170.37771772549408
0.4300000000000003,4,137.83199830041752
0.43200000000000033,5,140.33666165036624
0.43400000000000033,5,129.6423763584869
0.43600000000000033,4,119.39165927083133
0.43800000000000033,4,114.14711627032327
0.44000000000000034,4,103.48396180694493
0.44200000000000034,4,88.69992811094795
0.44400000000000034,3,59.91869725202116
0.44600000000000034,2,44.491615352619405
0.44800000000000034,3,54.90503096448
0.45000000000000034,3,58.17380057876678
0.45200000000000035,3,51.04079516636688
0.45400000000000035,2,45.014017320841546
0.45600000000000035,3,54.62480519738158
0.45800000000000035,3,56.7906057194766
0.46000000000000035,2,49.96092877746331
0.46200000000000035,2,57.8705846292181
0.46400000000000036,2,99.63227550087299
0.46600000000000036,2,142.13193989548427
0.46800000000000036,3,158.8367316883652
0.47000000000000036,3,149.54521962817205
0.47200000000000036,2,126.92163639743012
0.47400000000000037,2,98.98369473132546
0.47600000000000037,3,82.27846337251778
0.47800000000000037,4,80.9361597505877
0.48000000000000037,4,76.2455690525269
0.4820000000000004,4,63.92577016939474
0.4840000000000004,3,65.29047060358418
0.4860000000000004,4,90.29797708259268
0.4880000000000004,4,116.97488117019978
0.4900000000000004,5,130.88679121052064
0.4920000000000004,5,219.56871472830716
0.4940000000000004,5,226.85509462717476
0.4960000000000004,5,202.7359359410605
0.4980000000000004,4,119.72713743089457
0.5000000000000004,4,122.37234806438516
0.5020000000000004,4,116.58085291130486
0.5040000000000004,4,124.42528685086106
0.5060000000000004,4,118.69711638848592
0.5080000000000005,5,137.573161179939
0.5100000000000005,5,146.55316678796194
0.5120000000000005,5,155.7554590543531
0.5140000000000005,5,167.9977817432617
0.5160000000000005,4,158.64113081855382
0.5180000000000005,4,154.94813570957535
0.5200000000000005,4,157.13549259806095
0.5220000000000005,4,187.6384089552336
0.5240000000000005,4,207.73469276797084
0.5260000000000005,4,208.20995503724433
0.5280000000000005,4,214.9427728444426
0.5300000000000005,5,218.62426967015446
0.5320000000000005,4,208.398606408199
0.5340000000000005,4,196.969871502075
0.5360000000000005,4,166.9515204404447
0.5380000000000005,3,140.31765768930148
0.5400000000000005,3,129.73609883617002
0.5420000000000005,3,123.9442135977163
0.5440000000000005,3,123.99846385268847
0.5460000000000005,4,140.39214832908675
0.5480000000000005,4,152.5820444127851
0.5500000000000005,3,154.05709122469057
0.5520000000000005,3,157.60288922197097
0.5540000000000005,3,153.3928589587724
0.5560000000000005,4,159.70180347321457
0.5580000000000005,4,171.94438201312767
0.5600000000000005,4,180.15097861988204
0.5620000000000005,3,186.8103462816261
0.5640000000000005,3,201.43108982771153
0.5660000000000005,3,205.5159128565249
0.5680000000000005,3,200.1301072471228
0.5700000000000005,3,186.6067123949679
0.5720000000000005,3,150.4607856404823
0.5740000000000005,3,126.54346923147259
0.5760000000000005,4,159.7711248178881
0.5780000000000005,4,185.46044913620045
0.5800000000000005,4,202.5034717711395
0.5820000000000005,4,197.20806269349882
0.5840000000000005,4,208.63847607537923
0.5860000000000005,4,193.82888685808314
0.5880000000000005,5,161.2014660722374
0.5900000000000005,3,123.76686653264025
0.5920000000000005,3,139.24998905103996
0.5940000000000005,3,168.83062842779344
0.5960000000000005,4,186.90908281418746
0.5980000000000005,4,205.7800479469031
0.6000000000000005,4,197.10945205049347
0.6020000000000005,3,187.524689649871
0.6040000000000005,3,185.05589585205902
0.6060000000000005,3,161.98701404528234
0.6080000000000005,3,138.39491379788677
0.6100000000000005,3,125.28132212873743
0.6120000000000005,4,119.62056381672504
0.6140000000000005,4,117.46101022598968
0.6160000000000005,4,115.9995769777038
0.6180000000000005,3,126.84964952549653
0.6200000000000006,3,136.61711813013986
0.6220000000000006,3,135.17878132491916
0.6240000000000006,4,140.76498981610015
0.6260000000000006,4,130.7051634161752
0.6280000000000006,4,146.3012292466545
0.6300000000000006,3,145.5914184415526
0.6320000000000006,4,156.55529682241945
0.6340000000000006,4,153.78220168975815
0.6360000000000006,4,161.44813404150767
0.6380000000000006,4,167.41910805492856
0.6400000000000006,4,170.00890007434555
0.6420000000000006,4,171.29791484451954
0.6440000000000006,5,186.13955558774023
0.6460000000000006,5,188.18291346392908
0.6480000000000006,5,172.3882318586463
0.6500000000000006,4,133.86402743043863
0.6520000000000006,5,126.82114389781137
0.6540000000000006,5,136.0825027905622
0.6560000000000006,5,150.89885129922013
0.6580000000000006,4,154.70346719698333
0.6600000000000006,4,168.07660447157963
0.6620000000000006,3,177.46570658323208
0.6640000000000006,4,191.89581817597806
0.6660000000000006,4,190.64035895918215
0.6680000000000006,5,196.61201793790565
0.6700000000000006,4,185.188680333386
0.6720000000000006,3,158.81764915661415
0.6740000000000006,4,160.2254294815321
0.6760000000000006,4,160.59917585045037
0.6780000000000006,4,168.4178381084383
0.6800000000000006,4,165.21340547477055
0.6820000000000006,4,160.11401743515512
0.6840000000000006,4,149.13634172837496
0.6860000000000006,4,151.54632626033816
0.6880000000000006,3,145.480967562353
0.6900000000000006,3,142.50705612164097
0.6920000000000006,4,150.37642657062895
0.6940000000000006,4,174.39312903364302
0.6960000000000006,4,202.07191543816316
0.6980000000000006,4,227.90196126562947
0.7000000000000006,4,249.59110816257248
0.7020000000000006,5,283.96322060352065
0.7040000000000006,5,294.1131682852164
0.7060000000000006,5,297.2132432396103
0.7080000000000006,5,284.8482233209098
0.7100000000000006,5,282.6442503942816
0.7120000000000006,5,288.5728461239994
0.7140000000000006,4,302.05884920557037
0.7160000000000006,5,316.74228166929413
0.7180000000000006,5,322.90976576759454
0.7200000000000006,4,293.09832234487686
0.7220000000000006,3,270.2352286299016
0.7240000000000006,4,270.7928694477003
0.7260000000000006,4,245.66627398562332
0.7280000000000006,4,204.7522670948483
0.7300000000000006,4,171.6267419620856
0.7320000000000007,4,161.01468751205468
0.7340000000000007,4,164.71135225555233
0.7360000000000007,4,167.4688002688759
0.7380000000000007,5,187.97572350263
0.7400000000000007,5,195.08602187311607
0.7420000000000007,3,173.47598997784937
0.7440000000000007,3,169.92083820678852
0.7460000000000007,4,171.65208056961433
0.7480000000000007,4,157.77606323623263
0.7500000000000007,4,171.2274685730702
0.7520000000000007,4,173.97139902463323
0.7540000000000007,4,168.50970349938498
0.7560000000000007,4,159.51767223911173
0.7580000000000007,4,158.48650863026342
0.7600000000000007,4,175.78665462854613
0.7620000000000007,4,176.06018100846535
0.7640000000000007,4,181.44335623267
0.7660000000000007,5,201.0984079411306
0.7680000000000007,5,204.95479814680436
0.7700000000000007,5,203.87000226584712
0.7720000000000007,4,191.68475295757867
0.7740000000000007,4,178.80732783581195
0.7760000000000007,4,164.78769875146074
0.7780000000000007,4,159.2143977077804
0.7800000000000007,5,174.2065125710045
0.7820000000000007,5,187.8759149113538
0.7840000000000007,5,191.59770502548702
0.7860000000000007,4,186.40612109313605
0.7880000000000007,3,185.53104286388404
0.7900000000000007,4,198.6810908691861
0.7920000000000007,4,197.51832159548246
0.7940000000000007,5,205.18687673572384
0.7960000000000007,4,202.32534115430704
0.7980000000000007,4,199.05829927834014
0.8000000000000007,4,182.96014721572232
0.8020000000000007,3,170.05907025499434
0.8040000000000007,4,184.83492689064656
0.8060000000000007,4,186.5749907230934
0.8080000000000007,5,195.64770698478137
0.8100000000000007,5,196.6922661166705
0.8120000000000007,5,197.8518907791792
0.8140000000000007,5,207.54740789941755
0.8160000000000007,5,205.58104627776152
0.8180000000000007,4,182.6043130505101
0.8200000000000007,4,174.40376672706415
0.8220000000000007,4,181.84690291444562
0.8240000000000007,4,205.38526854269065
0.8260000000000007,4,236.03946561667203
0.8280000000000007,4,245.73280514215435
0.8300000000000007,4,260.59379667845434
0.8320000000000007,4,261.510731259747
0.8340000000000007,3,252.58198158193306
0.8360000000000007,2,229.25785132858198
0.8380000000000007,2,199.7502263926155
0.8400000000000007,2,169.01103242852815
0.8420000000000007,2,175.33833844789257
0.8440000000000007,2,192.99001138459352
0.8460000000000008,2,204.7803675862461
0.8480000000000008,2,206.93879591454612
0.8500000000000008,2,203.80544848113345
0.8520000000000008,2,200.75768112737734
0.8540000000000008,2,186.41118256332183
0.8560000000000008,2,156.20272488243245
0.8580000000000008,3,127.4214827229176
0.8600000000000008,3,91.34848807363316
0.8620000000000008,2,76.82343325187409
0.8640000000000008,1,75.26754058608114
0.8660000000000008,1,82.6224343194224
0.8680000000000008,1,88.87089352140072
0.8700000000000008,1,89.02394570644798
0.8720000000000008,2,103.28892107310443
0.8740000000000008,2,105.32728410864729
0.8760000000000008,2,97.94218679177898
0.8780000000000008,2,76.01492718951603
0.8800000000000008,1,55.65994312997652
0.8820000000000008,2,64.31496074065042
0.8840000000000008,3,71.11544879887488
0.8860000000000008,3,67.18695239071393
0.8880000000000008,3,60.17133519016038
0.8900000000000008,2,49.24053482198295
0.8920000000000008,2,57.85478122538953
0.8940000000000008,2,59.447498313196675
0.8960000000000008,3,63.55577388328787
0.8980000000000008,3,57.80221590544643
0.9000000000000008,3,59.822657169537266
0.9020000000000008,3,64.54803711709593
0.9040000000000008,2,55.56722797263597
0.9060000000000008,2,54.09011392929552
0.9080000000000008,2,43.02183226186495
0.9100000000000008,2,45.10814495517554
0.9120000000000008,2,40.628084721800654
0.9140000000000008,2,40.70583851996689
0.9160000000000008,1,32.6196828114462
0.9180000000000008,2,67.89764461013573
0.9200000000000008,4,129.78145274291563
0.9220000000000008,4,136.04753734910642
0.9240000000000008,4,135.96026844840227
0.9260000000000008,3,116.46350568507805
0.9280000000000008,3,57.670441012961064
0.9300000000000008,2,39.579543107997026
0.9320000000000008,2,41.185189441253435
0.9340000000000008,2,39.91378179085215
0.9360000000000008,2,36.988588531502664
0.9380000000000008,1,26.56201133007274
0.9400000000000008,2,34.19936521911731
0.9420000000000008,2,38.1605406637856
0.9440000000000008,2,38.43002554670173
0.9460000000000008,2,37.427383481429096
0.9480000000000008,3,43.67828820266504
0.9500000000000008,3,43.43568599774674
0.9520000000000008,3,44.054910438599634
0.9540000000000008,2,37.13475098259934
0.9560000000000008,2,39.44471018414079
0.9580000000000009,2,46.076202420816
0.9600000000000009,2,56.640265274850165
0.9620000000000009,2,58.26241601310104
0.9640000000000009,2,58.282264789450906
0.9660000000000009,2,57.60143778139634
0.9680000000000009,2,55.705756120624585
0.9700000000000009,2,49.09283267792591
0.9720000000000009,1,34.716734172384015
0.9740000000000009,1,28.550272919729718
0.9760000000000009,1,19.97584584249345
0.9780000000000009,1,8.170188652099236
0.9800000000000009,0,0.0
0.9820000000000009,0,0.0
0.9840000000000009,0,0.0
0.9860000000000009,0,0.0
0.9880000000000009,1,7.7954405286576955
0.9900000000000009,1,8.686146490860583
0.9920000000000009,1,8.684920170611749
0.9940000000000009,1,7.943723859987634
0.9960000000000009,1,7.597774270745557
0.9980000000000009,1,13.697594872385729
1.0000000000000009,1,16.69683493152017
1.002000000000001,1,16.69755198807164
1.004000000000001,1,16.630657801428725
1.006000000000001,1,14.74411742343361
1.008000000000001,1,12.750832171165872
1.010000000000001,1,6.498445492545665
1.012000000000001,1,6.195792507593105
1.014000000000001,1,9.775310619656754
1.016000000000001,1,9.771733890005468
1.018000000000001,1,9.745944621423813
1.020000000000001,1,6.890734395415114
1.022000000000001,1,6.892443461279311
1.024000000000001,1,6.545814245520593
1.026000000000001,0,0.0
1.028000000000001,1,5.7244949146130875
1.030000000000001,1,7.721522915900752
1.032000000000001,1,7.718905201668636
1.034000000000001,1,7.344980769000216
1.036000000000001,0,0.0
1.038000000000001,1,6.30426582780005
1.040000000000001,1,19.548213934626403
1.042000000000001,2,38.251063677667034
1.044000000000001,2,52.090025808500826
1.046000000000001,2,59.99780193331671
1.048000000000001,3,67.98347989436614
1.050000000000001,3,72.41359699035647
1.052000000000001,3,70.42600948553067
1.054000000000001,2,62.118169980903716
1.056000000000001,2,72.64728551976035
1.058000000000001,2,78.0221702084603
1.060000000000001,2,82.95910692873983
1.062000000000001,3,91.81901421894185
1.064000000000001,4,108.76961696140674
1.066000000000001,4,108.81252446435899
1.068000000000001,4,108.76265623429029
1.070000000000001,4,98.82143179939725
1.072000000000001,2,77.62893439874753
1.074000000000001,2,69.06934415490758
1.076000000000001,2,60.88236630709064
1.078000000000001,2,54.38894127665428
1.080000000000001,2,52.93438962193102
1.082000000000001,2,56.72133929411349
1.084000000000001,2,58.46285018456753
1.086000000000001,2,59.55174508779176
1.088000000000001,3,62.94721695520918
1.090000000000001,3,68.58209889519618
1.092000000000001,3,73.55552397465952
1.094000000000001,3,81.2253316521629
1.096000000000001,3,84.65826677680316
1.098000000000001,2,78.21530298158936
1.100000000000001,2,82.63721940946839
1.102000000000001,2,82.65872967467851
1.104000000000001,2,82.67767605750166
1.106000000000001,2,79.03164394340945
1.108000000000001,1,69.68902237961679
1.110000000000001,1,66.98698536669384
1.112000000000001,2,66.75666224442706
1.114000000000001,2,60.58354915920519
1.116000000000001,2,59.38802788012148
1.118000000000001,3,68.74188269689047
1.120000000000001,3,68.92824703987895
1.122000000000001,3,67.37016946739152
1.124000000000001,2,51.448440801281365
1.126000000000001,1,38.38532933987645
1.128000000000001,1,36.19876107813558
1.130000000000001,1,40.581364391254084
1.132000000000001,1,45.97923909209542
1.134000000000001,1,51.66943240979301
1.136000000000001,1,56.9689078389027
1.138000000000001,1,62.84209966161049
1.140000000000001,1,67.36024382836754
1.142000000000001,1,69.08157264693097
1.144000000000001,1,69.10434754808206
1.146000000000001,1,69.125034731806
1.148000000000001,1,69.1484280563553
1.150000000000001,1,67.48760580100455
1.152000000000001,1,63.50555791634434
1.154000000000001,1,60.304345749257344
1.156000000000001,1,59.27859892746401
1.158000000000001,1,58.05606540451484
1.160000000000001,1,54.95454312244419
1.162000000000001,2,59.33760353059533
1.164000000000001,2,57.335736540617745
1.166000000000001,2,53.912991404523964
1.168000000000001,2,49.99291652816957
1.170000000000001,3,53.062113146725025
1.172000000000001,3,55.82290246668366
1.174000000000001,3,58.026071738992826
1.176000000000001,3,55.01564205342153
1.178000000000001,2,48.80539232234937
1.180000000000001,2,50.96690963011116
1.182000000000001,2,51.72979884637725
1.184000000000001,2,51.457525600170044
1.186000000000001,3,58.88181039036121
1.188000000000001,3,64.12903780273555
1.190000000000001,3,68.64065094025031
1.192000000000001,3,68.65390944795274
1.194000000000001,3,63.14072135008003
1.196000000000001,2,50.60129821583524
1.198000000000001,3,64.34546874756082
1.200000000000001,3,88.85995351471591
1.202000000000001,4,110.03176333626377
1.204000000000001,3,116.64236461344129
1.206000000000001,4,125.03056892466702
1.208000000000001,3,117.38545868263857
1.210000000000001,3,125.81962602469696
1.212000000000001,3,126.64048644879094
1.214000000000001,2,113.04214983560104
1.216000000000001,4,112.09324830868432
1.218000000000001,4,115.64945883474236
1.220000000000001,4,129.47560760541813
1.222000000000001,4,141.67821490807518
1.224000000000001,4,145.1772372220106
1.226000000000001,3,126.94723234249145
1.228000000000001,3,114.11042354965474
1.230000000000001,3,105.2859527329197
1.232000000000001,3,99.67414870019996
1.234000000000001,3,98.77599840659461
1.236000000000001,3,110.01354378090441
1.238000000000001,2,108.67527198754604
1.240000000000001,2,113.47643548763963
1.242000000000001,2,111.96047578646139
1.244000000000001,3,117.78240229324389
1.246000000000001,3,124.859051551034
1.248000000000001,3,122.91947335654177
1.250000000000001,3,115.29276124636073
1.2520000000000011,3,110.49296316942522
1.2540000000000011,3,98.92897620979001
1.2560000000000011,3,91.95561238793715
1.2580000000000011,3,87.5106863461539
1.2600000000000011,3,88.8652143424143
1.2620000000000011,3,96.42660460818044
1.2640000000000011,3,101.69052857645394
1.2660000000000011,2,95.99634115540536
1.2680000000000011,2,97.24367918892005
1.2700000000000011,2,94.4520751657158
1.2720000000000011,1,82.3849297154799
1.2740000000000011,2,89.52419493998103
1.2760000000000011,3,95.71471713232597
1.2780000000000011,3,96.11274169731641
1.2800000000000011,3,92.54043123348676
1.2820000000000011,2,84.61732108163098
1.2840000000000011,2,77.9200359025445
1.2860000000000011,1,65.65597606132236
1.2880000000000011,1,70.80020095688377
1.2900000000000011,1,77.75593420402576
1.2920000000000011,1,86.7934079165174
1.2940000000000011,1,96.15359867362774
1.2960000000000012,1,101.35149304613121
1.2980000000000012,2,112.35294291949197
1.3000000000000012,2,116.98698393650217
1.3020000000000012,2,121.44369499483929
1.3040000000000012,2,122.8448179531913
1.3060000000000012,2,122.87731676674181
1.3080000000000012,2,122.89187965561185
1.3100000000000012,1,114.11897024837825
1.3120000000000012,1,111.9162698554817
1.3140000000000012,1,106.3975838581959
1.3160000000000012,1,98.24130091688757
1.3180000000000012,1,89.90617129319492
1.3200000000000012,1,82.57493976696414
1.3220000000000012,1,77.38100746008465
1.3240000000000012,2,80.88962912438825
1.3260000000000012,2,84.27239705853594
1.3280000000000012,2,88.33994379910924
1.3300000000000012,2,92.93529943683528
1.3320000000000012,2,95.00377059387938
1.3340000000000012,2,97.43809920467663
1.3360000000000012,2,102.49492136350483
1.3380000000000012,2,106.2478591628869
1.3400000000000012,2,109.65779785477655
1.3420000000000012,2,115.026583764611
1.3440000000000012,2,122.18175827072852
1.3460000000000012,2,132.9074171336201
1.3480000000000012,2,147.56616597796932
1.3500000000000012,2,156.00749188420633
1.3520000000000012,2,163.86025188888127
1.3540000000000012,2,172.294817996471
1.3560000000000012,2,172.99359144457057
1.3580000000000012,2,173.02231495141186
1.3600000000000012,3,179.95202127039605
1.3620000000000012,3,177.8239496480069
1.3640000000000012,3,169.2680702992187
1.3660000000000012,3,153.7102281224474
1.3680000000000012,1,120.71834555803741
1.3700000000000012,2,125.89065949552814
1.3720000000000012,2,143.98277268858146
1.3740000000000012,2,157.86037443233914
1.3760000000000012,3,175.63033581218738
1.3780000000000012,3,185.09656734052368
1.3800000000000012,2,179.36816261394696
1.3820000000000012,3,186.56459326793373
1.3840000000000012,3,197.64843486575478
1.3860000000000012,3,202.92314998251115
1.3880000000000012,3,197.5130376210695
1.3900000000000012,3,194.3715787484466
1.3920000000000012,3,185.3966483642156
1.3940000000000012,3,164.89282654980929
1.3960000000000012,3,151.78854593469885
1.3980000000000012,3,153.18742386635395
1.4000000000000012,3,150.25989329793944
1.4020000000000012,3,157.1007067058461
1.4040000000000012,3,165.26344290767693
1.4060000000000012,3,165.30353162491306
1.4080000000000013,3,165.34357014423261
1.4100000000000013,3,162.80731318934946
1.4120000000000013,3,153.01567101023008
1.4140000000000013,3,153.01440208393507
1.4160000000000013,3,149.87324543881923
1.4180000000000013,3,140.45117426553233
1.4200000000000013,3,130.18439907784867
1.4220000000000013,3,117.03723393077493
1.4240000000000013,3,98.24017936082527
1.4260000000000013,3,87.59390843786478
1.4280000000000013,3,79.80420130477495
1.4300000000000013,3,74.70436983015018
1.4320000000000013,2,60.09476832485052
1.4340000000000013,2,58.87736330850619
1.4360000000000013,2,57.92722220695507
1.4380000000000013,2,57.544652801372976
1.4400000000000013,2,54.705211154210566
1.4420000000000013,2,46.46615656823283
1.4440000000000013,2,47.01835975906481
1.4460000000000013,2,45.65722211349187
1.4480000000000013,2,44.107788248371904
1.4500000000000013,2,44.702099011972535
1.4520000000000013,1,38.11871542425733
1.4540000000000013,1,38.13081797193181
1.4560000000000013,1,38.139669909211676
1.4580000000000013,1,38.15088803762433
1.4600000000000013,1,37.20095502447689
1.4620000000000013,1,34.378776922363166
1.4640000000000013,1,35.930256664731054
1.4660000000000013,1,38.51509397897145
1.4680000000000013,1,40.811234270795616
1.4700000000000013,2,49.06300174091051
1.4720000000000013,2,49.488177779232664
1.4740000000000013,2,50.637965835339784
1.4760000000000013,2,51.74477038624348
1.4780000000000013,2,51.755851498866235
1.4800000000000013,2,50.50239352404232
1.4820000000000013,2,46.10865301401432
1.4840000000000013,1,34.75527878508866
1.4860000000000013,1,32.75242505843182
1.4880000000000013,1,31.77158331120173
1.4900000000000013,1,31.09365105226372
1.4920000000000013,1,30.57929777882767
1.4940000000000013,1,30.580787441833163
1.4960000000000013,1,31.019640678510758
1.4980000000000013,1,31.03263020676561
1.5000000000000013,1,31.040639352807744
1.5020000000000013,1,31.051495142281905
1.5040000000000013,1,30.481885964776165
1.5060000000000013,1,28.279786864900462
1.5080000000000013,1,25.763322790317257
1.5100000000000013,1,23.915130818546015
1.5120000000000013,1,22.936501723526728
1.5140000000000013,1,22.084580952394145
1.5160000000000013,1,19.870514691785175
1.5180000000000013,1,16.334492518748114
1.5200000000000014,1,12.654681395340265
1.5220000000000014,1,10.664211805019512
1.5240000000000014,1,10.847502103883508
1.5260000000000014,1,10.850293816790964
1.5280000000000014,1,10.851972151934591
1.5300000000000014,1,10.854660852083205
1.5320000000000014,1,10.636154688070294
1.5340000000000014,1,10.12787610977384
1.5360000000000014,1,8.755121711529382
1.5380000000000014,2,12.540784750359125
1.5400000000000014,1,6.964756469801577
1.5420000000000014,1,6.95508532294674
1.5440000000000014,1,5.97217684974643
1.5460000000000014,0,0.0
1.5480000000000014,0,0.0
1.5500000000000014,0,0.0
1.5520000000000014,0,0.0
1.5540000000000014,1,9.105575141126776
1.5560000000000014,1,14.982281541476846
1.5580000000000014,1,16.453215777491145
1.5600000000000014,1,16.444188357243608
1.5620000000000014,1,16.449270750692524
1.5640000000000014,1,15.446866450190106
1.5660000000000014,1,10.070743439286149
1.5680000000000014,0,0.0
1.5700000000000014,1,13.923351886568161
1.5720000000000014,1,17.47865974295699
1.5740000000000014,1,17.475564939595007
1.5760000000000014,1,17.47876180058556
1.5780000000000014,1,17.41887512619948
1.5800000000000014,1,15.259608297090407
1.5820000000000014,1,17.50064296092833
1.5840000000000014,1,21.337840554951686
1.5860000000000014,1,21.32994272991308
1.5880000000000014,1,21.33602874778017
1.5900000000000014,1,21.24653038137111
1.5920000000000014,1,16.905215924449173
1.5940000000000014,1,16.147372497393683
1.5960000000000014,1,20.04461086652095
1.5980000000000014,1,20.83641372017677
1.6000000000000014,1,20.830465510051347
1.6020000000000014,1,20.835178665107197
1.6040000000000014,1,19.584393558005523
1.6060000000000014,1,13.147650920423471
1.6080000000000014,1,11.85405130977773
1.6100000000000014,1,11.989564673277405
1.6120000000000014,1,11.991631986821936
1.6140000000000014,1,13.226697554408627
1.6160000000000014,0,0.0
1.6180000000000014,0,0.0
1.6200000000000014,0,0.0
1.6220000000000014,0,0.0
1.6240000000000014,0,0.0
1.6260000000000014,0,0.0
1.6280000000000014,0,0.0
1.6300000000000014,0,0.0
1.6320000000000014,0,0.0
1.6340000000000015,0,0.0
1.6360000000000015,0,0.0
1.6380000000000015,0,0.0
1.6400000000000015,0,0.0
1.6420000000000015,0,0.0
1.6440000000000015,0,0.0
1.6460000000000015,0,0.0
1.6480000000000015,0,0.0
1.6500000000000015,0,0.0
1.6520000000000015,0,0.0
1.6540000000000015,0,0.0
1.6560000000000015,1,8.336226736420691
1.6580000000000015,1,8.320877491287908
1.6600000000000015,1,8.312339742953103
1.6620000000000015,1,8.307020553552189
1.6640000000000015,1,8.22987369084983
1.6660000000000015,0,0.0
1.6680000000000015,0,0.0
1.6700000000000015,0,0.0
1.6720000000000015,0,0.0
1.6740000000000015,0,0.0
1.6760000000000015,0,0.0
1.6780000000000015,0,0.0
1.6800000000000015,0,0.0
1.6820000000000015,0,0.0
1.6840000000000015,0,0.0
1.6860000000000015,0,0.0
1.6880000000000015,0,0.0
1.6900000000000015,0,0.0
1.6920000000000015,0,0.0
1.6940000000000015,0,0.0
1.6960000000000015,0,0.0
1.6980000000000015,0,0.0
1.7000000000000015,0,0.0
1.7020000000000015,0,0.0
1.7040000000000015,0,0.0
1.7060000000000015,0,0.0
1.7080000000000015,0,0.0
1.7100000000000015,0,0.0
1.7120000000000015,0,0.0
1.7140000000000015,0,0.0
1.7160000000000015,0,0.0
1.7180000000000015,0,0.0
1.7200000000000015,0,0.0
1.7220000000000015,0,0.0
1.7240000000000015,0,0.0
1.7260000000000015,0,0.0
1.7280000000000015,0,0.0
1.7300000000000015,0,0.0
1.7320000000000015,0,0.0
1.7340000000000015,0,0.0
1.7360000000000015,0,0.0
1.7380000000000015,0,0.0
1.7400000000000015,0,0.0
1.7420000000000015,0,0.0
1.7440000000000015,0,0.0
1.7460000000000016,0,0.0
1.7480000000000016,0,0.0
1.7500000000000016,0,0.0
1.7520000000000016,0,0.0
1.7540000000000016,0,0.0
1.7560000000000016,0,0.0
1.7580000000000016,0,0.0
1.7600000000000016,0,0.0
1.7620000000000016,0,0.0
1.7640000000000016,0,0.0
1.7660000000000016,0,0.0
1.7680000000000016,0,0.0
1.7700000000000016,0,0.0
1.7720000000000016,0,0.0
1.7740000000000016,0,0.0
1.7760000000000016,0,0.0
1.7780000000000016,0,0.0
1.7800000000000016,0,0.0
1.7820000000000016,0,0.0
1.7840000000000016,0,0.0
1.7860000000000016,0,0.0
1.7880000000000016,0,0.0
1.7900000000000016,0,0.0
1.7920000000000016,0,0.0
1.7940000000000016,0,0.0
1.7960000000000016,0,0.0
1.7980000000000016,0,0.0
1.8000000000000016,0,0.0
1.8020000000000016,0,0.0
1.8040000000000016,0,0.0
1.8060000000000016,0,0.0
1.8080000000000016,0,0.0
1.8100000000000016,0,0.0
1.8120000000000016,0,0.0
1.8140000000000016,0,0.0
1.8160000000000016,0,0.0
1.8180000000000016,0,0.0
1.8200000000000016,0,0.0
1.8220000000000016,0,0.0
1.8240000000000016,0,0.0
1.8260000000000016,0,0.0
1.8280000000000016,0,0.0
1.8300000000000016,0,0.0
1.8320000000000016,0,0.0
1.8340000000000016,0,0.0
1.8360000000000016,0,0.0
1.8380000000000016,0,0.0
1.8400000000000016,0,0.0
1.8420000000000016,0,0.0
1.8440000000000016,0,0.0
1.8460000000000016,0,0.0
1.8480000000000016,0,0.0
1.8500000000000016,0,0.0
1.8520000000000016,1,7.264336528447944
1.8540000000000016,1,9.2078915727917
1.8560000000000016,1,9.228737213857764
1.8580000000000017,1,9.22733269776115
1.8600000000000017,1,9.224535599897736
1.8620000000000017,1,9.214188501950547
1.8640000000000017,1,8.010683424142405
1.8660000000000017,0,0.0
1.8680000000000017,0,0.0
1.8700000000000017,0,0.0
1.8720000000000017,0,0.0
1.8740000000000017,0,0.0
1.8760000000000017,0,0.0
1.8780000000000017,0,0.0
1.8800000000000017,0,0.0
1.8820000000000017,0,0.0
1.8840000000000017,0,0.0
1.8860000000000017,0,0.0
1.8880000000000017,1,10.451071475884236
1.8900000000000017,1,15.098096968714774
1.8920000000000017,1,15.937775902368667
1.8940000000000017,1,15.93836297196469
1.8960000000000017,1,15.934475910183329
1.8980000000000017,1,15.926702624595965
1.9000000000000017,1,15.831291475115876
1.9020000000000017,1,13.485330030029333
1.9040000000000017,1,11.602306996438356
1.9060000000000017,1,11.601077595472075
1.9080000000000017,1,11.597101498402687
1.9100000000000017,1,11.590717173298899
1.9120000000000017,1,11.591045762201881
1.9140000000000017,1,10.578070845438413
1.9160000000000017,1,6.7277382112418
1.9180000000000017,0,0.0
1.9200000000000017,0,0.0
1.9220000000000017,0,0.0
1.9240000000000017,0,0.0
1.9260000000000017,0,0.0
1.9280000000000017,1,5.376238381077851
1.9300000000000017,1,6.460349219060088
1.9320000000000017,1,6.543329298143458
1.9340000000000017,1,6.544076265267446
1.9360000000000017,1,6.54428306004713
1.9380000000000017,1,6.544046975778861
1.9400000000000017,1,6.436541993748199
1.9420000000000017,1,5.638323311007743
1.9440000000000017,0,0.0
1.9460000000000017,0,0.0
1.9480000000000017,0,0.0
1.9500000000000017,0,0.0
1.9520000000000017,0,0.0
1.9540000000000017,0,0.0
1.9560000000000017,0,0.0
1.9580000000000017,0,0.0
1.9600000000000017,0,0.0
1.9620000000000017,0,0.0
1.9640000000000017,0,0.0
1.9660000000000017,0,0.0
1.9680000000000017,0,0.0
1.9700000000000017,0,0.0
1.9720000000000018,0,0.0
1.9740000000000018,0,0.0
1.9760000000000018,0,0.0
1.9780000000000018,0,0.0
1.9800000000000018,0,0.0
1.9820000000000018,0,0.0
1.9840000000000018,0,0.0
1.9860000000000018,0,0.0
1.9880000000000018,0,0.0
1.9900000000000018,0,0.0
1.9920000000000018,1,8.003752297160572
1.9940000000000018,1,9.220404072890492
1.9960000000000018,1,9.220320104036688
1.9980000000000018,1,9.220085790309438
2.0000000000000018,1,9.219705399240214
2.0020000000000016,1,10.585594666027166
2.004000000000002,1,13.719572306218083
2.0060000000000016,1,16.50671943979586
2.008000000000002,1,17.95970652072627
2.0100000000000016,1,18.162788445747797
2.012000000000002,1,18.165125103758253
2.0140000000000016,1,18.167350463630225
2.016000000000002,1,18.16943556954754
2.0180000000000016,1,18.17080977705338
2.020000000000002,1,17.703512678995235
2.0220000000000016,1,16.27760610208495
2.024000000000002,1,13.12754311514254
2.0260000000000016,1,8.815777844262529
2.028000000000002,1,8.930782440657758
2.0300000000000016,1,9.332649978316992
2.032000000000002,1,9.33165593994892
2.0340000000000016,1,9.330345857941403
2.036000000000002,1,9.330856454558559
2.0380000000000016,1,9.331744299280226
2.040000000000002,1,8.92302246385922
2.0420000000000016,1,8.08497307234327
2.044000000000002,1,7.4804624232735355
2.0460000000000016,1,6.965980886060654
2.048000000000002,1,6.08490335880291
2.0500000000000016,1,5.908401665886548
2.0520000000000014,1,6.7472494106261935
2.0540000000000016,1,6.744616950223411
2.056000000000002,1,6.744834643535237
2.0580000000000016,1,6.744441282994796
2.0600000000000014,1,6.7433011359625015
2.0620000000000016,1,6.451577278014169
2.064000000000002,1,6.378066580386903
2.0660000000000016,1,13.815205656790713
2.0680000000000014,1,23.246440742241948
2.0700000000000016,1,32.95165194356819
2.072000000000002,1,41.92020173522096
2.0740000000000016,1,49.585044412981844
2.0760000000000014,1,54.78449274045853
2.0780000000000016,1,56.30686419704242
2.080000000000002,1,56.30990645892091
2.0820000000000016,1,56.31282283465798
2.0840000000000014,1,56.325745366851976
2.0860000000000016,1,56.33514773580188
2.088000000000002,1,55.46894199515925
2.0900000000000016,1,52.23580623239204
2.0920000000000014,1,49.54397379814775
2.0940000000000016,1,49.655913140220065
2.096000000000002,1,49.66733753771314
2.0980000000000016,1,49.67719901711155
2.1000000000000014,1,49.686263620610895
2.1020000000000016,1,49.67841757138896
2.104000000000002,1,48.857606721683545
2.1060000000000016,1,47.4893128570114
2.1080000000000014,1,46.52121018898632
2.1100000000000017,1,46.100356551300024
2.112000000000002,1,45.929522226783334
2.1140000000000017,1,45.852335174801325
2.1160000000000014,1,44.75819330073288
2.1180000000000017,1,40.76547832636648
2.120000000000002,1,34.946353015508485
2.1220000000000017,1,29.60432320287414
2.1240000000000014,1,25.329243370505605
2.1260000000000017,1,22.113011678196855
2.128000000000002,1,19.842246357997393
2.1300000000000017,1,18.173390296652403
2.1320000000000014,1,17.006453051785652
2.1340000000000017,1,16.47888041648478
2.136000000000002,1,16.482717835298793
2.1380000000000017,1,16.4019317252941
2.1400000000000015,1,15.302128217103947
2.1420000000000017,1,12.39955958442338
2.144000000000002,1,8.168242935420443
2.1460000000000017,1,6.070243793786728
2.1480000000000015,1,6.063577961254986
2.1500000000000017,1,6.064438333438739
2.152000000000002,1,6.062928642966951
2.1540000000000017,1,6.05512086426567
2.1560000000000015,1,5.20416587581841
2.1580000000000017,0,0.0
2.160000000000002,0,0.0
2.1620000000000017,0,0.0
2.1640000000000015,0,0.0
2.1660000000000017,0,0.0
2.168000000000002,0,0.0
2.1700000000000017,0,0.0
2.1720000000000015,0,0.0
2.1740000000000017,0,0.0
2.176000000000002,0,0.0
2.1780000000000017,1,6.124733594958396
2.1800000000000015,1,6.872266243288502
2.1820000000000017,1,7.51616584536138
2.184000000000002,1,8.062661780525275
2.1860000000000017,1,8.075845750153093
2.1880000000000015,1,8.078862416665833
2.1900000000000017,1,8.077032325779351
2.192000000000002,1,8.077050121317448
2.1940000000000017,1,8.022998408973315
2.1960000000000015,1,6.694021440506742
2.1980000000000017,0,0.0
2.200000000000002,0,0.0
2.2020000000000017,0,0.0
2.2040000000000015,0,0.0
2.2060000000000017,0,0.0
2.208000000000002,0,0.0
2.2100000000000017,0,0.0
2.2120000000000015,0,0.0
2.2140000000000017,0,0.0
2.216000000000002,0,0.0
2.2180000000000017,0,0.0
2.2200000000000015,0,0.0
2.2220000000000018,0,0.0
2.224000000000002,0,0.0
2.2260000000000018,0,0.0
2.2280000000000015,0,0.0
2.2300000000000018,0,0.0
2.232000000000002,0,0.0
2.2340000000000018,0,0.0
2.2360000000000015,0,0.0
2.2380000000000018,0,0.0
2.240000000000002,0,0.0
2.2420000000000018,0,0.0
2.2440000000000015,0,0.0
2.2460000000000018,0,0.0
2.248000000000002,0,0.0
2.2500000000000018,0,0.0
2.2520000000000016,0,0.0
2.254000000000002,0,0.0
2.256000000000002,0,0.0
2.258000000000002,0,0.0
2.2600000000000016,0,0.0
2.262000000000002,0,0.0
2.264000000000002,0,0.0
2.266000000000002,0,0.0
2.2680000000000016,0,0.0
2.270000000000002,0,0.0
2.272000000000002,0,0.0
2.274000000000002,0,0.0
2.2760000000000016,0,0.0
2.278000000000002,0,0.0
2.280000000000002,0,0.0
2.282000000000002,0,0.0
2.2840000000000016,1,6.569624157779235
2.286000000000002,1,9.82545846566236
2.288000000000002,1,13.355135606850212
2.290000000000002,1,15.533475607063295
2.2920000000000016,1,15.686817229213364
2.294000000000002,1,15.682898131211019
2.296000000000002,1,15.685464459972785
2.298000000000002,1,15.67887136733627
2.3000000000000016,1,15.678182378011673
2.302000000000002,1,14.42651961834079
2.304000000000002,1,11.10461099231207
2.306000000000002,1,10.954552761551954
2.3080000000000016,1,15.308331812203791
2.310000000000002,1,17.349432912271894
2.312000000000002,1,17.483059112202604
2.314000000000002,1,17.479832951859294
2.3160000000000016,1,17.481206675401562
2.318000000000002,1,17.48368074862509
2.320000000000002,1,17.48175002715433
2.322000000000002,1,18.297844382263648
2.3240000000000016,1,20.72675790937532
2.326000000000002,1,21.131393031936597
2.328000000000002,1,21.129222954546133
2.330000000000002,1,21.124605994164998
2.3320000000000016,1,21.131144663966886
2.334000000000002,1,21.13169638436571
2.336000000000002,1,20.47339738394898
2.338000000000002,1,18.07247476289201
2.3400000000000016,1,19.851666194294275
2.342000000000002,1,20.858783748389122
2.344000000000002,1,20.860007912621402
2.346000000000002,1,20.8570631575959
2.3480000000000016,1,20.856228398460907
2.350000000000002,1,20.86045223418732
2.352000000000002,1,20.826123941120468
2.354000000000002,1,19.197112868455104
2.3560000000000016,1,15.702356299746732
2.358000000000002,1,13.281799215094537
2.360000000000002,1,13.861578171446542
2.362000000000002,1,14.897885286841847
2.3640000000000017,1,16.74443945023384
2.366000000000002,0,0.0
2.368000000000002,0,0.0
2.370000000000002,0,0.0
2.3720000000000017,0,0.0
2.374000000000002,0,0.0
2.376000000000002,0,0.0
2.378000000000002,0,0.0
2.3800000000000017,0,0.0
2.382000000000002,0,0.0
2.384000000000002,0,0.0
2.386000000000002,0,0.0
2.3880000000000017,0,0.0
2.390000000000002,0,0.0
2.392000000000002,0,0.0
2.394000000000002,0,0.0
2.3960000000000017,0,0.0
2.398000000000002,0,0.0
2.400000000000002,0,0.0
2.402000000000002,0,0.0
2.4040000000000017,0,0.0
2.406000000000002,0,0.0
2.408000000000002,0,0.0
2.410000000000002,0,0.0
2.4120000000000017,0,0.0
2.414000000000002,0,0.0
2.416000000000002,0,0.0
2.418000000000002,0,0.0
2.4200000000000017,0,0.0
2.422000000000002,0,0.0
2.424000000000002,0,0.0
2.426000000000002,0,0.0
2.4280000000000017,0,0.0
2.430000000000002,0,0.0
2.432000000000002,0,0.0
2.434000000000002,0,0.0
2.4360000000000017,0,0.0
2.438000000000002,0,0.0
2.440000000000002,0,0.0
2.442000000000002,0,0.0
2.4440000000000017,0,0.0
2.446000000000002,0,0.0
2.448000000000002,0,0.0
2.450000000000002,0,0.0
2.4520000000000017,0,0.0
2.454000000000002,0,0.0
2.456000000000002,0,0.0
2.458000000000002,0,0.0
2.4600000000000017,0,0.0
2.462000000000002,0,0.0
2.464000000000002,0,0.0
2.466000000000002,0,0.0
2.4680000000000017,0,0.0
2.470000000000002,0,0.0
2.472000000000002,0,0.0
2.474000000000002,0,0.0
2.4760000000000018,0,0.0
2.478000000000002,0,0.0
2.480000000000002,0,0.0
2.482000000000002,0,0.0
2.4840000000000018,0,0.0
2.486000000000002,0,0.0
2.488000000000002,0,0.0
2.490000000000002,0,0.0
2.4920000000000018,0,0.0
2.494000000000002,0,0.0
2.496000000000002,0,0.0
2.498000000000002,0,0.0
