band,donor,is_donor,lam_um,tail_frac,tail_slope,p000,p002,p004,p006,p008,p010,p012,p014,p016,p018,p020,p022,p024,p026,p028,p030,p032,p034,p036,p038,p040,p042,p044,p046,p048,p050,p052,p054,p056,p058,p060,p062,p064,p066,p068,p070,p072,p074,p076,p078,p080,p082,p084,p086,p088,p090,p092,p094,p096,p098,p100,p102,p104,p106,p108,p110,p112,p114,p116,p118,p120,p122,p124,p126,p128,p130,p132,p134,p136,p138,p140,p142,p144,p146,p148,p150,p152,p154,p156,p158
1-long,star,False,6.600000208040001,0.004159284222819944,-9.454712639894987,0.9729924831143806,0.9729924831143806,0.8362975742932464,0.6559166636839147,0.4972278810923093,0.3961781815192334,0.2951284819461573,0.2073904769005174,0.12321104365924147,0.06006149960504975,0.04490324113163976,0.029744982658229776,0.026379745007507213,0.025597740489373324,0.02297396815066869,0.016709491980603303,0.010445015810537917,0.005165506266407477,5.7688152485881846e-05,0.0,0.0,0.0,0.0,0.0,0.0,0.0,0.0,0.0,0.0,0.0,0.0,0.0,0.0,0.0,0.0,0.0,0.0,0.0,0.0,0.0,0.0,0.0,0.0,0.0,0.0,0.0,0.0,0.0,0.0,0.0,0.0,0.0,0.0,0.0,0.0,0.0,0.0,0.0,0.0,0.0,0.0,0.0,0.0,0.0,0.0,0.0,0.0,0.0,0.0,0.0,0.0,0.0,0.0,0.0,0.0,0.0,0.0,0.0,0.0,0.0
1-long,star,False,6.740000204503303,0.025355615426496864,-4.509498172979889,0.977869807204023,0.977869807204023,0.8537037241886162,0.6898556971167389,0.5423326550219472,0.4381874301519815,0.33404220528201584,0.231509439427084,0.12940772697221062,0.052776725416997954,0.03427119232511344,0.015765659233228937,0.012057911302411985,0.011591582978305072,0.009593647285172945,0.004568115630014247,0.0,0.0,0.0,0.0,0.0,0.0,0.0,0.0,0.0,0.0,0.0,0.0,0.0,0.0,0.0,0.0,0.0,0.0,0.0,0.0,0.0,0.0,0.0,0.0,0.0,0.0,0.0,0.0,0.0,0.0,0.0,0.0,0.0,0.0,0.0,0.0,0.0,0.0,0.0,0.0,0.0,0.0,0.0,0.0,0.0,0.0,0.0,0.0,0.0,0.0,0.0,0.0,0.0,0.0,0.0,0.0,0.0,0.0,0.0,0.0,0.0,0.0,0.0,0.0
1-long,star,False,6.880000200966606,0.01898054055778311,-6.02295847329865,0.9065535007318569,0.9065535007318569,0.7846712549088392,0.6238369511423825,0.4805090948027383,0.3836983701971952,0.2868876455916519,0.20504492636409305,0.12720355510886652,0.0683168795459405,0.05268579158852067,0.03705470363110083,0.029491321157787416,0.023695150361944944,0.018621178170893125,0.014974807873032113,0.011328437575171105,0.006392198315212511,0.0012311195114020456,0.0,0.0,0.0,0.0,0.0,0.0,0.0,0.0,0.0,0.0,0.0,0.0,0.0,0.0,0.0,0.0,0.0,0.0,0.0,0.0,0.0,0.0,0.0,0.0,0.0,0.0,0.0,0.0,0.0,0.0,0.0,0.0,0.0,0.0,0.0,0.0,0.0,0.0,0.0,0.0,0.0,0.0,0.0,0.0,0.0,0.0,0.0,0.0,0.0,0.0,0.0,0.0,0.0,0.0,0.0,0.0,0.0,0.0,0.0,0.0,0.0
1-long,star,False,7.020000197429908,0.03845756203440555,-5.301436299908443,0.6558283612570824,0.6558283612570824,0.6028427887130322,0.5329236826755227,0.455536326966483,0.35830476498737684,0.2610732030082706,0.18890100698653528,0.12342784938904758,0.07244479045056275,0.05452887973390492,0.03661296901724709,0.03139665942048624,0.028962167211893326,0.026123298821234105,0.022485082163699627,0.01884686550616515,0.015843134571376895,0.012950002065324217,0.009318816209179726,0.004415666068834451,0.0,0.0,0.0,0.0,0.0,0.0,0.0,0.0,0.0,0.0,0.0,0.0,0.0,0.0,0.0,0.0,0.0,0.0,0.0,0.0,0.0,0.0,0.0,0.0,0.0,0.0,0.0,0.0,0.0,0.0,0.0,0.0,0.0,0.0,0.0,0.0,0.0,0.0,0.0,0.0,0.0,0.0,0.0,0.0,0.0,0.0,0.0,0.0,0.0,0.0,0.0,0.0,0.0,0.0,0.0,0.0,0.0,0.0,0.0
1-long,star,False,7.160000193893211,0.028904628602669107,-5.29654638658798,0.83364288514156,0.83364288514156,0.7318000470480529,0.5974094978112601,0.47131356086403314,0.36725759371479566,0.263201626565558,0.1892424060089159,0.1233288503829675,0.07133586271441529,0.051110324999920964,0.03088478728542663,0.028774574292769906,0.03063248004870618,0.028396864582593787,0.018069404840338716,0.007741945098083642,0.007532487289435648,0.009086717891232915,0.007837663249904111,0.001757414891698469,0.0,0.0,0.0,0.0,0.0,0.0,0.0,0.0,0.0,0.0,0.0,0.0,0.0,0.0,0.0,0.0,0.0,0.0,0.0,0.0,0.0,0.0,0.0,0.0,0.0,0.0,0.0,0.0,0.0,0.0,0.0,0.0,0.0,0.0,0.0,0.0,0.0,0.0,0.0,0.0,0.0,0.0,0.0,0.0,0.0,0.0,0.0,0.0,0.0,0.0,0.0,0.0,0.0,0.0,0.0,0.0,0.0,0.0,0.0
1-long,star,False,7.3000001903565135,0.22487928749080216,-2.906268927198604,0.5862298335765139,0.5862298335765139,0.5403115287806446,0.47971830183351805,0.4054265510760695,0.29473586562262233,0.18404518016917504,0.13063314970841175,0.09253323493876194,0.061415293704989715,0.046230574130015085,0.03104585455504046,0.02583425558389722,0.02280724493549801,0.020854855956066082,0.02102671911296482,0.021198582269863556,0.013419381168965223,0.004254214738726131,0.0,0.0,0.0,0.0,0.0,0.0,0.0,0.0,0.0,0.0,0.0,0.0,0.0,0.0,0.0,0.0,0.0,0.0,0.0,0.0,0.0,0.0,0.0,0.0,0.0,0.0,0.0,0.0,0.0,0.0,0.0,0.0,0.0,0.0,0.0,0.0,0.0,0.0,0.0,0.0,0.0,0.0,0.0,0.0,0.0,0.0,0.0,0.0,0.0,0.0,0.0,0.0,0.0,0.0,0.0,0.0,0.0,0.0,0.0,0.0,0.0
1-long,star,False,7.440000186819816,,,1.0102322123262422,1.0102322123262422,0.8937411922692587,0.7400210833280845,0.5869131185013995,0.4354317080360717,0.2839502975707436,0.20040126341724368,0.13501236946591552,0.08130952656009464,0.0542748514247903,0.02724017628948596,0.01609510684870943,0.008430617702924744,0.002503634732055331,1.1256990669588317e-05,0.0,0.0,0.0,0.0,0.0,0.0,0.0,0.0,0.0,0.0,0.0,0.0,0.0,0.0,0.0,0.0,0.0,0.0,0.0,0.0,0.0,0.0,0.0,0.0,0.0,0.0,0.0,0.0,0.0,0.0,0.0,0.0,0.0,0.0,0.0,0.0,0.0,0.0,0.0,0.0,0.0,0.0,0.0,0.0,0.0,0.0,0.0,0.0,0.0,0.0,0.0,0.0,0.0,0.0,0.0,0.0,0.0,0.0,0.0,0.0,0.0,0.0,0.0,0.0
1-long,star,False,7.5800001832831185,0.06823516918767238,-4.704111023874837,0.6848391842119297,0.6848391842119297,0.6089330684748248,0.5087682971928719,0.4105298378423377,0.31740986448100184,0.22428989111966588,0.15922519514438824,0.10166042480696774,0.05921179535693332,0.0512589745986261,0.04330615384031888,0.03861111683025054,0.034629689593605975,0.030761114691230614,0.027115619984503687,0.023470125277776765,0.020352067396034693,0.01732594804341842,0.012958499308680047,0.0062793978090078416,0.0,0.0,0.0,0.0,0.0,0.0,0.0,0.0,0.0,0.0,0.0,0.0,0.0,0.0,0.0,0.0,0.0,0.0,0.0,0.0,0.0,0.0,0.0,0.0,0.0,0.0,0.0,0.0,0.0,0.0,0.0,0.0,0.0,0.0,0.0,0.0,0.0,0.0,0.0,0.0,0.0,0.0,0.0,0.0,0.0,0.0,0.0,0.0,0.0,0.0,0.0,0.0,0.0,0.0,0.0,0.0,0.0,0.0,0.0
1-medium,star,True,5.720399845886277,,,0.8835616949980445,0.8591004558775867,0.7897054931986941,0.6862786813606547,0.5638323590157684,0.43793900306493627,0.32158174946248064,0.22324580215662054,0.14651744904704211,0.09090955582300568,0.05332659604650693,0.029572792022579834,0.01550439895830342,0.007684784278629761,0.0036009953968901,0.0015952457316578835,0.0006681081290765822,0.0002645331237522836,9.902104479753179e-05,3.504201636150525e-05,1.1723703097509158e-05,3.7081276360315126e-06,1.10881393955711e-06,3.1345616753432974e-07,8.377397086465715e-08,2.1166815437338686e-08,5.056104999573678e-09,1.1418019628793625e-09,2.437696455706637e-10,4.920198294992634e-11,9.38857599737241e-12,1.693678543553256e-12,2.888526691021715e-13,4.657318336997681e-14,7.099203122778707e-15,1.0230513213547439e-15,1.3937965285737462e-16,1.795210898220151e-17,2.185977629708325e-18,2.516460339548517e-19,2.7387261379181235e-20,2.8178720074498495e-21,2.7409938345622146e-22,2.5206293808703283e-23,2.1914121707122538e-24,1.801164107938704e-25,1.3995764899338057e-26,1.0281444434285683e-27,7.140453026971475e-29,4.688258395073437e-30,2.910123721682069e-31,1.707754765231797e-32,9.474443238523254e-34,4.96930931583426e-35,2.4640669410849658e-36,1.1551093878736588e-37,5.1192679829605474e-39,2.144898548239088e-40,8.49610332938264e-42,3.1816100929535456e-43,1.1263886492339048e-44,3.770020525896895e-46,1.1929254493822716e-47,3.568593108124689e-49,1.0092410360302595e-50,2.698403607130133e-52,6.820764522604575e-54,1.6299464773470539e-55,3.6823729414652646e-57,7.864956723262169e-59,1.588104380056648e-60,3.031627860064287e-62,5.471253974312945e-64,9.334950090999329e-66,1.505744429823881e-67,2.2961733380646075e-69,3.310337044687261e-71,4.5118421586136175e-73,5.813661233794933e-75,7.082061351897306e-77
1-medium,star,True,5.8415998428245075,0.014080738907207818,-6.039370076657879,0.6981017364557911,0.6981017364557911,0.6252922579347284,0.5292137708141508,0.433418267844552,0.33837469419041133,0.24333112053627054,0.18297645695952286,0.1318950663737614,0.09118469586459052,0.07414152501738286,0.05709835417017518,0.04466679684835548,0.03324540248923984,0.024833524799555057,0.02237069168897771,0.019907858578400363,0.012761661853675832,0.004799098994375189,0.0007628463876727063,0.003493213578001082,0.0062235807683294585,0.00219898890735768,0.0,0.0,0.0,0.0,0.0,0.0,0.0,0.0,0.0,0.0,0.0,0.0,0.0,0.0,0.0,0.0,0.0,0.0,0.0,0.0,0.0,0.0,0.0,0.0,0.0,0.0,0.0,0.0,0.0,0.0,0.0,0.0,0.0,0.0,0.0,0.0,0.0,0.0,0.0,0.0,0.0,0.0,0.0,0.0,0.0,0.0,0.0,0.0,0.0,0.0,0.0,0.0,0.0,0.0,0.0,0.0,0.0
1-medium,star,True,5.962799839762738,0.017118949943694315,-7.357448141187942,0.7439334737151286,0.7439334737151286,0.6560371981792386,0.5400503603586828,0.4322358424785208,0.3461363461542626,0.2600368498300043,0.191893004474366,0.1285491846251905,0.0821222960423289,0.0743007121441323,0.0664791282459357,0.053808619816649174,0.040075966013885835,0.02816352528861683,0.019849180181650557,0.011534835074684282,0.005221049072290903,0.0,0.0,0.0,0.0,0.0,0.0,0.0,0.0,0.0,0.0,0.0,0.0,0.0,0.0,0.0,0.0,0.0,0.0,0.0,0.0,0.0,0.0,0.0,0.0,0.0,0.0,0.0,0.0,0.0,0.0,0.0,0.0,0.0,0.0,0.0,0.0,0.0,0.0,0.0,0.0,0.0,0.0,0.0,0.0,0.0,0.0,0.0,0.0,0.0,0.0,0.0,0.0,0.0,0.0,0.0,0.0,0.0,0.0,0.0,0.0,0.0,0.0
1-medium,star,True,6.0839998367009684,0.0033241944536638785,-8.192216577756598,0.7667225082989727,0.7667225082989727,0.6775056222593417,0.5597761231554989,0.454906270813983,0.3842063370123647,0.3135064032107463,0.2276709425434927,0.13778935093196043,0.07147038015423443,0.058922518458784275,0.046374656763334125,0.03473595427356913,0.023296400943144724,0.015499861564634156,0.014904628835255557,0.014309396105876957,0.009735369271549877,0.004467791171222606,0.001284817427797855,0.0016944597037157375,0.0021041019796336205,0.0013121897649335757,0.0003607791665231865,0.0,0.0,0.0,0.0,0.0,0.0,0.0,0.0,0.0,0.0,0.0,0.0,0.0,0.0,0.0,0.0,0.0,0.0,0.0,0.0,0.0,0.0,0.0,0.0,0.0,0.0,0.0,0.0,0.0,0.0,0.0,0.0,0.0,0.0,0.0,0.0,0.0,0.0,0.0,0.0,0.0,0.0,0.0,0.0,0.0,0.0,0.0,0.0,0.0,0.0,0.0,0.0,0.0,0.0,0.0,0.0
1-medium,star,True,6.205599833629094,,,0.8835616949980445,0.8591004558775867,0.7897054931986941,0.6862786813606547,0.5638323590157684,0.43793900306493627,0.32158174946248064,0.22324580215662054,0.14651744904704211,0.09090955582300568,0.05332659604650693,0.029572792022579834,0.01550439895830342,0.007684784278629761,0.0036009953968901,0.0015952457316578835,0.0006681081290765822,0.0002645331237522836,9.902104479753179e-05,3.504201636150525e-05,1.1723703097509158e-05,3.7081276360315126e-06,1.10881393955711e-06,3.1345616753432974e-07,8.377397086465715e-08,2.1166815437338686e-08,5.056104999573678e-09,1.1418019628793625e-09,2.437696455706637e-10,4.920198294992634e-11,9.38857599737241e-12,1.693678543553256e-12,2.888526691021715e-13,4.657318336997681e-14,7.099203122778707e-15,1.0230513213547439e-15,1.3937965285737462e-16,1.795210898220151e-17,2.185977629708325e-18,2.516460339548517e-19,2.7387261379181235e-20,2.8178720074498495e-21,2.7409938345622146e-22,2.5206293808703283e-23,2.1914121707122538e-24,1.801164107938704e-25,1.3995764899338057e-26,1.0281444434285683e-27,7.140453026971475e-29,4.688258395073437e-30,2.910123721682069e-31,1.707754765231797e-32,9.474443238523254e-34,4.96930931583426e-35,2.4640669410849658e-36,1.1551093878736588e-37,5.1192679829605474e-39,2.144898548239088e-40,8.49610332938264e-42,3.1816100929535456e-43,1.1263886492339048e-44,3.770020525896895e-46,1.1929254493822716e-47,3.568593108124689e-49,1.0092410360302595e-50,2.698403607130133e-52,6.820764522604575e-54,1.6299464773470539e-55,3.6823729414652646e-57,7.864956723262169e-59,1.588104380056648e-60,3.031627860064287e-62,5.471253974312945e-64,9.334950090999329e-66,1.505744429823881e-67,2.2961733380646075e-69,3.310337044687261e-71,4.5118421586136175e-73,5.813661233794933e-75,7.082061351897306e-77
1-medium,star,True,6.3267998305673245,,,0.8835616949980445,0.8591004558775867,0.7897054931986941,0.6862786813606547,0.5638323590157684,0.43793900306493627,0.32158174946248064,0.22324580215662054,0.14651744904704211,0.09090955582300568,0.05332659604650693,0.029572792022579834,0.01550439895830342,0.007684784278629761,0.0036009953968901,0.0015952457316578835,0.0006681081290765822,0.0002645331237522836,9.902104479753179e-05,3.504201636150525e-05,1.1723703097509158e-05,3.7081276360315126e-06,1.10881393955711e-06,3.1345616753432974e-07,8.377397086465715e-08,2.1166815437338686e-08,5.056104999573678e-09,1.1418019628793625e-09,2.437696455706637e-10,4.920198294992634e-11,9.38857599737241e-12,1.693678543553256e-12,2.888526691021715e-13,4.657318336997681e-14,7.099203122778707e-15,1.0230513213547439e-15,1.3937965285737462e-16,1.795210898220151e-17,2.185977629708325e-18,2.516460339548517e-19,2.7387261379181235e-20,2.8178720074498495e-21,2.7409938345622146e-22,2.5206293808703283e-23,2.1914121707122538e-24,1.801164107938704e-25,1.3995764899338057e-26,1.0281444434285683e-27,7.140453026971475e-29,4.688258395073437e-30,2.910123721682069e-31,1.707754765231797e-32,9.474443238523254e-34,4.96930931583426e-35,2.4640669410849658e-36,1.1551093878736588e-37,5.1192679829605474e-39,2.144898548239088e-40,8.49610332938264e-42,3.1816100929535456e-43,1.1263886492339048e-44,3.770020525896895e-46,1.1929254493822716e-47,3.568593108124689e-49,1.0092410360302595e-50,2.698403607130133e-52,6.820764522604575e-54,1.6299464773470539e-55,3.6823729414652646e-57,7.864956723262169e-59,1.588104380056648e-60,3.031627860064287e-62,5.471253974312945e-64,9.334950090999329e-66,1.505744429823881e-67,2.2961733380646075e-69,3.310337044687261e-71,4.5118421586136175e-73,5.813661233794933e-75,7.082061351897306e-77
1-medium,star,True,6.447999827505555,0.007599916679554824,-8.536659008554723,0.913903981648621,0.913903981648621,0.7938440608614638,0.6354144746681017,0.49241486284062363,0.39041489718535166,0.2884149315300795,0.20998422522847818,0.13785421202142234,0.08152101425489162,0.061236959416738596,0.04095290457858557,0.03186309313747032,0.02522535405951575,0.017888104241758084,0.009168100636017576,0.0004480970302770649,0.0,0.0,0.0,0.0,0.0,0.0,0.0,0.0,0.0,0.0,0.0,0.0,0.0,0.0,0.0,0.0,0.0,0.0,0.0,0.0,0.0,0.0,0.0,0.0,0.0,0.0,0.0,0.0,0.0,0.0,0.0,0.0,0.0,0.0,0.0,0.0,0.0,0.0,0.0,0.0,0.0,0.0,0.0,0.0,0.0,0.0,0.0,0.0,0.0,0.0,0.0,0.0,0.0,0.0,0.0,0.0,0.0,0.0,0.0,0.0,0.0,0.0,0.0
1-medium,star,True,6.569599824433681,0.02298500213988918,-4.878136718045435,0.8225237193523285,0.8225237193523285,0.7175088511938263,0.578932530324875,0.4508979389286002,0.3508742287025797,0.25085051847655926,0.1819469112787053,0.12136253954382649,0.07603442207722995,0.06552185922286716,0.055009296368504365,0.044194761123088656,0.03331407954439473,0.023429177047079478,0.015512675059466284,0.007596173071853093,0.005789615816894746,0.005048094799738613,0.004397713138397684,0.0039044014306957196,0.003411089722993755,0.0,0.0,0.0,0.0,0.0,0.0,0.0,0.0,0.0,0.0,0.0,0.0,0.0,0.0,0.0,0.0,0.0,0.0,0.0,0.0,0.0,0.0,0.0,0.0,0.0,0.0,0.0,0.0,0.0,0.0,0.0,0.0,0.0,0.0,0.0,0.0,0.0,0.0,0.0,0.0,0.0,0.0,0.0,0.0,0.0,0.0,0.0,0.0,0.0,0.0,0.0,0.0,0.0,0.0,0.0,0.0,0.0,0.0
1-short,star,True,4.952400094043696,0.03845155274035497,-5.053518871337981,0.5980510135304977,0.5980510135304977,0.5500571377824124,0.4867250130839079,0.4239116807910243,0.3624768540330758,0.30104202727512724,0.22973519231015535,0.15578930564627627,0.09612415276489411,0.06904836672049199,0.04197258067608986,0.032722425569516204,0.027376932477895473,0.02240871486187883,0.018186274348800494,0.01396383383572216,0.008444267677494054,0.002698597049010485,0.0,0.0,0.0,0.0,0.0,0.0,0.0,0.0,0.0,0.0,0.0,0.0,0.0,0.0,0.0,0.0,0.0,0.0,0.0,0.0,0.0,0.0,0.0,0.0,0.0,0.0,0.0,0.0,0.0,0.0,0.0,0.0,0.0,0.0,0.0,0.0,0.0,0.0,0.0,0.0,0.0,0.0,0.0,0.0,0.0,0.0,0.0,0.0,0.0,0.0,0.0,0.0,0.0,0.0,0.0,0.0,0.0,0.0,0.0,0.0,0.0
1-short,star,True,5.057200091396226,0.006428861813127921,-5.419415375201522,0.6331579215612176,0.6331579215612176,0.5825908167577747,0.515863090831582,0.450016468064606,0.3865110622635492,0.32300565646249235,0.24559942386619818,0.16447712866127623,0.09945456112013405,0.07117239773479715,0.04289023434946026,0.032063460706239784,0.025060248625578166,0.01835289461392548,0.012230376320081154,0.0061078580262368285,0.0034014293879687974,0.001290465919021401,0.0003757872938693776,0.0015227910590881006,0.0026697948243068234,0.0013269513682462072,0.0,0.0,0.0,0.0,0.0,0.0,0.0,0.0,0.0,0.0,0.0,0.0,0.0,0.0,0.0,0.0,0.0,0.0,0.0,0.0,0.0,0.0,0.0,0.0,0.0,0.0,0.0,0.0,0.0,0.0,0.0,0.0,0.0,0.0,0.0,0.0,0.0,0.0,0.0,0.0,0.0,0.0,0.0,0.0,0.0,0.0,0.0,0.0,0.0,0.0,0.0,0.0,0.0,0.0,0.0,0.0,0.0
1-short,star,True,5.162000088748755,0.0,-1.8474382144637673,0.5170945808000574,0.5170945808000574,0.4756485185510574,0.42095680754206766,0.36628164259725104,0.3116504429086656,0.25701924322008013,0.19230504654162967,0.12489539522232421,0.07251643309692486,0.0544382745165933,0.03636011593626172,0.031110978063695165,0.02867200663187714,0.02524499029027766,0.019864861917714846,0.01448473354515203,0.009305904441555594,0.004162164201356966,0.0019481895744865997,0.004783385472713869,0.007618581370941139,0.006451815667550222,0.0047538161232365365,0.004371029012390767,0.0059739547912906615,0.007576880570190557,0.005505923376930912,0.003089558382869956,0.002446375670081861,0.004156689439710451,0.00586700320933904,0.004087244426717589,0.002105580620412257,0.0016409574122500789,0.002950500327340053,0.004260043242430028,0.0034856613326693007,0.002661265227112158,0.0022157557881578712,0.002161161163952563,0.0020951699831191052,0.0005818161105106683,0.0,0.0,0.0,0.0,0.0,0.0,0.0,0.0,0.0,0.0,0.0,0.0,0.0,0.0,0.0,0.0,0.0,0.0,0.0,0.0,0.0,0.0,0.0,0.0,0.0,0.0,0.0,0.0,0.0,0.0,0.0,0.0,0.0,0.0,0.0,0.0,0.0
1-short,star,True,5.267200086091179,0.01086773556450194,-7.787319777246461,0.5781007289342418,0.5781007289342418,0.5218408492008815,0.4476010079032513,0.3830431875702074,0.3442118800859209,0.3053805726016344,0.23955446177438164,0.1665119183702962,0.10675637486447426,0.07732244651109968,0.04788851815772512,0.041602203782927345,0.04038631913677023,0.03504060443224236,0.02153127217047004,0.008021939908697727,0.005544370018427056,0.004989767880986934,0.0021695967755249435,0.0,0.0,0.0,0.0,0.0,0.0,0.0,0.0,0.0,0.0,0.0,0.0,0.0,0.0,0.0,0.0,0.0,0.0,0.0,0.0,0.0,0.0,0.0,0.0,0.0,0.0,0.0,0.0,0.0,0.0,0.0,0.0,0.0,0.0,0.0,0.0,0.0,0.0,0.0,0.0,0.0,0.0,0.0,0.0,0.0,0.0,0.0,0.0,0.0,0.0,0.0,0.0,0.0,0.0,0.0,0.0,0.0,0.0,0.0,0.0
1-short,star,True,5.372400083433604,0.00793737533496765,-8.51477939375268,0.7180702520392541,0.7180702520392541,0.6438262083646404,0.5458546868146348,0.45432461328635226,0.3799103873586479,0.30549616143094355,0.22996250023221546,0.15412958406004537,0.09373350270332209,0.0685650700280032,0.043396637352684314,0.036149272400023094,0.03282747466280119,0.026635579748304102,0.01477023692523982,0.002904894102175539,0.0,0.0,0.0,0.0,0.0,0.0,0.0,0.0,0.0,0.0,0.0,0.0,0.0,0.0,0.0,0.0,0.0,0.0,0.0,0.0,0.0,0.0,0.0,0.0,0.0,0.0,0.0,0.0,0.0,0.0,0.0,0.0,0.0,0.0,0.0,0.0,0.0,0.0,0.0,0.0,0.0,0.0,0.0,0.0,0.0,0.0,0.0,0.0,0.0,0.0,0.0,0.0,0.0,0.0,0.0,0.0,0.0,0.0,0.0,0.0,0.0,0.0,0.0
1-short,star,True,5.477200080786133,0.012245077689863501,-7.115483345950841,0.6530122026659748,0.6530122026659748,0.5885732996704778,0.503540520459925,0.42823170928973303,0.3787608703410709,0.3292900313924089,0.25107509350494595,0.16517608956453622,0.09770458284254349,0.07228556977283565,0.046866556703127796,0.034711937496713224,0.02546285218416292,0.017672668940936855,0.01276636188125869,0.007860054821580522,0.0036005599839246147,0.0,0.0,0.0,0.0,0.0,0.0,0.0,0.0,0.0,0.0,0.0,0.0,0.0,0.0,0.0,0.0,0.0,0.0,0.0,0.0,0.0,0.0,0.0,0.0,0.0,0.0,0.0,0.0,0.0,0.0,0.0,0.0,0.0,0.0,0.0,0.0,0.0,0.0,0.0,0.0,0.0,0.0,0.0,0.0,0.0,0.0,0.0,0.0,0.0,0.0,0.0,0.0,0.0,0.0,0.0,0.0,0.0,0.0,0.0,0.0,0.0,0.0
1-short,star,True,5.5820000781386625,0.007592620824523508,-8.475646106489748,0.615345676010867,0.615345676010867,0.5593024355586813,0.48534846877641563,0.4149741825197308,0.3541116188024461,0.2932490550851614,0.22565091622429773,0.15625217806762584,0.10085086662295009,0.07739240075180391,0.053933934880657744,0.04428710821000676,0.03766568822136902,0.029784811838199508,0.019414312349560203,0.0090438128609209,0.0060181753014280645,0.004272834775456163,0.0009676724012162173,0.0,0.0,0.0,0.0,0.0,0.0,0.0,0.0,0.0,0.0,0.0,0.0,0.0,0.0,0.0,0.0,0.0,0.0,0.0,0.0,0.0,0.0,0.0,0.0,0.0,0.0,0.0,0.0,0.0,0.0,0.0,0.0,0.0,0.0,0.0,0.0,0.0,0.0,0.0,0.0,0.0,0.0,0.0,0.0,0.0,0.0,0.0,0.0,0.0,0.0,0.0,0.0,0.0,0.0,0.0,0.0,0.0,0.0,0.0,0.0
1-short,star,True,5.687200075481087,0.0651358073512495,-3.2679959183618323,0.6252260103348067,0.6252260103348067,0.5655977281861793,0.4869129847323205,0.41233047425359143,0.34864818282306415,0.28496589139253686,0.21610619975095388,0.14586245062720754,0.08948981219902365,0.06477175971712335,0.04005370723522305,0.03041578900230191,0.02408113827153814,0.018223389363734147,0.013308353361780868,0.008393317359827589,0.005855377615568952,0.0037317940997158017,0.002940108663299203,0.004443822044634959,0.005947535425970715,0.0030968993458679946,0.0,0.0,0.0,0.0,0.0,0.0,0.0,0.0,0.0,0.0,0.0,0.0,0.0,0.0,0.0,0.0,0.0,0.0,0.0,0.0,0.0,0.0,0.0,0.0,0.0,0.0,0.0,0.0,0.0,0.0,0.0,0.0,0.0,0.0,0.0,0.0,0.0,0.0,0.0,0.0,0.0,0.0,0.0,0.0,0.0,0.0,0.0,0.0,0.0,0.0,0.0,0.0,0.0,0.0,0.0,0.0,0.0
2-long,con,True,10.115300229168497,0.10255855207436916,-3.0062068499973407,0.4937998402345228,0.4937998402345228,0.4899998858090786,0.4849855129590079,0.45040115815693915,0.33724513702527553,0.2240891158936118,0.1574006765042138,0.10313426391720354,0.06154923922490195,0.04890379203590985,0.03625834484691775,0.029604796225088433,0.024263758717970978,0.01952140892474626,0.015962511589216494,0.012403614253686728,0.010530937570454308,0.008952189257805826,0.0073239455220746544,0.005610401163583953,0.003896856805093251,0.003942061558251127,0.004220728582866778,0.004302884256948653,0.004088346323361886,0.0038738083897751183,0.0029385101164821205,0.001935448050567171,0.0017106984086227481,0.002518981620311921,0.0033272648320010942,0.0014501944474529242,0.0,0.0,0.0,0.0,0.0,0.0,0.0,0.0,0.0,0.0,0.0,0.0,0.0,0.0,0.0,0.0,0.0,0.0,0.0,0.0,0.0,0.0,0.0,0.0,0.0,0.0,0.0,0.0,0.0,0.0,0.0,0.0,0.0,0.0,0.0,0.0,0.0,0.0,0.0,0.0,0.0,0.0,0.0,0.0,0.0,0.0,0.0
2-long,con,True,10.326550229743589,0.007426067240920249,-6.644860820964347,0.5750068755670816,0.5750068755670816,0.5689308864288769,0.560913086328978,0.5194599716179961,0.38916444951185136,0.25886892740570644,0.17747347508215028,0.10915031864106817,0.058871211392877855,0.04976954973872267,0.0406678880845675,0.03561918337570527,0.031458269235812,0.02728968276727592,0.02310593006770174,0.018922177368127555,0.015527156573003882,0.012269621155720204,0.009166097457901397,0.006327998212777366,0.003489898967653334,0.0025671661754376428,0.0018986855672363336,0.0016560583055266766,0.002056386096363238,0.0024567138871997986,0.0009549002500232489,0.0,0.0,0.0,0.0,0.0,0.0,0.0,0.0,0.0,0.0,0.0,0.0,0.0,0.0,0.0,0.0,0.0,0.0,0.0,0.0,0.0,0.0,0.0,0.0,0.0,0.0,0.0,0.0,0.0,0.0,0.0,0.0,0.0,0.0,0.0,0.0,0.0,0.0,0.0,0.0,0.0,0.0,0.0,0.0,0.0,0.0,0.0,0.0,0.0,0.0,0.0,0.0
2-long,con,True,10.53780023031868,0.0013217012819319517,-10.464275580678,0.619656259289449,0.619656259289449,0.6142093781043503,0.607021741076591,0.563020588689207,0.4212006669176771,0.27938074514614714,0.19038710304364256,0.11551533768434266,0.06009427680847072,0.04906072103580624,0.03802716526314175,0.032284129801467325,0.02769997021743836,0.023029465151637153,0.018188277156751285,0.01334708916186542,0.010810403680730087,0.008675420472633833,0.006590475773961635,0.004591767655360677,0.002593059536759719,0.0017364749157670685,0.0010314996086162288,0.0005039805398411022,0.00024438559567244855,0.0,0.0,0.0,0.0,0.0,0.0,0.0,0.0,0.0,0.0,0.0,0.0,0.0,0.0,0.0,0.0,0.0,0.0,0.0,0.0,0.0,0.0,0.0,0.0,0.0,0.0,0.0,0.0,0.0,0.0,0.0,0.0,0.0,0.0,0.0,0.0,0.0,0.0,0.0,0.0,0.0,0.0,0.0,0.0,0.0,0.0,0.0,0.0,0.0,0.0,0.0,0.0,0.0,0.0
2-long,con,True,10.749050230893772,0.002542939218673488,-10.563256456952365,0.6204942287946191,0.6204942287946191,0.6136028376006584,0.6045090430354318,0.5595769894931852,0.4194175620977134,0.27925813470224153,0.19140760353254915,0.11754063868063931,0.06237865557723267,0.0499024000537436,0.03742614453025453,0.0317572630729269,0.027579520696758467,0.023587780451840987,0.019963718838466107,0.016339657225091227,0.012720789044774316,0.009102826141779442,0.005903472008038381,0.00342555000854326,0.0009476280090481397,0.00019536029494447802,0.0,0.0,0.0,0.0,0.0,0.0,0.0,0.0,0.0,0.0,0.0,0.0,0.0,0.0,0.0,0.0,0.0,0.0,0.0,0.0,0.0,0.0,0.0,0.0,0.0,0.0,0.0,0.0,0.0,0.0,0.0,0.0,0.0,0.0,0.0,0.0,0.0,0.0,0.0,0.0,0.0,0.0,0.0,0.0,0.0,0.0,0.0,0.0,0.0,0.0,0.0,0.0,0.0,0.0,0.0,0.0,0.0
2-long,con,True,10.960300231468864,0.0047523704489150385,-7.313763815339994,0.615992800149925,0.615992800149925,0.6023510416012683,0.5843495457844841,0.5344846416535713,0.39995410971654577,0.26542357777952,0.1845524205663905,0.1180258486754906,0.06772185832438032,0.054438630974328446,0.04115540362427658,0.03419067545159402,0.02860999947966857,0.02368517016359994,0.020056781911434347,0.016428393659268754,0.012965451831322881,0.009531349288332741,0.006454737496702574,0.003994226787203427,0.0015337160777042788,0.0015535577198455461,0.0019026496741514712,0.001802454924393795,0.0010239253469322557,0.00024539576947071656,0.0,0.0,0.0,0.0,0.0,0.0,0.0,0.0,0.0,0.0,0.0,0.0,0.0,0.0,0.0,0.0,0.0,0.0,0.0,0.0,0.0,0.0,0.0,0.0,0.0,0.0,0.0,0.0,0.0,0.0,0.0,0.0,0.0,0.0,0.0,0.0,0.0,0.0,0.0,0.0,0.0,0.0,0.0,0.0,0.0,0.0,0.0,0.0,0.0,0.0,0.0,0.0,0.0
2-long,con,True,11.171550232043955,0.0049522299117556925,-8.909581235839063,0.5790597475019046,0.5790597475019046,0.5758174602946264,0.5715389782066717,0.5318159407201911,0.3979116560319135,0.2640073713436356,0.18445339943708253,0.11942871906623792,0.06980330732230282,0.05531981629105866,0.04083632525981449,0.034988266548097925,0.031031778725420754,0.02723101460693656,0.02373807641534547,0.02024513822375438,0.015205180970994275,0.009895559845186364,0.005868563177249479,0.004052046957983938,0.0022355307387183967,0.0010136973800675803,0.0,0.0,0.0,0.0,0.0,0.0,0.0,0.0,0.0,0.0,0.0,0.0,0.0,0.0,0.0,0.0,0.0,0.0,0.0,0.0,0.0,0.0,0.0,0.0,0.0,0.0,0.0,0.0,0.0,0.0,0.0,0.0,0.0,0.0,0.0,0.0,0.0,0.0,0.0,0.0,0.0,0.0,0.0,0.0,0.0,0.0,0.0,0.0,0.0,0.0,0.0,0.0,0.0,0.0,0.0,0.0,0.0
2-long,con,True,11.382800232619047,0.004454103110002022,-8.878128947659375,0.5988880877902649,0.5988880877902649,0.5932110401474548,0.5857196783095201,0.5449707738140583,0.4158518274000252,0.28673288098599187,0.19849159179347778,0.12117799314533012,0.06314569668813057,0.04911432061540223,0.035082944542673876,0.0297801140914233,0.02638925077630596,0.022846045650444576,0.019001699735903096,0.015157353821361614,0.01256751687775732,0.010196355809820977,0.007746307198620901,0.005160303459668436,0.0025742997207159704,0.0013254540275880065,0.00025410719010046374,0.0,0.0,0.0,0.0,0.0,0.0,0.0,0.0,0.0,0.0,0.0,0.0,0.0,0.0,0.0,0.0,0.0,0.0,0.0,0.0,0.0,0.0,0.0,0.0,0.0,0.0,0.0,0.0,0.0,0.0,0.0,0.0,0.0,0.0,0.0,0.0,0.0,0.0,0.0,0.0,0.0,0.0,0.0,0.0,0.0,0.0,0.0,0.0,0.0,0.0,0.0,0.0,0.0,0.0,0.0,0.0
2-long,con,True,11.594050233194137,0.005377861619511289,-8.8820192098388,0.6021047843127324,0.6021047843127324,0.5941030885673486,0.5835441498517905,0.5422396785938068,0.4192399351516633,0.29624019170951965,0.2035304832380083,0.11891811084775493,0.0570072333326592,0.04690233130189748,0.03679742927113576,0.030784116417276738,0.025667056430739275,0.021545884382453227,0.019393328026059493,0.017240771669665762,0.013877235500555503,0.010302611107210253,0.007046919711794371,0.004340878802171655,0.0016348378925489385,0.0003828845483879327,0.0,0.0,0.0,0.0,0.0,0.0,0.0,0.0,0.0,0.0,0.0,0.0,0.0,0.0,0.0,0.0,0.0,0.0,0.0,0.0,0.0,0.0,0.0,0.0,0.0,0.0,0.0,0.0,0.0,0.0,0.0,0.0,0.0,0.0,0.0,0.0,0.0,0.0,0.0,0.0,0.0,0.0,0.0,0.0,0.0,0.0,0.0,0.0,0.0,0.0,0.0,0.0,0.0,0.0,0.0,0.0,0.0
2-medium,con,True,8.761000076541677,0.005970710038614213,-8.53177838860582,0.5010385938960099,0.5010385938960099,0.4598087449691348,0.40540234638521705,0.3490730127448036,0.2876341659542728,0.22619531916374191,0.17366581690171914,0.12351802060276289,0.0828529193932743,0.06382781467000678,0.04480270994673926,0.03882147952504592,0.03569747871226883,0.03155623343547666,0.02540415607865466,0.019252078721832662,0.016145244139805934,0.013569231692835257,0.011931629460624708,0.011911287385766715,0.011890945310908724,0.009846230529887524,0.00753279370822519,0.006141729926053248,0.006143268576053082,0.006144807226052916,0.005359966476805564,0.004501192621646086,0.0035789321720632794,0.002572407697154962,0.0015658832222466446,0.0009385339604654022,0.0003331204548154771,0.0,0.0,0.0,0.0,0.0,0.0,0.0,0.0,0.0,0.0,0.0,0.0,0.0,0.0,0.0,0.0,0.0,0.0,0.0,0.0,0.0,0.0,0.0,0.0,0.0,0.0,0.0,0.0,0.0,0.0,0.0,0.0,0.0,0.0,0.0,0.0,0.0,0.0,0.0,0.0,0.0,0.0,0.0,0.0,0.0,0.0
2-medium,con,True,8.94365007703891,0.01258234218240447,-6.516631737876788,0.5233015681372786,0.5233015681372786,0.47711665676851145,0.41617161908601463,0.3537134056497116,0.2872344680675804,0.2207555304854491,0.1689405134266997,0.12104555432964638,0.08179334655860548,0.06226434053154168,0.042735334504477876,0.036303684031871196,0.03274097810928848,0.02887589469301251,0.02441308832408709,0.019950281955161662,0.016464884621088992,0.013149861338963132,0.01139780082220233,0.012339356986177056,0.01328091315015178,0.010749374954201573,0.007756806533482569,0.0060199518880609815,0.0061789788249511845,0.006338005761841387,0.004659964680463085,0.0028092078024954444,0.0018884168925492855,0.0022019444492498087,0.0025154720059503317,0.001954500343681742,0.0013429378175058503,0.0005827649039447662,0.0,0.0,0.0,0.0,0.0,0.0,0.0,0.0,0.0,0.0,0.0,0.0,0.0,0.0,0.0,0.0,0.0,0.0,0.0,0.0,0.0,0.0,0.0,0.0,0.0,0.0,0.0,0.0,0.0,0.0,0.0,0.0,0.0,0.0,0.0,0.0,0.0,0.0,0.0,0.0,0.0,0.0,0.0,0.0,0.0
2-medium,con,True,9.126300077536143,0.05766849370816127,-3.7216949736691056,0.6004369826630322,0.6004369826630322,0.5472472277670524,0.47705868522390354,0.4029405635654125,0.318380988829012,0.23382141409261148,0.17523013697136952,0.12358088000467485,0.08116102509604407,0.05980313898658474,0.03844525287712541,0.03035963771489984,0.025181281903020738,0.02130884385090332,0.020017871137849686,0.018726898424796055,0.015493986271908296,0.011922570913911839,0.009139591163297319,0.007715404693489961,0.006291218223682604,0.004516344942129401,0.0026949203138842705,0.0022295814801435534,0.0038116662969290976,0.005393751113714642,0.0032732652471118276,0.000804674444463967,0.0,0.0,0.0,0.0,0.0,0.0,0.0,0.0,0.0,0.0,0.0,0.0,0.0,0.0,0.0,0.0,0.0,0.0,0.0,0.0,0.0,0.0,0.0,0.0,0.0,0.0,0.0,0.0,0.0,0.0,0.0,0.0,0.0,0.0,0.0,0.0,0.0,0.0,0.0,0.0,0.0,0.0,0.0,0.0,0.0,0.0,0.0,0.0,0.0,0.0,0.0
2-medium,con,True,9.308950078033376,0.0978083261354637,-2.779355386997413,0.5808958709634514,0.5808958709634514,0.5365845610816128,0.47811190474269166,0.4121662183445999,0.326363623503569,0.24056102866253803,0.17466671830717834,0.11409442459650307,0.06753090161034374,0.05293611181602838,0.038341322021713024,0.03202887067411249,0.02753064584341141,0.022901180880688314,0.01801228775001472,0.013123394619341125,0.009914200398172745,0.006997797730037379,0.004895102735900033,0.004194755009716716,0.003494407283533399,0.003258612719915534,0.0030844845053107812,0.002746467997684747,0.002161012302555999,0.0015755566074272503,0.001743306269747166,0.001981870110972509,0.001974138932733699,0.001639507092297017,0.001304875251860335,0.0,0.0,0.0,0.0,0.0,0.0,0.0,0.0,0.0,0.0,0.0,0.0,0.0,0.0,0.0,0.0,0.0,0.0,0.0,0.0,0.0,0.0,0.0,0.0,0.0,0.0,0.0,0.0,0.0,0.0,0.0,0.0,0.0,0.0,0.0,0.0,0.0,0.0,0.0,0.0,0.0,0.0,0.0,0.0,0.0,0.0,0.0,0.0
2-medium,con,True,9.49160007853061,0.00400599771398967,-7.8744668402228175,0.6827090645177326,0.6827090645177326,0.6354430661336014,0.5730714393999025,0.49544621705984604,0.3772900121086108,0.2591338071573755,0.1852398745752589,0.12317843064627297,0.07518327552250109,0.05928811280037148,0.043392950078241864,0.035191162339557484,0.02867459007343731,0.02328769508177536,0.020133883074507555,0.016980071067239744,0.013011871881600145,0.008901715297895742,0.0057964782271166335,0.00442312372116622,0.0030497692152158078,0.002395976292287655,0.0018377003936544925,0.0012943645441042249,0.0007735852392477452,0.00025280593439126574,0.0,0.0,0.0,0.0,0.0,0.0,0.0,0.0,0.0,0.0,0.0,0.0,0.0,0.0,0.0,0.0,0.0,0.0,0.0,0.0,0.0,0.0,0.0,0.0,0.0,0.0,0.0,0.0,0.0,0.0,0.0,0.0,0.0,0.0,0.0,0.0,0.0,0.0,0.0,0.0,0.0,0.0,0.0,0.0,0.0,0.0,0.0,0.0,0.0,0.0,0.0,0.0,0.0
2-medium,con,True,9.674250079027843,0.020810299760492302,-4.604392814974626,0.6561374924581204,0.6561374924581204,0.6071354514187632,0.5424729642740447,0.46495657472737767,0.3532855302269617,0.24161448572654562,0.175067581643629,0.12058356658321212,0.07710773716547265,0.05875315190666359,0.040398566647854524,0.033729995524199724,0.029621217973007295,0.02526473264569981,0.020418592412118373,0.015572452178536936,0.012540059054339248,0.009823823683153404,0.007568708471260903,0.006108289704107989,0.004647870936955074,0.003375328962815875,0.0021277263859793816,0.0016581796362731714,0.0023633446255675807,0.0030685096148619904,0.0022664825894486117,0.0013227537506866431,0.0003485413417447545,0.0,0.0,0.0,0.0,0.0,0.0,0.0,0.0,0.0,0.0,0.0,0.0,0.0,0.0,0.0,0.0,0.0,0.0,0.0,0.0,0.0,0.0,0.0,0.0,0.0,0.0,0.0,0.0,0.0,0.0,0.0,0.0,0.0,0.0,0.0,0.0,0.0,0.0,0.0,0.0,0.0,0.0,0.0,0.0,0.0,0.0,0.0,0.0,0.0,0.0
2-medium,con,True,9.856900079525076,0.06689730538440278,-3.336617854733469,0.6409145637411614,0.6409145637411614,0.5785160629550933,0.49617577325801376,0.40870349008217705,0.3075947670913573,0.20648604410053734,0.15462394157928294,0.11592677720335785,0.08284510520605129,0.06257827479072024,0.042311444375389216,0.032940668922252225,0.02595664836559586,0.020974589499839005,0.01994989676725557,0.018925204034672134,0.01524865120725963,0.011109847537629215,0.007882366260724262,0.006225461873409997,0.004568557486095732,0.004084288756644996,0.003755679627795613,0.0033746582252528455,0.0029145045663494813,0.0024543509074461166,0.0026063655899891233,0.0028159345610441794,0.0022159060584487833,0.0005413209090082523,0.0,0.0,0.0,0.0,0.0,0.0,0.0,0.0,0.0,0.0,0.0,0.0,0.0,0.0,0.0,0.0,0.0,0.0,0.0,0.0,0.0,0.0,0.0,0.0,0.0,0.0,0.0,0.0,0.0,0.0,0.0,0.0,0.0,0.0,0.0,0.0,0.0,0.0,0.0,0.0,0.0,0.0,0.0,0.0,0.0,0.0,0.0,0.0,0.0
2-medium,con,True,10.039550080022309,0.021126591584956115,-5.021113801676015,0.6241479373196273,0.6241479373196273,0.5704920077879437,0.4996883069626292,0.42110029899201334,0.3218282748924536,0.22255625079289368,0.1680866086193272,0.12559384082201633,0.08919358458508161,0.06669675216541567,0.0441999197457497,0.034676536295722094,0.027994955953329587,0.022908014586381063,0.020973266542984606,0.019038518499588146,0.015747298750317898,0.012219629804610934,0.009272842550949295,0.007327149277195548,0.0053814560034417995,0.004414305136973216,0.0035770492803212477,0.003258835054882025,0.003724271919705181,0.004189708784528336,0.0034384578609753637,0.002572817487233187,0.0014866919949934982,0.00010792261820256858,0.0,0.0,0.0,0.0,0.0,0.0,0.0,0.0,0.0,0.0,0.0,0.0,0.0,0.0,0.0,0.0,0.0,0.0,0.0,0.0,0.0,0.0,0.0,0.0,0.0,0.0,0.0,0.0,0.0,0.0,0.0,0.0,0.0,0.0,0.0,0.0,0.0,0.0,0.0,0.0,0.0,0.0,0.0,0.0,0.0,0.0,0.0,0.0,0.0
2-short,con,False,7.588650229095947,0.024434704190427488,-4.760428734783715,0.39180482906068353,0.39180482906068353,0.3643046089682056,0.3280156587430801,0.2901229472283529,0.24796881285839822,0.2058146784884435,0.16461668140896352,0.1236742853873332,0.08928448608862412,0.06984804854222246,0.050411610995820776,0.04381941448945659,0.040040718401386344,0.03481053367117694,0.026711127206506383,0.01861172074183584,0.016674835552245144,0.015812151318861028,0.013580360051228646,0.008989043894785439,0.0043977277383422326,0.0068997253954429134,0.010343313381775087,0.012143274838053233,0.011461682513661572,0.010780090189269913,0.00738795323336255,0.003740978747996456,0.001372459064512081,0.0007007975726161535,2.9136080720225887e-05,0.00043393023051860395,0.000900998673638138,0.001848882653203809,0.0033590763279352986,0.004869270002666788,0.001068614342749804,0.0,0.0,0.0,0.0,0.0,0.0,0.0,0.0,0.0,0.0,0.0,0.0,0.0,0.0,0.0,0.0,0.0,0.0,0.0,0.0,0.0,0.0,0.0,0.0,0.0,0.0,0.0,0.0,0.0,0.0,0.0,0.0,0.0,0.0,0.0,0.0,0.0,0.0,0.0,0.0,0.0,0.0
2-short,con,False,7.745950229524169,0.5975215049081412,-2.147117011035241,0.20403609144664894,0.20403609144664894,0.18675112375715638,0.1639420942287539,0.13995447926623564,0.11283519443592413,0.0857159096056126,0.06833951651252138,0.05356765883433064,0.040446777765442636,0.031093509984450596,0.021740242203458552,0.017530143033038934,0.014446642701125664,0.01156348718539501,0.009076362120257897,0.006589237055120784,0.005802878463600056,0.005312983752801449,0.004650497618009524,0.003690566688675922,0.0027306357593423203,0.002412138700129739,0.002178787729871276,0.0022822948805062576,0.002894391743078395,0.003506488605650532,0.0031755646104882655,0.002755980534684305,0.002022365350553032,0.0008719452408236921,0.0,0.0,0.0,0.0,0.0,0.0,0.0,0.0,0.0,0.0,0.0,0.0,0.0,0.0,0.0,0.0,0.0,0.0,0.0,0.0,0.0,0.0,0.0,0.0,0.0,0.0,0.0,0.0,0.0,0.0,0.0,0.0,0.0,0.0,0.0,0.0,0.0,0.0,0.0,0.0,0.0,0.0,0.0,0.0,0.0,0.0,0.0,0.0,0.0
2-short,con,False,7.903250229952391,0.047802246933260926,-3.794382253994744,0.48001202292501677,0.48001202292501677,0.44277429375773936,0.39363584702153825,0.3409823593044862,0.27898890555260203,0.2169954518007178,0.1712387962497355,0.12982267091087552,0.09486832102309718,0.07466007408778733,0.05445182715247746,0.042049094228176355,0.03135614056342958,0.02439857072169166,0.024824899134738634,0.025251227547785613,0.021101808597147734,0.016154782307885886,0.011842874050228895,0.008625530910869629,0.005408187771510363,0.00432988516705374,0.0035355259964337526,0.002914276751232767,0.0025543895502918475,0.0021945023493509276,0.0032823604749657093,0.0045063314090600815,0.003671926952679055,0.00010549697803070863,0.0,0.0,0.0,0.0,0.0,0.0,0.0,0.0,0.0,0.0,0.0,0.0,0.0,0.0,0.0,0.0,0.0,0.0,0.0,0.0,0.0,0.0,0.0,0.0,0.0,0.0,0.0,0.0,0.0,0.0,0.0,0.0,0.0,0.0,0.0,0.0,0.0,0.0,0.0,0.0,0.0,0.0,0.0,0.0,0.0,0.0,0.0,0.0,0.0
2-short,con,False,8.061200230382383,0.021009945450026327,-5.255950794840981,0.5236336002999158,0.5236336002999158,0.48735909544743256,0.43949170760085665,0.38282261809036605,0.30276614987290157,0.222709681655437,0.1702471835373557,0.12516129128742629,0.08935291016292912,0.07471628519646958,0.06007966023001006,0.04541949951613742,0.030754183352831466,0.021311433194177366,0.02219236002146292,0.023073286848748466,0.018305670260613523,0.012553445187221804,0.009021669431934746,0.00931662548018976,0.009611581528444773,0.007282108133910795,0.004604259149626064,0.002884799468400704,0.0026123197153238176,0.002339839962246931,0.0026451100448623742,0.003004698488098462,0.0025674673514875794,0.001072639317988912,0.0,0.0,0.0,0.0,0.0,0.0,0.0,0.0,0.0,0.0,0.0,0.0,0.0,0.0,0.0,0.0,0.0,0.0,0.0,0.0,0.0,0.0,0.0,0.0,0.0,0.0,0.0,0.0,0.0,0.0,0.0,0.0,0.0,0.0,0.0,0.0,0.0,0.0,0.0,0.0,0.0,0.0,0.0,0.0,0.0,0.0,0.0,0.0,0.0
2-short,con,False,8.219150230812375,0.00805431714801841,-7.001663778365716,0.569360123306686,0.569360123306686,0.5316627476903901,0.4819177571864122,0.4225959839916106,0.33782733107547736,0.2530586781593441,0.19306458613812122,0.13969339653434962,0.09632525700207416,0.07578459070987964,0.05524392441768512,0.0421886186746981,0.030772963337728002,0.022517232349802605,0.020507863447198117,0.018498494544593628,0.016288111866913216,0.014042690090825073,0.010739037464263919,0.005611625286887579,0.000484213109511239,0.001365943845907021,0.003045348420414149,0.0031229869642933924,0.0007822728736952584,0.0,0.0,0.0,0.0,0.0,0.0,0.0,0.0,0.0,0.0,0.0,0.0,0.0,0.0,0.0,0.0,0.0,0.0,0.0,0.0,0.0,0.0,0.0,0.0,0.0,0.0,0.0,0.0,0.0,0.0,0.0,0.0,0.0,0.0,0.0,0.0,0.0,0.0,0.0,0.0,0.0,0.0,0.0,0.0,0.0,0.0,0.0,0.0,0.0,0.0,0.0,0.0,0.0,0.0
2-short,con,False,8.376450231240597,0.009548746605196275,-7.591162154163032,0.48618343289687627,0.48618343289687627,0.4476691234317087,0.3968461171271577,0.3421847336812906,0.2773242338313554,0.21246373398142004,0.16860094102955706,0.13035139645638666,0.09720710676306812,0.07571327051351415,0.05421943426396018,0.04479665049881343,0.03801800203977496,0.0319907992622187,0.027449012366662136,0.022907225471105574,0.018764560771981745,0.014691467831869132,0.011689239332877755,0.010532543168584686,0.009375847004291617,0.009411546962372426,0.009605529591564814,0.00859469297497041,0.005764815536305776,0.002934938097641143,0.002387448803002788,0.002054543009084844,0.0010284340409079734,0.0,0.0,0.0,0.0,0.0,0.0,0.0,0.0,0.0,0.0,0.0,0.0,0.0,0.0,0.0,0.0,0.0,0.0,0.0,0.0,0.0,0.0,0.0,0.0,0.0,0.0,0.0,0.0,0.0,0.0,0.0,0.0,0.0,0.0,0.0,0.0,0.0,0.0,0.0,0.0,0.0,0.0,0.0,0.0,0.0,0.0,0.0,0.0,0.0,0.0
2-short,con,False,8.533750231668819,0.1235299455396221,-3.0992838571997843,0.46933756412150157,0.46933756412150157,0.4323787609923276,0.38360838160537636,0.33068538633341854,0.26672829742415727,0.2027712085148959,0.16027257986031437,0.12351037127381558,0.09052334989296586,0.06615149931475126,0.04177964873653664,0.03407903344584088,0.030030212551458796,0.026351387714366577,0.023403950432382244,0.02045651315039791,0.015959197502263805,0.011191719570121949,0.008040058554943623,0.007673103290276908,0.007306148025610193,0.005733453757794134,0.0040007056400024965,0.003334506858308184,0.004278588446800024,0.0052226700352918645,0.0017428298492928452,0.0,0.0,0.0,0.0,0.0,0.0,0.0,0.0,0.0,0.0,0.0,0.0,0.0,0.0,0.0,0.0,0.0,0.0,0.0,0.0,0.0,0.0,0.0,0.0,0.0,0.0,0.0,0.0,0.0,0.0,0.0,0.0,0.0,0.0,0.0,0.0,0.0,0.0,0.0,0.0,0.0,0.0,0.0,0.0,0.0,0.0,0.0,0.0,0.0,0.0,0.0,0.0
2-short,con,False,8.69170023209881,0.014083521882465106,-7.368631893219113,0.46226090525137153,0.46226090525137153,0.4259424284945528,0.37801701586699826,0.3259380157648187,0.2628223403729211,0.19970666498102346,0.16061689894095368,0.1279499007474121,0.09757515276499612,0.07243143731566158,0.047287721866327036,0.03747868428653728,0.031028671382933543,0.02635062759699584,0.02517531346225842,0.023999999327521,0.019303248495414295,0.01399266924816983,0.010686949682908195,0.010836413824893563,0.010985877966878931,0.010439337591912219,0.009800407236819126,0.00956392879306209,0.009935073823283019,0.01030621885350395,0.007891228569772476,0.005214293940284802,0.0031466403601524864,0.0018876689000736383,0.0006286974399947901,0.0,0.0,0.0,0.0,0.0,0.0,0.0,0.0,0.0,0.0,0.0,0.0,0.0,0.0,0.0,0.0,0.0,0.0,0.0,0.0,0.0,0.0,0.0,0.0,0.0,0.0,0.0,0.0,0.0,0.0,0.0,0.0,0.0,0.0,0.0,0.0,0.0,0.0,0.0,0.0,0.0,0.0,0.0,0.0,0.0,0.0,0.0,0.0
3-long,con,True,15.56999984383583,0.0,3.356517040099022,0.7124077807638662,0.7124077807638662,0.6494457732130121,0.5663618869603384,0.47590076011119864,0.3658372511057344,0.25577374210027004,0.180851145015012,0.11532265309654166,0.06501882570650361,0.04945846352237509,0.033898101338246577,0.02903106519446055,0.02650637665951146,0.02418503342408065,0.02226565182723247,0.02034627023038429,0.016871932049651456,0.01312654639099377,0.009685243348043404,0.006767997578971619,0.003850751809899834,0.0024976029364510086,0.0013520775447220463,0.0005907566954520081,0.00040950937107093804,0.00022826204668986803,0.0002456046807446633,0.0002816181655925733,0.0005443230669874566,0.0011079093030719554,0.0016714955391564541,0.001357518279908668,0.0009927728845672802,0.0008885770917473867,0.0010890918510288996,0.0012896066103104124,0.0006279868765212476,0.0,0.0,0.0,0.0,0.0,0.0,0.0,0.0,0.0,0.0,0.0,0.0,0.0,0.0,0.0,0.0,0.0,0.0,0.0,0.0,0.0,0.0,0.0,0.0,0.0,0.0,0.0,0.0,0.0,0.0,0.0,0.0,0.0,0.0,0.0,0.0,0.0,0.0,0.0,0.0,0.0,0.0
3-long,con,True,15.891249836655334,0.0,-1.3462681809558208,0.6563293804184139,0.6563293804184139,0.6028682604649467,0.5323216279490315,0.453355427771245,0.35201723352048697,0.25067903926972884,0.17717926419978863,0.1111214427722452,0.06106408781831753,0.047520617893923256,0.033977147969529,0.029315494205666377,0.026599381124586888,0.024493507236777862,0.023593920126363913,0.02269433301594996,0.018894201352769768,0.014588470180391786,0.01051812711227843,0.006853452904706237,0.003188778697134045,0.0024174196242315008,0.002030128932037318,0.0016373901545382716,0.0012364258364809075,0.0008354615184235432,0.0010191712493789846,0.001257850335369816,0.0014798942235590053,0.0016798586673932893,0.001879823111227573,0.001814037283656633,0.0017328774734424164,0.0017123697515847574,0.0017627941330593427,0.0018132185145339282,0.0016560040211984334,0.0014938061948674966,0.0009679853706980693,6.699796145718414e-05,0.0,0.0,0.0,0.0,0.0,0.0,0.0,0.0,0.0,0.0,0.0,0.0,0.0,0.0,0.0,0.0,0.0,0.0,0.0,0.0,0.0,0.0,0.0,0.0,0.0,0.0,0.0,0.0,0.0,0.0,0.0,0.0,0.0,0.0,0.0,0.0,0.0,0.0,0.0
3-long,con,True,16.212499829474837,0.0,-1.6789017341153465,0.6493300470967152,0.6493300470967152,0.5979627335822372,0.5301790621404516,0.45265172500848655,0.3492340761854728,0.245816427362459,0.17335067640203602,0.10915919516725607,0.06034267044089982,0.04661258492607457,0.03288249941124932,0.02858990452273149,0.026364569485690523,0.02452743248164513,0.023457663682358403,0.022387894883071684,0.01834060114367128,0.013774289295443734,0.009858118387280968,0.007062403141783046,0.004266687896285124,0.0028024801150375225,0.0015150211122302302,0.0008324614358838288,0.001063181134782303,0.0012939008336807774,0.001851955360049734,0.0024407849556680513,0.0029011479998173758,0.0031910008938351316,0.0034808537878528866,0.00314312874789575,0.0027690975464689936,0.002420642174973766,0.00210209751983914,0.0017835528647045138,0.0010157248494780796,0.00023711403360944224,0.0,0.0,0.0,0.0,0.0,0.0,0.0,0.0,0.0,0.0,0.0,0.0,0.0,0.0,0.0,0.0,0.0,0.0,0.0,0.0,0.0,0.0,0.0,0.0,0.0,0.0,0.0,0.0,0.0,0.0,0.0,0.0,0.0,0.0,0.0,0.0,0.0,0.0,0.0,0.0,0.0
3-long,con,True,16.53374982229434,0.0,0.5951489554159964,0.6716218405592719,0.6716218405592719,0.61919191444321,0.5500060325580973,0.4685123658291452,0.35431515651513346,0.24011794720112156,0.16935311473827136,0.11019891767127614,0.06463032786587913,0.05006479052925752,0.0354992531926359,0.03099625050095838,0.028697422064840047,0.026637289236001175,0.0250489965610868,0.023460703886172423,0.018983796723923856,0.014003369605167492,0.009710780301355698,0.006603613614788782,0.003496446928221867,0.0024817300042190233,0.0017447718982556587,0.0011333891956827415,0.0007116007296012899,0.0002898122635198381,0.0009400516381051702,0.0016910799549754096,0.0020450832208434933,0.0018721259644723578,0.001699168708101222,0.001597807330747011,0.0015005878637491508,0.0014217445449513783,0.0013643919757435384,0.0013070394065356984,0.0006349820327303858,0.0,0.0,0.0,0.0,0.0,0.0,0.0,0.0,0.0,0.0,0.0,0.0,0.0,0.0,0.0,0.0,0.0,0.0,0.0,0.0,0.0,0.0,0.0,0.0,0.0,0.0,0.0,0.0,0.0,0.0,0.0,0.0,0.0,0.0,0.0,0.0,0.0,0.0,0.0,0.0,0.0,0.0
3-long,con,True,16.854999815113842,0.0015781896095260841,-11.403817179737246,0.7535467720300586,0.7535467720300586,0.6878455066568955,0.6011469296696286,0.5046603071792748,0.38216544949500464,0.2596705918107343,0.18115923577467294,0.11440584552575647,0.06359397911560714,0.04916148761956736,0.034728996123527575,0.028921717312356255,0.025003770803584704,0.02192518462763378,0.02050579910958407,0.019086413591534367,0.01626222813786863,0.013193169300930384,0.009998011159226996,0.006585532939098573,0.0031730547189701514,0.0021506699027052365,0.0014455541223514072,0.0007491997545010069,6.60734016067718e-05,0.0,0.0,0.0,0.0,0.0,0.0,0.0,0.0,0.0,0.0,0.0,0.0,0.0,0.0,0.0,0.0,0.0,0.0,0.0,0.0,0.0,0.0,0.0,0.0,0.0,0.0,0.0,0.0,0.0,0.0,0.0,0.0,0.0,0.0,0.0,0.0,0.0,0.0,0.0,0.0,0.0,0.0,0.0,0.0,0.0,0.0,0.0,0.0,0.0,0.0,0.0,0.0,0.0,0.0
3-long,con,True,17.176249807933345,0.0020462749353391124,-9.91114447771648,0.7051710485742253,0.7051710485742253,0.6489654221863825,0.5747971729323219,0.4889152604343888,0.37190847131702287,0.2549016821996568,0.17851542827746403,0.11298812930843626,0.062570100047475,0.04663219909466543,0.03069429814185585,0.027210809188307192,0.026455429529834745,0.02550503878113459,0.02416916099361222,0.02283328320608985,0.01967291523766326,0.016194516870730438,0.012554010488793073,0.008634126463975551,0.004714242439158028,0.0029119838494639392,0.0013908259812464127,0.0005483837606720106,0.0007306690865391894,0.0009129544124063683,0.00032187544843164376,0.0,0.0,0.0,0.0,0.0,0.0,0.0,0.0,0.0,0.0,0.0,0.0,0.0,0.0,0.0,0.0,0.0,0.0,0.0,0.0,0.0,0.0,0.0,0.0,0.0,0.0,0.0,0.0,0.0,0.0,0.0,0.0,0.0,0.0,0.0,0.0,0.0,0.0,0.0,0.0,0.0,0.0,0.0,0.0,0.0,0.0,0.0,0.0,0.0,0.0,0.0,0.0
3-long,con,True,17.49749980075285,0.0035470404494854692,-10.641090569212086,0.6862184180220009,0.6862184180220009,0.6350351695308639,0.5674943880167862,0.4864868818954776,0.3696963646749556,0.2529058474544334,0.17843307400988428,0.11527296474307046,0.06605355551800642,0.04864753869590982,0.03124152187381323,0.02750630143572057,0.02676563639602878,0.026022258334244854,0.02527351732181367,0.024524776309382483,0.020689408973624143,0.016316005856735386,0.01221565398965619,0.008585879808419005,0.004956105627181819,0.002877018125660617,0.0010037739887034838,0.0,0.0,0.0,0.0,0.0,0.0,0.0,0.0,0.0,0.0,0.0,0.0,0.0,0.0,0.0,0.0,0.0,0.0,0.0,0.0,0.0,0.0,0.0,0.0,0.0,0.0,0.0,0.0,0.0,0.0,0.0,0.0,0.0,0.0,0.0,0.0,0.0,0.0,0.0,0.0,0.0,0.0,0.0,0.0,0.0,0.0,0.0,0.0,0.0,0.0,0.0,0.0,0.0,0.0,0.0,0.0
3-long,con,True,17.81874979357235,0.006890536585641041,-7.881842987432648,0.6627634902584797,0.6627634902584797,0.6131538980688197,0.5476896939422581,0.46978077481643393,0.3588044701211414,0.24782816542584865,0.17643269602005596,0.11561824198868396,0.06755692117902318,0.04859890438813919,0.029640887597255215,0.026682823059235913,0.02722950996708222,0.027059608829979893,0.025473196441234955,0.023886784052490014,0.020371953798350106,0.016520977310792734,0.012787099803132718,0.009255031175721335,0.005722962548309957,0.004287969975656219,0.003131350330625177,0.0021968031331474937,0.0015975417878582186,0.000998280442568944,0.0,0.0,0.0,0.0,0.0,0.0,0.0,0.0,0.0,0.0,0.0,0.0,0.0,0.0,0.0,0.0,0.0,0.0,0.0,0.0,0.0,0.0,0.0,0.0,0.0,0.0,0.0,0.0,0.0,0.0,0.0,0.0,0.0,0.0,0.0,0.0,0.0,0.0,0.0,0.0,0.0,0.0,0.0,0.0,0.0,0.0,0.0,0.0,0.0,0.0,0.0,0.0,0.0
3-medium,con,True,13.478750149486586,0.004420063549280932,-7.762053663659575,0.54370747673818,0.54370747673818,0.5193586559150852,0.4872282531794549,0.43980117061836577,0.3517286245210572,0.26365607842374844,0.19008526620493524,0.12039115512195746,0.06772033491311549,0.05389753746832695,0.040074740023538405,0.03303864487274688,0.02748916070064043,0.022810474739596076,0.019853134079488396,0.01689579341938072,0.013917750663501422,0.010936099285423401,0.008619295545700298,0.007448293055056947,0.006277290564413595,0.004850355731562678,0.0033894475789496945,0.0023991011585063806,0.0021192106866329673,0.0018393202147595534,0.002054315764286946,0.002315839059416122,0.0024419227348694878,0.0023882410969349624,0.002334559459000437,0.002291258744561982,0.0022485585794166886,0.0020823736856156734,0.0017717744481325441,0.0014611752106494153,0.0008977508147778221,0.00032825861510490625,8.99002550584972e-05,0.0001931879200235632,0.00028768829668251615,0.0,0.0,0.0,0.0,0.0,0.0,0.0,0.0,0.0,0.0,0.0,0.0,0.0,0.0,0.0,0.0,0.0,0.0,0.0,0.0,0.0,0.0,0.0,0.0,0.0,0.0,0.0,0.0,0.0,0.0,0.0,0.0,0.0,0.0,0.0,0.0,0.0,0.0
3-medium,con,True,13.757500143256038,0.0,0.04535954973707891,0.5703641767854353,0.5703641767854353,0.5459004150371219,0.5136183376785228,0.4648615699186869,0.37232919623556393,0.27979682255244087,0.20171093878613408,0.12748698796788696,0.07111702645991824,0.05549078414720021,0.03986454183448219,0.03238005403998991,0.026678998187585193,0.02208646206415928,0.01968518587011005,0.017283909676060822,0.014866807223187943,0.012446946064648554,0.009951331053788549,0.007325161531482371,0.004698992009176193,0.003541072484659068,0.00257805340232633,0.0016763301364138327,0.0008671515345083729,5.797293260291329e-05,0.00030877431333551985,0.0006592319317520435,0.001061834439302101,0.0015336474360657572,0.0020054604328294135,0.0015850725791460188,0.0011130698002301518,0.0006967144590798042,0.0003454383248077752,0.0,0.0,0.0,0.0,0.0,0.0,0.0,0.0,0.0,0.0,0.0,0.0,0.0,0.0,0.0,0.0,0.0,0.0,0.0,0.0,0.0,0.0,0.0,0.0,0.0,0.0,0.0,0.0,0.0,0.0,0.0,0.0,0.0,0.0,0.0,0.0,0.0,0.0,0.0,0.0,0.0,0.0,0.0,0.0
3-medium,con,True,14.03625013702549,0.06956954152785155,-3.348235442273909,0.5110915058089326,0.5110915058089326,0.48877673558867485,0.4593304408650358,0.4143929832505258,0.3282932928117016,0.2421936023728773,0.17340057797398659,0.10923408806101866,0.06069018132616062,0.04779781056186099,0.03490543979756136,0.02944817269180505,0.025619547339824907,0.022137386334411414,0.01934009671174594,0.016542807089080465,0.014011449667687335,0.011526447400644426,0.008995944641891046,0.006387026142104724,0.003778107642318401,0.0026832176645350527,0.0017893049241857273,0.0013162019328659786,0.0014784391508653933,0.0016406763688648083,0.0016145960958287434,0.0015708107595329335,0.0019582060976748067,0.002917895785524871,0.0038775854733749363,0.003326233642285522,0.002687466186133498,0.0021825313344501314,0.0018341125795182463,0.001485693824586361,0.0012437035491422229,0.0010042675572057905,0.0008294102955683228,0.0007211818826520092,0.0006034215095999302,0.0,0.0,0.0,0.0,0.0,0.0,0.0,0.0,0.0,0.0,0.0,0.0,0.0,0.0,0.0,0.0,0.0,0.0,0.0,0.0,0.0,0.0,0.0,0.0,0.0,0.0,0.0,0.0,0.0,0.0,0.0,0.0,0.0,0.0,0.0,0.0,0.0,0.0
3-medium,con,True,14.315000130794942,0.0,-1.464023519029896,0.5670271782949577,0.5670271782949577,0.520493668783499,0.45908862530446076,0.39741036592268414,0.33500613285648845,0.27260189979029265,0.19897908345170925,0.12235723990169539,0.065208229058747,0.05249722106012735,0.039786213061507696,0.03329646283018108,0.028169464300261526,0.02407812333956534,0.022034012457566483,0.019989901575567633,0.016436467239546945,0.01261993982438484,0.009431427943414733,0.007325240706477641,0.005219053469540551,0.003879075593962931,0.002640806925645418,0.0019052783205005923,0.0019287886342635517,0.001952298948026511,0.0019281194001455396,0.0018994561900587284,0.0019439499898734765,0.0020855430937393843,0.002227136197605292,0.002023559000335587,0.0018000132732481197,0.0016953510412003297,0.0017297220491141953,0.0017640930570280607,0.0014343044343957014,0.001095775980630233,0.0011518436322066508,0.001615034249611998,0.002063746996055191,0.0006737701303046663,0.0,0.0,0.0,0.0,0.0,0.0,0.0,0.0,0.0,0.0,0.0,0.0,0.0,0.0,0.0,0.0,0.0,0.0,0.0,0.0,0.0,0.0,0.0,0.0,0.0,0.0,0.0,0.0,0.0,0.0,0.0,0.0,0.0,0.0,0.0,0.0,0.0
3-medium,con,True,14.593750124564394,0.011377062665310463,-3.4433755912735915,0.6235754951665934,0.6235754951665934,0.5721921518183696,0.5043873276062802,0.43496717558305664,0.36125486680453306,0.2875425580260093,0.21074524731938243,0.133123233127025,0.07369850556588178,0.05580091929135539,0.037903333016828994,0.03154540407070153,0.027715209586985264,0.02433908392924193,0.02186053618330555,0.019381988437369175,0.015581804018868602,0.011551242565700878,0.008242500773711805,0.006177746057371042,0.004112991341030279,0.002860111989311124,0.001715003703692182,0.0008808176305028324,0.0005160631329424812,0.00015130863538212973,0.0002438944544555037,0.0003794780810756365,0.00045018390817183455,0.00043477920135444743,0.0004193744945370603,0.0003397945583795084,0.0002565020056485586,0.0,0.0,0.0,0.0,0.0,0.0,0.0,0.0,0.0,0.0,0.0,0.0,0.0,0.0,0.0,0.0,0.0,0.0,0.0,0.0,0.0,0.0,0.0,0.0,0.0,0.0,0.0,0.0,0.0,0.0,0.0,0.0,0.0,0.0,0.0,0.0,0.0,0.0,0.0,0.0,0.0,0.0,0.0,0.0,0.0,0.0
3-medium,con,True,14.872500118333846,0.08382388030853379,-2.5534407529048377,0.5624824171749548,0.5624824171749548,0.500731259519297,0.4192451958087382,0.34965946823887517,0.31169463384286106,0.27372979944684683,0.20581530916260338,0.12989447522507092,0.07132106481378651,0.05233536450086297,0.03334966418793944,0.028057167656396643,0.02576413481029915,0.023409576740365028,0.02093339904191662,0.018457221343468215,0.015160155623048873,0.011719999329992398,0.008777396981253722,0.006692281217403169,0.004607165453552616,0.0033697975107210383,0.0022449624644848994,0.001503942733080191,0.0013424088691660761,0.0011808750052519615,0.0010691302456133534,0.0009620665128724426,0.000926106194575514,0.000984519499086052,0.0010429328035965902,0.0009939332233036085,0.0009387196744682742,0.0006854254275964936,0.00020047748302107345,0.0,0.0,0.0,0.0,0.0,0.0,0.0,0.0,0.0,0.0,0.0,0.0,0.0,0.0,0.0,0.0,0.0,0.0,0.0,0.0,0.0,0.0,0.0,0.0,0.0,0.0,0.0,0.0,0.0,0.0,0.0,0.0,0.0,0.0,0.0,0.0,0.0,0.0,0.0,0.0,0.0,0.0,0.0,0.0
3-medium,con,True,15.151250112103298,0.01499868562570622,-3.9518630003149773,0.6074964211444601,0.6074964211444601,0.540603595636437,0.45233265063615913,0.3773001181373356,0.3374439388566623,0.2975877595759889,0.22524834171550143,0.14422528581882607,0.08061369665040084,0.05673596745157198,0.032858238252743116,0.02775974870127851,0.02677480688209371,0.025319612141046992,0.022934847670738362,0.02055008320042973,0.01704285000741641,0.013339957128794015,0.010024963717409803,0.007378477898499912,0.00473199207959002,0.0033485552087803437,0.0021327797027627313,0.001298218768578939,0.0010392170899089597,0.0007802154112389803,0.0008519879550657238,0.0009548589300673716,0.0009799670687837426,0.0009018627157032927,0.0008237583626228428,0.0005651542290287507,0.0002961079593718864,0.0,0.0,0.0,0.0,0.0,0.0,0.0,0.0,0.0,0.0,0.0,0.0,0.0,0.0,0.0,0.0,0.0,0.0,0.0,0.0,0.0,0.0,0.0,0.0,0.0,0.0,0.0,0.0,0.0,0.0,0.0,0.0,0.0,0.0,0.0,0.0,0.0,0.0,0.0,0.0,0.0,0.0,0.0,0.0,0.0,0.0
3-medium,con,True,15.43000010587275,0.01743970940520443,-3.485077330985927,0.619029748508736,0.619029748508736,0.5515019027463134,0.4623929928742504,0.3833715449179352,0.3311539243377496,0.27893630375756395,0.21153997931050972,0.14008598155251042,0.08292792937813531,0.058393958151005045,0.03385998692387477,0.02838974436985355,0.027095366191846687,0.025389177770765412,0.02286894584593238,0.020348713921099354,0.017142107619591684,0.01381585807811321,0.01069304243875844,0.007920825651999848,0.0051486088652412535,0.0035050713629910207,0.002011358544525083,0.0010351957606267181,0.0008404320485264584,0.0006456683364261985,0.0007301521054507903,0.0008408899111623329,0.0008949836601847664,0.0008738952976016557,0.0008528069350185451,0.0007177616505826283,0.0005761238169486154,0.000483584705843517,0.00044846613464511495,0.0004133475634467129,0.00017251387012901645,0.0,0.0,0.0,0.0,0.0,0.0,0.0,0.0,0.0,0.0,0.0,0.0,0.0,0.0,0.0,0.0,0.0,0.0,0.0,0.0,0.0,0.0,0.0,0.0,0.0,0.0,0.0,0.0,0.0,0.0,0.0,0.0,0.0,0.0,0.0,0.0,0.0,0.0,0.0,0.0,0.0,0.0
3-short,con,True,11.670000188052654,0.013820240122158838,-5.4122096876840695,0.49309630924831416,0.49309630924831416,0.4676515396042541,0.43407493636260763,0.3877566014933945,0.3075816654423614,0.22740672939132814,0.17153371233226392,0.12215724787501311,0.08256605570633367,0.06530535670900939,0.04804465771168509,0.0390215298759834,0.031802822389970495,0.026012555717799646,0.023045951119502615,0.020079346521205587,0.016706486601723736,0.013262811534512418,0.010174616288181356,0.00769905647783541,0.005223496667489463,0.0039049503310823117,0.0027399898540475657,0.0020185166850883525,0.0019666223930274946,0.001914728100966637,0.001810315293766515,0.001700964848390907,0.0015776712546487013,0.0014358713003471946,0.0012940713460456875,0.002209787926721314,0.003186683149916277,0.003349390501166897,0.002559912036075835,0.0017704335709847732,0.0011168690382838688,0.00046656643996032833,0.000399537637332089,0.0009342992588339216,0.0014613586109115792,0.0010102297461189666,0.0005591008813263537,0.0004250162125354668,0.0005795837221939136,0.0007124451804553725,0.0003113377743509123,0.0,0.0,0.0,0.0,0.0,0.0,0.0,0.0,0.0,0.0,0.0,0.0,0.0,0.0,0.0,0.0,0.0,0.0,0.0,0.0,0.0,0.0,0.0,0.0,0.0,0.0,0.0,0.0,0.0,0.0,0.0,0.0
3-short,con,True,11.910000182688236,0.03129664581955402,-3.5942961301592558,0.5094619027718087,0.5094619027718087,0.4833864242184586,0.4489775453026977,0.40047646178711255,0.3145303774777086,0.22858429316830461,0.1709430842812227,0.12086852525951396,0.08104463730952219,0.06461330642062811,0.048181975531734034,0.03814526077821274,0.029509271463868367,0.02327052809144688,0.021770526697245017,0.020270525303043158,0.01668410935678727,0.012734006470265081,0.009588084631537415,0.007828091832625832,0.006068099033714248,0.004359003552575229,0.0026566643525564614,0.0017242448521007149,0.0019542531333381586,0.0021842614145756024,0.0018848054345459123,0.0015355707632859804,0.0014304754833179877,0.0016494197590647473,0.0018683640348115067,0.0014503953255843435,0.0009955804106148885,0.0007799586965734769,0.0008440714039563851,0.0009081841113392933,0.0009864853304626655,0.0010651270738678085,0.0008916048833959203,0.0004579135547969364,3.234156916915541e-05,0.0006379261408841758,0.0012435107125991962,0.000805540922201587,0.0,0.0,0.0,0.0,0.0,0.0,0.0,0.0,0.0,0.0,0.0,0.0,0.0,0.0,0.0,0.0,0.0,0.0,0.0,0.0,0.0,0.0,0.0,0.0,0.0,0.0,0.0,0.0,0.0,0.0,0.0,0.0,0.0,0.0,0.0
3-short,con,True,12.150000177323818,0.06980855560783919,-3.9188776068221816,0.44111308643186675,0.44111308643186675,0.41950960126132814,0.3910019094898958,0.34969877978707087,0.27439634358083104,0.1990939073745912,0.1474254771750476,0.10207504858125435,0.06633166469583525,0.052512049503885126,0.038692434311935,0.03248866346929891,0.02795312519841734,0.02397303586837127,0.021090927002767466,0.018208818137163654,0.015385689342246949,0.012572841477083041,0.009760107845372073,0.006947571084080008,0.004135034322787944,0.003756715781097743,0.003701523551744072,0.003646252658576505,0.003590862998474232,0.0035354733383719593,0.003308769803749128,0.003065959836479065,0.003038664106109215,0.00329741454471601,0.003556164983322805,0.0034962185197934766,0.0034178350453967703,0.0032433635523081866,0.002956517935664696,0.002669672319021205,0.002828326215759574,0.002997672100819108,0.002720792569277577,0.0019835217348936783,0.001254664482945428,0.0015943322003245267,0.0019339999177036258,0.0016973143449631634,0.0009358892095765319,0.00017801620952138006,0.0,0.0,0.0,0.0,0.0,0.0,0.0,0.0,0.0,0.0,0.0,0.0,0.0,0.0,0.0,0.0,0.0,0.0,0.0,0.0,0.0,0.0,0.0,0.0,0.0,0.0,0.0,0.0,0.0,0.0,0.0,0.0,0.0
3-short,con,True,12.3900001719594,0.006381769175559209,-6.331757844553898,0.5930138189878581,0.5930138189878581,0.551731078744589,0.4972548854338834,0.431973625658227,0.33798176070427266,0.2439898957503183,0.180660981181128,0.12552909295241918,0.08154638699239862,0.06300668672246162,0.04446698645252463,0.035385400426250394,0.028375591805730873,0.022965861300643115,0.02071907590745533,0.018472290514267548,0.015447058457138457,0.01228613386225813,0.00931421938135968,0.006668045735195955,0.00402187208903223,0.002902307499279467,0.0019853901294042665,0.0014378066439084333,0.0014478449054167444,0.0014578831669250557,0.0013051383523590009,0.001137089146025271,0.0012025539919803257,0.0015779556709732176,0.0019533573499661097,0.001727952681292244,0.0014677906206046001,0.0013402195574014862,0.0013677125421040078,0.0013952055268065297,0.00107355792336754,0.0007435309458131543,0.0005095761444050042,0.00037474342949693826,0.00023989712511124096,0.00010332495706635423,0.0,0.0,0.0,0.0,0.0,0.0,0.0,0.0,0.0,0.0,0.0,0.0,0.0,0.0,0.0,0.0,0.0,0.0,0.0,0.0,0.0,0.0,0.0,0.0,0.0,0.0,0.0,0.0,0.0,0.0,0.0,0.0,0.0,0.0,0.0,0.0,0.0
3-short,con,True,12.630000166594982,0.0036341300121157678,-8.875228526571172,0.6090246173802671,0.6090246173802671,0.5735869864969908,0.5268239271871001,0.46474665198778536,0.3619773174251433,0.2592079828625011,0.19035794231201902,0.1305754358043916,0.08349322788225765,0.0653937526295831,0.047294277376908556,0.037255292336320585,0.02898193848504684,0.022889416968276496,0.021107843089477957,0.01932626921067942,0.015552633045818174,0.01143175666595518,0.008008830121119455,0.005788753291969018,0.0035686764628185827,0.0029125949453611844,0.0024641234250311803,0.0017503345035081374,0.0006359683292034579,0.0,0.0,0.0,0.0,0.0,0.0,0.0,0.0,0.0,0.0,0.0,0.0,0.0,0.0,0.0,0.0,0.0,0.0,0.0,0.0,0.0,0.0,0.0,0.0,0.0,0.0,0.0,0.0,0.0,0.0,0.0,0.0,0.0,0.0,0.0,0.0,0.0,0.0,0.0,0.0,0.0,0.0,0.0,0.0,0.0,0.0,0.0,0.0,0.0,0.0,0.0,0.0,0.0,0.0
3-short,con,True,12.870000161230564,0.13275345313721532,-2.362092158570874,0.5383661047405403,0.5383661047405403,0.503845331124838,0.45829214532267404,0.3998708416598672,0.3072571105387803,0.2146433794176933,0.1562793179258443,0.10707110871111823,0.06789064941815799,0.051594029690252965,0.035297409962347925,0.028400542300509115,0.023562667948380064,0.020118227665545926,0.019428250077829626,0.01873827249011332,0.015224600947243061,0.0112187258709056,0.007826457329103502,0.005491680900011285,0.0031569044709190666,0.002361125169725716,0.0017696375226782326,0.0013511180056743665,0.0011937464497167498,0.0010363748937591327,0.0009035875804905151,0.000773111606278128,0.0009425741701371626,0.0015101369754364437,0.002077699780735725,0.0015655687003850588,0.0009909759902860507,0.0005895548249226963,0.00039065631357222366,0.00019175780222175086,0.0,0.0,0.0,0.0,0.0,0.0,0.0,0.0,0.0,0.0,0.0,0.0,0.0,0.0,0.0,0.0,0.0,0.0,0.0,0.0,0.0,0.0,0.0,0.0,0.0,0.0,0.0,0.0,0.0,0.0,0.0,0.0,0.0,0.0,0.0,0.0,0.0,0.0,0.0,0.0,0.0,0.0,0.0
3-short,con,True,13.110000155866146,0.002044449903206597,-11.001051046449392,0.6339964737635583,0.6339964737635583,0.5995829488209964,0.5541712870411208,0.4907224130928124,0.379346089668382,0.26796976624395163,0.19497774461962675,0.1322468729814686,0.08270524166154486,0.06326213311913031,0.04381902457671579,0.03450460886289564,0.027408859197243805,0.021742247822764106,0.018900677256415345,0.016059106690066587,0.013712278265378708,0.011451689296576669,0.008796256756005809,0.005460349123663155,0.0021244414913205007,0.0009484532167366713,5.9179901147377e-05,0.0,0.0,0.0,0.0,0.0,0.0,0.0,0.0,0.0,0.0,0.0,0.0,0.0,0.0,0.0,0.0,0.0,0.0,0.0,0.0,0.0,0.0,0.0,0.0,0.0,0.0,0.0,0.0,0.0,0.0,0.0,0.0,0.0,0.0,0.0,0.0,0.0,0.0,0.0,0.0,0.0,0.0,0.0,0.0,0.0,0.0,0.0,0.0,0.0,0.0,0.0,0.0,0.0,0.0,0.0,0.0
3-short,con,True,13.351250150473788,0.0009252623642781677,-12.533675952385426,0.5850035389105022,0.5850035389105022,0.5542747224266605,0.5137253563448901,0.45765374631311634,0.3603373166427619,0.26302088697240744,0.19462784563209232,0.13396679919188664,0.08552426284225056,0.06496499310955517,0.04440572337685978,0.036107396464340066,0.03049479988385885,0.02559987622905164,0.022123608357553497,0.018647340486055358,0.015972414130558162,0.013437171158584072,0.010629882230402283,0.0073537481436497815,0.004077614056897281,0.002643494678178888,0.0014538905261906874,0.0005893034692444339,0.00021542849696936292,0.0,0.0,0.0,0.0,0.0,0.0,0.0,0.0,0.0,0.0,0.0,0.0,0.0,0.0,0.0,0.0,0.0,0.0,0.0,0.0,0.0,0.0,0.0,0.0,0.0,0.0,0.0,0.0,0.0,0.0,0.0,0.0,0.0,0.0,0.0,0.0,0.0,0.0,0.0,0.0,0.0,0.0,0.0,0.0,0.0,0.0,0.0,0.0,0.0,0.0,0.0,0.0,0.0,0.0
4-long,con,True,24.66699962085113,0.0,-1.7948533198359895,0.20138188451823844,0.20138188451823844,0.18085340644095757,0.1537642807307313,0.12711792913507983,0.10164809161529847,0.0761782540955171,0.059466955794647815,0.04509704916616095,0.034211281074860475,0.031276495799190486,0.028341710523520493,0.02631887395216528,0.02449579757318378,0.02315331959279161,0.022760861702634142,0.022368403812476675,0.02165256805407032,0.020880363676427927,0.01930573340418517,0.016348198930609875,0.013390664457034582,0.012864403147746789,0.01266087721424937,0.01357527257337534,0.016177509884109147,0.018779747194842957,0.019867688183243873,0.020813259431938284,0.021953372981242524,0.02335169722044707,0.024750021459651626,0.023998612608294785,0.023122839032690592,0.020068071265645294,0.014464988257762103,0.008861905249878912,0.0026935937459894987,0.0,0.0,0.0,0.0,0.0,0.0,0.0,0.0,0.0,0.0,0.0,0.0,0.0,0.0,0.0,0.0,0.0,0.0,0.0,0.0,0.0,0.0,0.0,0.0,0.0,0.0,0.0,0.0,0.0,0.0,0.0,0.0,0.0,0.0,0.0,0.0,0.0,0.0,0.0,0.0,0.0,0.0
4-long,con,True,25.203999625518918,0.4877364976458088,-2.8638723559095443,0.09521358120488614,0.09521358120488614,0.08561338543437448,0.0729450858609158,0.06065102658866346,0.04935137725961655,0.038051727930569636,0.031304250170524,0.025773689562587618,0.021087397178162524,0.018327768175596535,0.01556813917303054,0.014797325215785277,0.0144621564589436,0.013879138624002668,0.012806186564912043,0.011733234505821416,0.01089296719492225,0.010093259610772051,0.009433109398803678,0.00901347295591462,0.00859383651302556,0.008491595704718117,0.008431487060293189,0.008848559322464745,0.009986081188713336,0.011123603054961925,0.011126369649605434,0.011022449851192056,0.011171033398000242,0.01165475774846613,0.012138482098932018,0.011077189071257008,0.00992651487294575,0.008086256249343508,0.005439534484299274,0.002792812719255039,0.0,0.0,0.0,0.0,0.0,0.0,0.0,0.0,0.0,0.0,0.0,0.0,0.0,0.0,0.0,0.0,0.0,0.0,0.0,0.0,0.0,0.0,0.0,0.0,0.0,0.0,0.0,0.0,0.0,0.0,0.0,0.0,0.0,0.0,0.0,0.0,0.0,0.0,0.0,0.0,0.0,0.0,0.0
4-long,con,True,25.740999630186707,0.6763456896445376,-2.4384478764823774,0.05340064123286985,0.05340064123286985,0.048728560288838,0.04256334007403309,0.036342857206937695,0.02997553357804184,0.02360820994914598,0.01943974946562084,0.015859103882343316,0.0128589342457184,0.011183440487351988,0.009507946728985577,0.00885227695393775,0.00841999719428352,0.007995836597641396,0.007587725509279014,0.007179614420916633,0.00646919253894942,0.00570607428011531,0.005350162952238525,0.005696033781969044,0.006041904611699563,0.005670550800757341,0.005203990179106348,0.0051601513270757016,0.005754539460550278,0.006348927594024855,0.006890026257242704,0.007426114799325307,0.007777634276177753,0.007884180266451997,0.007990726256726241,0.007103870615838574,0.006159545459098567,0.0051889132285295545,0.0041875150980588225,0.003186116967588091,0.000682233796332108,0.0,0.0,0.0,0.0,0.0,0.0,0.0,0.0,0.0,0.0,0.0,0.0,0.0,0.0,0.0,0.0,0.0,0.0,0.0,0.0,0.0,0.0,0.0,0.0,0.0,0.0,0.0,0.0,0.0,0.0,0.0,0.0,0.0,0.0,0.0,0.0,0.0,0.0,0.0,0.0,0.0,0.0
4-long,con,True,26.277999634854496,0.314341293857734,-3.5479660419439027,0.08895798816989602,0.08895798816989602,0.08135223962800531,0.07131578794386087,0.061360309897231465,0.05161999037314202,0.041879670849052565,0.0361800997976178,0.0315607288329323,0.0274855428781895,0.024652215023059518,0.021818887167929537,0.021023084844416437,0.02067359763735275,0.01986118857320933,0.01813370141948971,0.016406214265770085,0.015762049673060576,0.015306721123095949,0.015002372844733772,0.014958224608920502,0.01491407637310723,0.015441100114483259,0.01604394314486672,0.01628375418317632,0.015975458096197926,0.015667162009219537,0.016220834901357454,0.016855547612044768,0.01672414985812828,0.01557591457846495,0.01442767929880162,0.013004548119402765,0.01156551387142417,0.008988491231540354,0.005080600811292812,0.0011727103910452693,0.0,0.0,0.0,0.0,0.0,0.0,0.0,0.0,0.0,0.0,0.0,0.0,0.0,0.0,0.0,0.0,0.0,0.0,0.0,0.0,0.0,0.0,0.0,0.0,0.0,0.0,0.0,0.0,0.0,0.0,0.0,0.0,0.0,0.0,0.0,0.0,0.0,0.0,0.0,0.0,0.0,0.0,0.0
4-long,con,True,26.81799963954836,0.7602467891409183,-2.2711559724641814,0.035507554309826814,0.035507554309826814,0.03272509261659306,0.029053390588408317,0.025389914913020957,0.021748297832209492,0.01810668075139802,0.015507190047246574,0.01318628758240028,0.011184451851490262,0.009910742769819434,0.008637033688148606,0.00828268909482556,0.008129729103712026,0.007801006065305585,0.007124844445041072,0.0064486828247765585,0.006188826274057496,0.006001536662066539,0.005836874763317926,0.005711209561859312,0.005585544360400698,0.005205386184182113,0.004791445754676807,0.004655967624459432,0.004940912965715988,0.005225858306972544,0.005450193576297844,0.005668830462792002,0.005687825939842199,0.005441842818903144,0.005195859697964088,0.004111564447606625,0.002978771801332396,0.001559206916992628,0.0,0.0,0.0,0.0,0.0,0.0,0.0,0.0,0.0,0.0,0.0,0.0,0.0,0.0,0.0,0.0,0.0,0.0,0.0,0.0,0.0,0.0,0.0,0.0,0.0,0.0,0.0,0.0,0.0,0.0,0.0,0.0,0.0,0.0,0.0,0.0,0.0,0.0,0.0,0.0,0.0,0.0,0.0,0.0,0.0
4-long,con,True,27.35499964421615,0.0895169285321144,-5.776095255431799,0.12597608959019174,0.12597608959019174,0.12095455091022385,0.11432819059026622,0.1017622920096108,0.07341419176481558,0.045066091520020314,0.0379002902205047,0.036397083688539056,0.034213566277269694,0.030477544551691865,0.02674152282611403,0.027188738950214477,0.028552283365196825,0.02923525671723756,0.028572915177416953,0.027910573637596352,0.02725501701563873,0.026600643085785667,0.025827309316756874,0.024848959654680557,0.023870609992604243,0.0237789032593445,0.023804892490086958,0.02407507705594731,0.02471394869639741,0.02535282033684751,0.022736552700066665,0.01981424632781967,0.018153200517582197,0.01816619145328461,0.01817918238898702,0.013046308113471846,0.0076157391563159964,0.0042007130511662084,0.003142847230565869,0.0020849814099655295,0.0,0.0,0.0,0.0,0.0,0.0,0.0,0.0,0.0,0.0,0.0,0.0,0.0,0.0,0.0,0.0,0.0,0.0,0.0,0.0,0.0,0.0,0.0,0.0,0.0,0.0,0.0,0.0,0.0,0.0,0.0,0.0,0.0,0.0,0.0,0.0,0.0,0.0,0.0,0.0,0.0,0.0,0.0
4-long,con,True,27.89199964888394,,,0.8835616949980445,0.8591004558775867,0.7897054931986941,0.6862786813606547,0.5638323590157684,0.43793900306493627,0.32158174946248064,0.22324580215662054,0.14651744904704211,0.09090955582300568,0.05332659604650693,0.029572792022579834,0.01550439895830342,0.007684784278629761,0.0036009953968901,0.0015952457316578835,0.0006681081290765822,0.0002645331237522836,9.902104479753179e-05,3.504201636150525e-05,1.1723703097509158e-05,3.7081276360315126e-06,1.10881393955711e-06,3.1345616753432974e-07,8.377397086465715e-08,2.1166815437338686e-08,5.056104999573678e-09,1.1418019628793625e-09,2.437696455706637e-10,4.920198294992634e-11,9.38857599737241e-12,1.693678543553256e-12,2.888526691021715e-13,4.657318336997681e-14,7.099203122778707e-15,1.0230513213547439e-15,1.3937965285737462e-16,1.795210898220151e-17,2.185977629708325e-18,2.516460339548517e-19,2.7387261379181235e-20,2.8178720074498495e-21,2.7409938345622146e-22,2.5206293808703283e-23,2.1914121707122538e-24,1.801164107938704e-25,1.3995764899338057e-26,1.0281444434285683e-27,7.140453026971475e-29,4.688258395073437e-30,2.910123721682069e-31,1.707754765231797e-32,9.474443238523254e-34,4.96930931583426e-35,2.4640669410849658e-36,1.1551093878736588e-37,5.1192679829605474e-39,2.144898548239088e-40,8.49610332938264e-42,3.1816100929535456e-43,1.1263886492339048e-44,3.770020525896895e-46,1.1929254493822716e-47,3.568593108124689e-49,1.0092410360302595e-50,2.698403607130133e-52,6.820764522604575e-54,1.6299464773470539e-55,3.6823729414652646e-57,7.864956723262169e-59,1.588104380056648e-60,3.031627860064287e-62,5.471253974312945e-64,9.334950090999329e-66,1.505744429823881e-67,2.2961733380646075e-69,3.310337044687261e-71,4.5118421586136175e-73,5.813661233794933e-75,7.082061351897306e-77
4-long,con,True,28.431999653577805,,,0.8835616949980445,0.8591004558775867,0.7897054931986941,0.6862786813606547,0.5638323590157684,0.43793900306493627,0.32158174946248064,0.22324580215662054,0.14651744904704211,0.09090955582300568,0.05332659604650693,0.029572792022579834,0.01550439895830342,0.007684784278629761,0.0036009953968901,0.0015952457316578835,0.0006681081290765822,0.0002645331237522836,9.902104479753179e-05,3.504201636150525e-05,1.1723703097509158e-05,3.7081276360315126e-06,1.10881393955711e-06,3.1345616753432974e-07,8.377397086465715e-08,2.1166815437338686e-08,5.056104999573678e-09,1.1418019628793625e-09,2.437696455706637e-10,4.920198294992634e-11,9.38857599737241e-12,1.693678543553256e-12,2.888526691021715e-13,4.657318336997681e-14,7.099203122778707e-15,1.0230513213547439e-15,1.3937965285737462e-16,1.795210898220151e-17,2.185977629708325e-18,2.516460339548517e-19,2.7387261379181235e-20,2.8178720074498495e-21,2.7409938345622146e-22,2.5206293808703283e-23,2.1914121707122538e-24,1.801164107938704e-25,1.3995764899338057e-26,1.0281444434285683e-27,7.140453026971475e-29,4.688258395073437e-30,2.910123721682069e-31,1.707754765231797e-32,9.474443238523254e-34,4.96930931583426e-35,2.4640669410849658e-36,1.1551093878736588e-37,5.1192679829605474e-39,2.144898548239088e-40,8.49610332938264e-42,3.1816100929535456e-43,1.1263886492339048e-44,3.770020525896895e-46,1.1929254493822716e-47,3.568593108124689e-49,1.0092410360302595e-50,2.698403607130133e-52,6.820764522604575e-54,1.6299464773470539e-55,3.6823729414652646e-57,7.864956723262169e-59,1.588104380056648e-60,3.031627860064287e-62,5.471253974312945e-64,9.334950090999329e-66,1.505744429823881e-67,2.2961733380646075e-69,3.310337044687261e-71,4.5118421586136175e-73,5.813661233794933e-75,7.082061351897306e-77
4-medium,con,True,20.927000536117703,0.5477205521529253,-2.38301674682878,0.1301271559830622,0.1301271559830622,0.11685184438207219,0.09933390742406475,0.08344388515714847,0.071879464783703,0.06031504441025749,0.0481271251651737,0.035772528003909385,0.02624826163918555,0.023182955297336154,0.02011764895548676,0.018145623787094948,0.016413079256698614,0.01499955533464588,0.014216653545365379,0.01343375175608488,0.01230366094398675,0.011113050944425001,0.009956027892263046,0.00885688872817308,0.007757749564083111,0.007428521845948957,0.007201494762233715,0.006742039232642915,0.005931662323985105,0.005121285415327295,0.00482844351406113,0.004584258750242039,0.004345054375133131,0.004112460334130465,0.0038798662931277977,0.003593344202071472,0.003303702306466589,0.0033001126541672295,0.0036310586762421256,0.003962004698317021,0.0018252299386386016,0.0,0.0,0.0,0.0,0.0,0.0,0.0,0.0,0.0,0.0,0.0,0.0,0.0,0.0,0.0,0.0,0.0,0.0,0.0,0.0,0.0,0.0,0.0,0.0,0.0,0.0,0.0,0.0,0.0,0.0,0.0,0.0,0.0,0.0,0.0,0.0,0.0,0.0,0.0,0.0,0.0,0.0
4-medium,con,True,21.401000540237874,0.9567197392526322,-2.0272034435446677,0.011465999181363271,0.011465999181363271,0.010374619560707123,0.008934448514892822,0.0076529600580514286,0.006793113909052331,0.005933267760053231,0.004725955843510666,0.003425757038614898,0.002415669875344958,0.0020676323557852405,0.0017195948362255227,0.0015410791813316367,0.001399696887269314,0.0012671761725897893,0.0011521725334343999,0.0010371688942790104,0.0009991641193972537,0.0009745811648934697,0.0009140955188323879,0.0007917350213640487,0.0006693745238957095,0.0006535659081724047,0.0006519013475479984,0.0006205819600731141,0.0005444895987259408,0.00046839723737876737,0.0005276961320129419,0.000599724119089807,0.000616308766061716,0.0005593049798034115,0.000502301193545107,0.00040803139961489705,0.00031160572094333716,0.0003163576151518152,0.0004394358234064385,0.0005625140316610618,0.0002437920406539642,0.0,0.0,0.0,0.0,0.0,0.0,0.0,0.0,0.0,0.0,0.0,0.0,0.0,0.0,0.0,0.0,0.0,0.0,0.0,0.0,0.0,0.0,0.0,0.0,0.0,0.0,0.0,0.0,0.0,0.0,0.0,0.0,0.0,0.0,0.0,0.0,0.0,0.0,0.0,0.0,0.0,0.0
4-medium,con,True,21.875000544358045,0.0,0.3865026032644848,0.35745840018671804,0.35745840018671804,0.32227392346445566,0.2758449232536352,0.2336380752876743,0.2026500890009114,0.1716621027141484,0.13295136497527926,0.09217612932347083,0.06048193465400179,0.049511141200640534,0.03854034774727928,0.03391721802865134,0.03068452893763165,0.027564012932318735,0.024665234422007572,0.021766455911696406,0.02046887315164405,0.019450397907691853,0.01758321143119751,0.014253352405002886,0.010923493378808258,0.009975332952129922,0.009343327206803306,0.00871756064490588,0.008101214026617239,0.007484867408328598,0.00749198476766164,0.007557718398395008,0.008368432693009513,0.010167939505138973,0.011967446317268432,0.013376949789915965,0.014763891085899256,0.013702486340405487,0.00977776164809958,0.005853036955793675,0.0,0.0,0.0,0.0,0.0,0.0,0.0,0.0,0.0,0.0,0.0,0.0,0.0,0.0,0.0,0.0,0.0,0.0,0.0,0.0,0.0,0.0,0.0,0.0,0.0,0.0,0.0,0.0,0.0,0.0,0.0,0.0,0.0,0.0,0.0,0.0,0.0,0.0,0.0,0.0,0.0,0.0,0.0
4-medium,con,True,22.349000548478216,0.16446109300595757,-4.119855216124196,0.21528317124352966,0.21528317124352966,0.19243248675376276,0.16227900618994662,0.1354644661174457,0.11752196792186803,0.09957946972629035,0.07896089872752039,0.057626941929877225,0.04057466447054266,0.03329339883452768,0.026012133198512685,0.02445593034575379,0.02415378886456528,0.023555998512173982,0.02237378597252135,0.021191573432868722,0.020220064889653038,0.019285284565999757,0.017683514117337464,0.01493225004897878,0.012180985980620097,0.012432655156612517,0.013082943789819687,0.013411327250152006,0.01325369701810465,0.013096066786057292,0.011970778860384472,0.010754514570353707,0.010890631502132174,0.012821727146493789,0.0147528227908554,0.013690646448625771,0.01245530561130409,0.010272030409000661,0.0069801540001931586,0.003688277591385654,0.0028704968107746615,0.0021120943252403825,0.0,0.0,0.0,0.0,0.0,0.0,0.0,0.0,0.0,0.0,0.0,0.0,0.0,0.0,0.0,0.0,0.0,0.0,0.0,0.0,0.0,0.0,0.0,0.0,0.0,0.0,0.0,0.0,0.0,0.0,0.0,0.0,0.0,0.0,0.0,0.0,0.0,0.0,0.0,0.0,0.0
4-medium,con,True,22.823000552598387,0.0,-0.3198032305572172,0.24784966857548807,0.24784966857548807,0.22342902484848293,0.19120384549738328,0.16150917582736754,0.13853843188137452,0.11556768793538148,0.09104576882377342,0.06610917912333758,0.046506823818541175,0.03907746495507585,0.03164810609161052,0.030614287319118718,0.03098139637607826,0.03051265363995507,0.028391645731459043,0.026270637822963017,0.024336128200448504,0.022434127453472053,0.020586514821016914,0.018832634896566596,0.01707875497211628,0.01525628059918255,0.013424700768485535,0.012474654089123535,0.01285554961863989,0.013236445148156245,0.014382145229247481,0.01559975001176883,0.016787008127096277,0.017933987938693628,0.019080967750290986,0.019239498285230496,0.01934084580416501,0.015617229831220998,0.007420351469469924,0.0,0.0,0.0,0.0,0.0,0.0,0.0,0.0,0.0,0.0,0.0,0.0,0.0,0.0,0.0,0.0,0.0,0.0,0.0,0.0,0.0,0.0,0.0,0.0,0.0,0.0,0.0,0.0,0.0,0.0,0.0,0.0,0.0,0.0,0.0,0.0,0.0,0.0,0.0,0.0,0.0,0.0,0.0,0.0
4-medium,con,True,23.297000556718558,0.5173296427596555,-2.531670161546582,0.11611784584112604,0.11611784584112604,0.10558549007667296,0.0916871237070854,0.07881643151629143,0.06867641642914898,0.05853640134200652,0.047152083539135616,0.03543513035681253,0.025929931353766995,0.021472068811124047,0.0170142062684811,0.016286346899934412,0.016375535845713572,0.015576319321274557,0.01302095244872985,0.010465585576185144,0.009811303655816795,0.009488403516103036,0.009114206657165396,0.008651604814033409,0.008189002970901419,0.007409677847690335,0.006588309811194417,0.0061331824485167065,0.006231006691407666,0.006328830934298627,0.006526860701344375,0.006734311500575617,0.007121290241642541,0.00774655152369137,0.008371812805740198,0.009380280578878812,0.01041091732257634,0.008393144733849847,0.0028102832648308758,0.0,0.0,0.0,0.0,0.0,0.0,0.0,0.0,0.0,0.0,0.0,0.0,0.0,0.0,0.0,0.0,0.0,0.0,0.0,0.0,0.0,0.0,0.0,0.0,0.0,0.0,0.0,0.0,0.0,0.0,0.0,0.0,0.0,0.0,0.0,0.0,0.0,0.0,0.0,0.0,0.0,0.0,0.0,0.0
4-medium,con,True,23.77100056083873,0.0,-1.608991450298411,0.32190201280171105,0.32190201280171105,0.2913400939774876,0.25101096398263606,0.21381433986832724,0.1849412313794604,0.15606812289059355,0.12235461807977056,0.08734714593535534,0.06028156505822756,0.051339787329525044,0.04239800960082252,0.038116834934833574,0.034856554273058095,0.03159187736137484,0.028318510188245955,0.02504514301511707,0.021548743045747085,0.0180134657999681,0.016032056025392257,0.016728588062889908,0.017425120100387555,0.014684516020279263,0.011487654933409116,0.009934953632884928,0.010864611225471305,0.01179426881805768,0.012503599929845817,0.01319221658617429,0.014174445188916397,0.015546376920534776,0.016918308652153158,0.013359072350695255,0.009514561865505682,0.004284665844742047,0.0,0.0,0.0,0.0,0.0,0.0,0.0,0.0,0.0,0.0,0.0,0.0,0.0,0.0,0.0,0.0,0.0,0.0,0.0,0.0,0.0,0.0,0.0,0.0,0.0,0.0,0.0,0.0,0.0,0.0,0.0,0.0,0.0,0.0,0.0,0.0,0.0,0.0,0.0,0.0,0.0,0.0,0.0,0.0,0.0
4-medium,con,True,24.2450005649589,0.0,-0.4843073113435105,0.25894862782198813,0.25894862782198813,0.23330403139355957,0.19946373919934454,0.16802113617009792,0.14294953577919595,0.11787793538829394,0.09558060659426747,0.07402491476178195,0.056052511074395316,0.04625735469249061,0.03646219831058591,0.03369643426764229,0.03247044187989966,0.03147207601660354,0.030923669562096984,0.030375263107590436,0.027839487228712895,0.02495728915659638,0.022194792324471784,0.019638589118716254,0.017082385912960723,0.016910733892411826,0.017055615215031954,0.01690829160788213,0.01631979585186395,0.015731300095845765,0.017756948385026165,0.020028370900678216,0.021643314905337697,0.02238693288631614,0.02313055086729458,0.01057004432028991,0.0,0.0,0.0,0.0,0.0,0.0,0.0,0.0,0.0,0.0,0.0,0.0,0.0,0.0,0.0,0.0,0.0,0.0,0.0,0.0,0.0,0.0,0.0,0.0,0.0,0.0,0.0,0.0,0.0,0.0,0.0,0.0,0.0,0.0,0.0,0.0,0.0,0.0,0.0,0.0,0.0,0.0,0.0,0.0,0.0,0.0,0.0
4-short,con,True,17.901000764686614,0.047543501302878745,-4.050289780425152,0.41742716438042,0.41742716438042,0.37588851568703574,0.32107462875143594,0.27319343141714486,0.24373338073775994,0.21427333005837496,0.17393907079757118,0.1306978448862891,0.09315519612956262,0.06861699267425786,0.044078789218953085,0.035410823794346465,0.03021919622408328,0.026069453599417487,0.02397925098349074,0.021889048367563994,0.01951352167517767,0.017088259593316737,0.014797285184893306,0.012737742724308975,0.010678200263724642,0.008732995060959486,0.006802967370294223,0.0058646578376356385,0.006423648269026355,0.006982638700417071,0.005052003946727645,0.002887301867945223,0.0017764460690017389,0.0020643316960262848,0.002352217323050831,0.0022941707585274725,0.002216111587881509,0.0021602521925222135,0.0021303552462269876,0.002100458299931762,0.001235856380871119,0.00035122154246410687,0.0,0.0,0.0,0.0,0.0,0.0,0.0,0.0,0.0,0.0,0.0,0.0,0.0,0.0,0.0,0.0,0.0,0.0,0.0,0.0,0.0,0.0,0.0,0.0,0.0,0.0,0.0,0.0,0.0,0.0,0.0,0.0,0.0,0.0,0.0,0.0,0.0,0.0,0.0,0.0,0.0
4-short,con,True,18.306000768207014,0.014488589849630303,-7.2011296175012,0.39908269176399075,0.39908269176399075,0.35924927185289945,0.3066855837227995,0.2610518245365467,0.23383187654394438,0.20661192855134206,0.16850782421996893,0.12749409393664718,0.09114368443338045,0.06543521209485469,0.03972673975632893,0.031776255682383646,0.027715616656870293,0.024873457497402333,0.024439921328954325,0.024006385160506318,0.021609932833762578,0.018871320809701234,0.016970312668721056,0.0165128346241148,0.016055356579508538,0.01385341780672987,0.011419913450565483,0.010035721474988862,0.01023578544657417,0.010435849418159476,0.008742698280421372,0.0068715525597554325,0.005129366048421299,0.003558343578563925,0.001987321108706551,0.0021847508013972143,0.002484487643987347,0.0020527423187978793,0.0007655347973915969,0.0,0.0,0.0,0.0,0.0,0.0,0.0,0.0,0.0,0.0,0.0,0.0,0.0,0.0,0.0,0.0,0.0,0.0,0.0,0.0,0.0,0.0,0.0,0.0,0.0,0.0,0.0,0.0,0.0,0.0,0.0,0.0,0.0,0.0,0.0,0.0,0.0,0.0,0.0,0.0,0.0,0.0,0.0,0.0
4-short,con,True,18.71400077175349,0.14381809519006758,-3.232093822429649,0.3363600506990823,0.3363600506990823,0.3043570171283659,0.2621262099422658,0.22508730031828555,0.20184400421650928,0.17860070811473294,0.14343958274548116,0.10509250301759729,0.0732235632586698,0.056138071121206765,0.03905257898374373,0.03324919919489943,0.02991713925384783,0.026693427465424392,0.023683892257777565,0.020674357050130737,0.017291203159706586,0.013842923076871709,0.011529736055685453,0.011172773247127675,0.010815810438569894,0.009252002262302515,0.007527993373507313,0.006303714733559291,0.005833930783047214,0.005364146832535137,0.005222245508557737,0.0051111707563058165,0.004717222920943458,0.003947825357089064,0.0031784277932346713,0.004079598626708168,0.00507741391291964,0.004988998565212895,0.0036302456964831587,0.0022714928277534218,0.0010425021713152322,0.0,0.0,0.0,0.0,0.0,0.0,0.0,0.0,0.0,0.0,0.0,0.0,0.0,0.0,0.0,0.0,0.0,0.0,0.0,0.0,0.0,0.0,0.0,0.0,0.0,0.0,0.0,0.0,0.0,0.0,0.0,0.0,0.0,0.0,0.0,0.0,0.0,0.0,0.0,0.0,0.0,0.0
4-short,con,True,19.122000775299966,0.09479761423312232,-3.884810597971485,0.399082586705799,0.399082586705799,0.3588456340870912,0.30574944918817776,0.2593933114955377,0.23094644209385232,0.2024995726921669,0.15496229882775067,0.1023216495129015,0.06239792365008399,0.05149486925472335,0.04059181485936272,0.036441181079774364,0.033769648958878996,0.0303778716875236,0.025562354002468143,0.02074683631741269,0.018212769287912194,0.016076386317636873,0.013795367125073137,0.011265081251544257,0.00873479537801538,0.007579052713521185,0.006605771536951949,0.006790634123428835,0.00872406670509299,0.010657499286757145,0.008227303492703916,0.005386852039395222,0.00437648852520119,0.0057951508211047794,0.007213813117008369,0.004545921173984903,0.0016416170022631885,0.0,0.0,0.0,0.0,0.0,0.0,0.0,0.0,0.0,0.0,0.0,0.0,0.0,0.0,0.0,0.0,0.0,0.0,0.0,0.0,0.0,0.0,0.0,0.0,0.0,0.0,0.0,0.0,0.0,0.0,0.0,0.0,0.0,0.0,0.0,0.0,0.0,0.0,0.0,0.0,0.0,0.0,0.0,0.0,0.0,0.0
4-short,con,True,19.527000778820366,0.02665053241988034,-5.692677158168348,0.4010562759340864,0.4010562759340864,0.36038448729605815,0.30671449816546426,0.2598506185934024,0.23107154441972572,0.20229247024604902,0.15191221550805947,0.09575738774792696,0.05489743280311291,0.04894116197530758,0.04298489114750225,0.03801931809568569,0.033270755032895255,0.030022252276002855,0.02973898500751354,0.029455717739024227,0.0270102868455516,0.024187965044971796,0.02156996669057668,0.019304100232797734,0.017038233775018785,0.013887547239896887,0.01061940671220734,0.008470921342145497,0.008012895719874511,0.007554870097603527,0.005551645089577852,0.0034031449256265284,0.003322085537907253,0.0059850839077323055,0.008648082277557357,0.005905094508248346,0.0028493637391547324,0.001068998108702977,0.0007801611997137255,0.0004913242907244738,0.0,0.0,0.0,0.0,0.0,0.0,0.0,0.0,0.0,0.0,0.0,0.0,0.0,0.0,0.0,0.0,0.0,0.0,0.0,0.0,0.0,0.0,0.0,0.0,0.0,0.0,0.0,0.0,0.0,0.0,0.0,0.0,0.0,0.0,0.0,0.0,0.0,0.0,0.0,0.0,0.0,0.0,0.0
4-short,con,True,19.932000782340765,0.012727614313021858,-7.047156665260863,0.4533646186054479,0.4533646186054479,0.4111239972166182,0.35538379579630675,0.30565287708462346,0.2718894809987235,0.23812608491282347,0.17828132724702153,0.11146432440639435,0.061735012097809454,0.0510006858751672,0.040266359652524945,0.03730321688946583,0.03604233336041065,0.032782242163937304,0.025570228834195515,0.018358215504453736,0.01983374052799538,0.022823607099357067,0.023245015924871562,0.019239933741585582,0.015234851558299603,0.01151991811168306,0.007843499984093432,0.006241971873206145,0.007773120846359637,0.009304269819513128,0.006677482500815476,0.003659778094849781,0.0020308516092162098,0.0022452121814779836,0.0024595727537397574,0.0013284465544256862,0.00011948227741714774,0.0,0.0,0.0,0.0,0.0,0.0,0.0,0.0,0.0,0.0,0.0,0.0,0.0,0.0,0.0,0.0,0.0,0.0,0.0,0.0,0.0,0.0,0.0,0.0,0.0,0.0,0.0,0.0,0.0,0.0,0.0,0.0,0.0,0.0,0.0,0.0,0.0,0.0,0.0,0.0,0.0,0.0,0.0,0.0,0.0,0.0
4-short,con,True,20.34000078588724,0.09193148447867483,-4.357434757457377,0.3584080302925895,0.3584080302925895,0.31334425960530665,0.2538786652963147,0.20495879303560705,0.18406041078891147,0.1631620285422159,0.12458179310339734,0.08127472562312021,0.049323712108524,0.0432877961053534,0.037251880102182805,0.035168389640629426,0.033950668583430293,0.03227514168783306,0.029694649762844222,0.027114157837855382,0.024014939342020678,0.02082530061824037,0.018209562459147177,0.01658288697536583,0.014956211491584487,0.01412227223119224,0.013393563442931291,0.012438422451973255,0.011141413233413751,0.009844404014854246,0.00944069493782475,0.009120971344186962,0.007841425918372356,0.005287935151668535,0.0027344443849647133,0.0044579122322056415,0.006428807437278074,0.005282546060506417,0.0004907964778493196,0.0,0.0,0.0,0.0,0.0,0.0,0.0,0.0,0.0,0.0,0.0,0.0,0.0,0.0,0.0,0.0,0.0,0.0,0.0,0.0,0.0,0.0,0.0,0.0,0.0,0.0,0.0,0.0,0.0,0.0,0.0,0.0,0.0,0.0,0.0,0.0,0.0,0.0,0.0,0.0,0.0,0.0,0.0,0.0
4-short,con,True,20.748000789433718,0.03325628327067983,-5.0237052436638985,0.45646720892510756,0.45646720892510756,0.40466924959827655,0.3363173032700872,0.27838262794827,0.24812812987195568,0.21787363179564137,0.16618564322657717,0.1087679096743026,0.06615224869913883,0.05731567642558675,0.04847910415203468,0.04349596756935875,0.03935691689992236,0.03497789625917148,0.030124516372798935,0.025271136486426385,0.023005673024479766,0.021191314260368854,0.018993447467613143,0.016134641306341922,0.013275835145070703,0.011798319614266441,0.010504161246798498,0.008538518947729827,0.005559067575460086,0.0025796162031903433,0.0023914101857482745,0.0024656289452558064,0.0027010930094318614,0.0031505735688952276,0.003600054128358594,0.0017255898868723724,0.0,0.0,0.0,0.0,0.0,0.0,0.0,0.0,0.0,0.0,0.0,0.0,0.0,0.0,0.0,0.0,0.0,0.0,0.0,0.0,0.0,0.0,0.0,0.0,0.0,0.0,0.0,0.0,0.0,0.0,0.0,0.0,0.0,0.0,0.0,0.0,0.0,0.0,0.0,0.0,0.0,0.0,0.0,0.0,0.0,0.0,0.0
