band,donor,f_true,inject_psf,recover_psf,f_rec,ratio,lam_um
1-medium,star,0.01,gauss,gauss,0.010834137871926441,1.0834137871926441,6.205599833629094
1-medium,star,0.01,gauss,epsf,0.010834137871926441,1.0834137871926441,6.205599833629094
1-medium,star,0.01,epsf,gauss,-0.0014491137600595766,-0.14491137600595766,6.205599833629094
1-medium,star,0.01,epsf,epsf,-0.0014491137600595766,-0.14491137600595766,6.205599833629094
1-medium,star,0.02,gauss,gauss,0.023473551023186472,1.1736775511593236,6.205599833629094
1-medium,star,0.02,gauss,epsf,0.023473551023186472,1.1736775511593236,6.205599833629094
1-medium,star,0.02,epsf,gauss,0.02631182760502265,1.3155913802511325,6.205599833629094
1-medium,star,0.02,epsf,epsf,0.02631182760502265,1.3155913802511325,6.205599833629094
1-medium,star,0.05,gauss,gauss,0.04179492383488745,0.835898476697749,6.205599833629094
1-medium,star,0.05,gauss,epsf,0.04179492383488745,0.835898476697749,6.205599833629094
1-medium,star,0.05,epsf,gauss,0.05968244548945245,1.193648909789049,6.205599833629094
1-medium,star,0.05,epsf,epsf,0.05968244548945245,1.193648909789049,6.205599833629094
1-medium,star,0.1,gauss,gauss,0.10659944610967922,1.0659944610967922,6.205599833629094
1-medium,star,0.1,gauss,epsf,0.10659944610967922,1.0659944610967922,6.205599833629094
1-medium,star,0.1,epsf,gauss,0.10192998268920019,1.0192998268920017,6.205599833629094
1-medium,star,0.1,epsf,epsf,0.10192998268920019,1.0192998268920017,6.205599833629094
1-medium,star,0.3,gauss,gauss,0.3054992054423839,1.0183306848079463,6.205599833629094
1-medium,star,0.3,gauss,epsf,0.3054992054423839,1.0183306848079463,6.205599833629094
1-medium,star,0.3,epsf,gauss,0.2935974850755192,0.978658283585064,6.205599833629094
1-medium,star,0.3,epsf,epsf,0.2935974850755192,0.978658283585064,6.205599833629094
1-short,star,0.01,gauss,gauss,0.004622572734645554,0.46225727346455536,5.372400083433604
1-short,star,0.01,gauss,epsf,0.007163144730329634,0.7163144730329634,5.372400083433604
1-short,star,0.01,epsf,gauss,0.012068197356027403,1.2068197356027404,5.372400083433604
1-short,star,0.01,epsf,epsf,0.013685957449043275,1.3685957449043276,5.372400083433604
1-short,star,0.02,gauss,gauss,0.029530865529035957,1.4765432764517978,5.372400083433604
1-short,star,0.02,gauss,epsf,0.03076805597999198,1.538402798999599,5.372400083433604
1-short,star,0.02,epsf,gauss,0.017911108762813974,0.8955554381406987,5.372400083433604
1-short,star,0.02,epsf,epsf,0.02055993158881903,1.0279965794409514,5.372400083433604
1-short,star,0.05,gauss,gauss,0.04567394588276882,0.9134789176553763,5.372400083433604
1-short,star,0.05,gauss,epsf,0.04885732728195599,0.9771465456391198,5.372400083433604
1-short,star,0.05,epsf,gauss,0.040100648190382795,0.8020129638076559,5.372400083433604
1-short,star,0.05,epsf,epsf,0.04352442262480701,0.8704884524961402,5.372400083433604
1-short,star,0.1,gauss,gauss,0.09350163822596487,0.9350163822596487,5.372400083433604
1-short,star,0.1,gauss,epsf,0.09808487285428187,0.9808487285428187,5.372400083433604
1-short,star,0.1,epsf,gauss,0.09187145156080972,0.9187145156080972,5.372400083433604
1-short,star,0.1,epsf,epsf,0.09560733024492783,0.9560733024492782,5.372400083433604
1-short,star,0.3,gauss,gauss,0.30112516901044256,1.0037505633681418,5.372400083433604
1-short,star,0.3,gauss,epsf,0.3068303831808676,1.0227679439362254,5.372400083433604
1-short,star,0.3,epsf,gauss,0.2990874566773727,0.9969581889245757,5.372400083433604
1-short,star,0.3,epsf,epsf,0.30717809878061825,1.0239269959353943,5.372400083433604
2-long,con,0.01,gauss,gauss,0.009364261627490931,0.9364261627490931,10.960300231468864
2-long,con,0.01,gauss,epsf,0.01522537683012823,1.522537683012823,10.960300231468864
2-long,con,0.01,epsf,gauss,0.005379952546101739,0.5379952546101738,10.960300231468864
2-long,con,0.01,epsf,epsf,0.01066565756666921,1.0665657566669209,10.960300231468864
2-long,con,0.02,gauss,gauss,0.01802071405192881,0.9010357025964404,10.960300231468864
2-long,con,0.02,gauss,epsf,0.02395222470252578,1.197611235126289,10.960300231468864
2-long,con,0.02,epsf,gauss,0.013608618047863374,0.6804309023931687,10.960300231468864
2-long,con,0.02,epsf,epsf,0.018816959372672644,0.9408479686336322,10.960300231468864
2-long,con,0.05,gauss,gauss,0.047375248903447346,0.9475049780689468,10.960300231468864
2-long,con,0.05,gauss,epsf,0.053109744768193023,1.0621948953638605,10.960300231468864
2-long,con,0.05,epsf,gauss,0.0453723624878744,0.9074472497574879,10.960300231468864
2-long,con,0.05,epsf,epsf,0.050778044724294875,1.0155608944858974,10.960300231468864
2-long,con,0.1,gauss,gauss,0.10109782100752779,1.0109782100752778,10.960300231468864
2-long,con,0.1,gauss,epsf,0.10682781540634165,1.0682781540634163,10.960300231468864
2-long,con,0.1,epsf,gauss,0.09380945652541801,0.9380945652541801,10.960300231468864
2-long,con,0.1,epsf,epsf,0.09931246235243905,0.9931246235243905,10.960300231468864
2-long,con,0.3,gauss,gauss,0.2990803620643953,0.9969345402146511,10.960300231468864
2-long,con,0.3,gauss,epsf,0.3040335417288425,1.0134451390961416,10.960300231468864
2-long,con,0.3,epsf,gauss,0.2947280373771641,0.9824267912572137,10.960300231468864
2-long,con,0.3,epsf,epsf,0.2998035377632626,0.999345125877542,10.960300231468864
2-medium,con,0.01,gauss,gauss,0.009361530833578206,0.9361530833578207,9.49160007853061
2-medium,con,0.01,gauss,epsf,0.014611522440799399,1.4611522440799398,9.49160007853061
2-medium,con,0.01,epsf,gauss,0.004108152838027051,0.4108152838027051,9.49160007853061
2-medium,con,0.01,epsf,epsf,0.008476204869736865,0.8476204869736865,9.49160007853061
2-medium,con,0.02,gauss,gauss,0.02174625385511289,1.0873126927556445,9.49160007853061
2-medium,con,0.02,gauss,epsf,0.026655843250292764,1.3327921625146382,9.49160007853061
2-medium,con,0.02,epsf,gauss,0.016138640046150107,0.8069320023075054,9.49160007853061
2-medium,con,0.02,epsf,epsf,0.02069122941334755,1.0345614706673774,9.49160007853061
2-medium,con,0.05,gauss,gauss,0.048883284038036316,0.9776656807607262,9.49160007853061
2-medium,con,0.05,gauss,epsf,0.05400924448268016,1.080184889653603,9.49160007853061
2-medium,con,0.05,epsf,gauss,0.04710553473650222,0.9421106947300443,9.49160007853061
2-medium,con,0.05,epsf,epsf,0.05173855140202098,1.0347710280404194,9.49160007853061
2-medium,con,0.1,gauss,gauss,0.10196097481977853,1.0196097481977853,9.49160007853061
2-medium,con,0.1,gauss,epsf,0.10702693687278755,1.0702693687278755,9.49160007853061
2-medium,con,0.1,epsf,gauss,0.09168600889704201,0.91686008897042,9.49160007853061
2-medium,con,0.1,epsf,epsf,0.09622444428867893,0.9622444428867893,9.49160007853061
2-medium,con,0.3,gauss,gauss,0.29778869531426433,0.9926289843808811,9.49160007853061
2-medium,con,0.3,gauss,epsf,0.3024485860451746,1.0081619534839155,9.49160007853061
2-medium,con,0.3,epsf,gauss,0.29671818379928966,0.9890606126642989,9.49160007853061
2-medium,con,0.3,epsf,epsf,0.301331425822319,1.0044380860743967,9.49160007853061
3-long,con,0.01,gauss,gauss,0.009745617178285898,0.9745617178285898,16.854999815113842
3-long,con,0.01,gauss,epsf,0.013279516113605176,1.3279516113605174,16.854999815113842
3-long,con,0.01,epsf,gauss,0.0061459358986371325,0.6145935898637133,16.854999815113842
3-long,con,0.01,epsf,epsf,0.010411198568168313,1.0411198568168312,16.854999815113842
3-long,con,0.02,gauss,gauss,0.020334738601378174,1.0167369300689086,16.854999815113842
3-long,con,0.02,gauss,epsf,0.02380695427100836,1.190347713550418,16.854999815113842
3-long,con,0.02,epsf,gauss,0.015393035434197094,0.7696517717098547,16.854999815113842
3-long,con,0.02,epsf,epsf,0.019631535096849215,0.9815767548424608,16.854999815113842
3-long,con,0.05,gauss,gauss,0.049714258404531454,0.9942851680906291,16.854999815113842
3-long,con,0.05,gauss,epsf,0.053173124819013824,1.0634624963802763,16.854999815113842
3-long,con,0.05,epsf,gauss,0.04592563223250445,0.9185126446500889,16.854999815113842
3-long,con,0.05,epsf,epsf,0.05010650649271392,1.0021301298542784,16.854999815113842
3-long,con,0.1,gauss,gauss,0.09989319254766316,0.9989319254766316,16.854999815113842
3-long,con,0.1,gauss,epsf,0.10333389554982268,1.0333389554982269,16.854999815113842
3-long,con,0.1,epsf,gauss,0.0955840626066653,0.955840626066653,16.854999815113842
3-long,con,0.1,epsf,epsf,0.09969921140750075,0.9969921140750074,16.854999815113842
3-long,con,0.3,gauss,gauss,0.30017846218374383,1.0005948739458128,16.854999815113842
3-long,con,0.3,gauss,epsf,0.30316428537220724,1.0105476179073576,16.854999815113842
3-long,con,0.3,epsf,gauss,0.2953763958358493,0.9845879861194977,16.854999815113842
3-long,con,0.3,epsf,epsf,0.29897341797096755,0.9965780599032252,16.854999815113842
3-medium,con,0.01,gauss,gauss,0.009872843230059849,0.9872843230059849,14.593750124564394
3-medium,con,0.01,gauss,epsf,0.01966287013943274,1.9662870139432738,14.593750124564394
3-medium,con,0.01,epsf,gauss,0.00016688120705529407,0.016688120705529406,14.593750124564394
3-medium,con,0.01,epsf,epsf,0.010314122147801644,1.0314122147801643,14.593750124564394
3-medium,con,0.02,gauss,gauss,0.01939404955707588,0.9697024778537939,14.593750124564394
3-medium,con,0.02,gauss,epsf,0.029238460566419468,1.4619230283209734,14.593750124564394
3-medium,con,0.02,epsf,gauss,0.009687203174606118,0.4843601587303059,14.593750124564394
3-medium,con,0.02,epsf,epsf,0.019788833281560735,0.9894416640780368,14.593750124564394
3-medium,con,0.05,gauss,gauss,0.04932455945110808,0.9864911890221615,14.593750124564394
3-medium,con,0.05,gauss,epsf,0.059092699858161256,1.1818539971632251,14.593750124564394
3-medium,con,0.05,epsf,gauss,0.039603625630296124,0.7920725126059225,14.593750124564394
3-medium,con,0.05,epsf,epsf,0.04964549978055808,0.9929099956111616,14.593750124564394
3-medium,con,0.1,gauss,gauss,0.10109730336470432,1.010973033647043,14.593750124564394
3-medium,con,0.1,gauss,epsf,0.11077915930336985,1.1077915930336983,14.593750124564394
3-medium,con,0.1,epsf,gauss,0.09018692303078735,0.9018692303078735,14.593750124564394
3-medium,con,0.1,epsf,epsf,0.10014141596262366,1.0014141596262365,14.593750124564394
3-medium,con,0.3,gauss,gauss,0.30021435633478827,1.000714521115961,14.593750124564394
3-medium,con,0.3,gauss,epsf,0.3089640454366914,1.0298801514556382,14.593750124564394
3-medium,con,0.3,epsf,gauss,0.29090911059574465,0.9696970353191489,14.593750124564394
3-medium,con,0.3,epsf,epsf,0.3000669988111368,1.000223329370456,14.593750124564394
3-short,con,0.01,gauss,gauss,0.010161043846573393,1.0161043846573392,12.630000166594982
3-short,con,0.01,gauss,epsf,0.019700028224032645,1.9700028224032644,12.630000166594982
3-short,con,0.01,epsf,gauss,0.00048414430550681683,0.04841443055068168,12.630000166594982
3-short,con,0.01,epsf,epsf,0.0095613353361564,0.95613353361564,12.630000166594982
3-short,con,0.02,gauss,gauss,0.019970597340327533,0.9985298670163767,12.630000166594982
3-short,con,0.02,gauss,epsf,0.02944157811446395,1.4720789057231976,12.630000166594982
3-short,con,0.02,epsf,gauss,0.010820419969352752,0.5410209984676376,12.630000166594982
3-short,con,0.02,epsf,epsf,0.01966185531445252,0.9830927657226259,12.630000166594982
3-short,con,0.05,gauss,gauss,0.04979221808346036,0.9958443616692072,12.630000166594982
3-short,con,0.05,gauss,epsf,0.05909787661113345,1.181957532222669,12.630000166594982
3-short,con,0.05,epsf,gauss,0.040763181732910936,0.8152636346582187,12.630000166594982
3-short,con,0.05,epsf,epsf,0.0496347473704094,0.9926949474081879,12.630000166594982
3-short,con,0.1,gauss,gauss,0.10017192493319031,1.0017192493319031,12.630000166594982
3-short,con,0.1,gauss,epsf,0.10909912308869857,1.0909912308869856,12.630000166594982
3-short,con,0.1,epsf,gauss,0.09207202853156782,0.9207202853156782,12.630000166594982
3-short,con,0.1,epsf,epsf,0.10049421759839437,1.0049421759839436,12.630000166594982
3-short,con,0.3,gauss,gauss,0.30008590742355823,1.0002863580785275,12.630000166594982
3-short,con,0.3,gauss,epsf,0.30722736914383686,1.0240912304794563,12.630000166594982
3-short,con,0.3,epsf,gauss,0.29313754710379647,0.9771251570126549,12.630000166594982
3-short,con,0.3,epsf,epsf,0.3000700544788579,1.0002335149295263,12.630000166594982
4-long,con,0.01,gauss,gauss,0.009330377840900943,0.9330377840900943,26.81799963954836
4-long,con,0.01,gauss,epsf,-0.09248424499051583,-9.248424499051582,26.81799963954836
4-long,con,0.01,epsf,gauss,0.15313720891718186,15.313720891718186,26.81799963954836
4-long,con,0.01,epsf,epsf,0.010933087129252445,1.0933087129252446,26.81799963954836
4-long,con,0.02,gauss,gauss,0.019960911252363663,0.9980455626181831,26.81799963954836
4-long,con,0.02,gauss,epsf,-0.08141197452524969,-4.070598726262484,26.81799963954836
4-long,con,0.02,epsf,gauss,0.1643624774376247,8.218123871881234,26.81799963954836
4-long,con,0.02,epsf,epsf,0.029049746107107997,1.4524873053554,26.81799963954836
4-long,con,0.05,gauss,gauss,0.04959697220614712,0.9919394441229424,26.81799963954836
4-long,con,0.05,gauss,epsf,-0.05213770489876268,-1.0427540979752536,26.81799963954836
4-long,con,0.05,epsf,gauss,0.2056139790831788,4.112279581663576,26.81799963954836
4-long,con,0.05,epsf,epsf,0.06759640602742305,1.3519281205484608,26.81799963954836
4-long,con,0.1,gauss,gauss,0.10026250249069427,1.0026250249069426,26.81799963954836
4-long,con,0.1,gauss,epsf,-0.002447187618444423,-0.024471876184444227,26.81799963954836
4-long,con,0.1,epsf,gauss,0.23741690690657635,2.3741690690657635,26.81799963954836
4-long,con,0.1,epsf,epsf,0.11051239693082796,1.1051239693082795,26.81799963954836
4-long,con,0.3,gauss,gauss,0.30084607860005613,1.0028202620001871,26.81799963954836
4-long,con,0.3,gauss,epsf,0.20250505942177222,0.6750168647392407,26.81799963954836
4-long,con,0.3,epsf,gauss,0.39193019952087016,1.3064339984029005,26.81799963954836
4-long,con,0.3,epsf,epsf,0.2785764879777574,0.9285882932591915,26.81799963954836
4-medium,con,0.01,gauss,gauss,0.009753126892596973,0.9753126892596973,22.823000552598387
4-medium,con,0.01,gauss,epsf,-0.041880992516435435,-4.188099251643544,22.823000552598387
4-medium,con,0.01,epsf,gauss,0.05514550760597801,5.514550760597801,22.823000552598387
4-medium,con,0.01,epsf,epsf,0.008142143636118072,0.8142143636118072,22.823000552598387
4-medium,con,0.02,gauss,gauss,0.02053152952497315,1.0265764762486576,22.823000552598387
4-medium,con,0.02,gauss,epsf,-0.031031579993739043,-1.551578999686952,22.823000552598387
4-medium,con,0.02,epsf,gauss,0.06619415346344044,3.309707673172022,22.823000552598387
4-medium,con,0.02,epsf,epsf,0.018887619237570052,0.9443809618785026,22.823000552598387
4-medium,con,0.05,gauss,gauss,0.049860088867147746,0.9972017773429549,22.823000552598387
4-medium,con,0.05,gauss,epsf,-0.0014067659777321521,-0.028135319554643042,22.823000552598387
4-medium,con,0.05,epsf,gauss,0.09741858091393596,1.9483716182787192,22.823000552598387
4-medium,con,0.05,epsf,epsf,0.05007082487122531,1.0014164974245061,22.823000552598387
4-medium,con,0.1,gauss,gauss,0.10042698524131506,1.0042698524131506,22.823000552598387
4-medium,con,0.1,gauss,epsf,0.049051648386485146,0.4905164838648514,22.823000552598387
4-medium,con,0.1,epsf,gauss,0.14737295525140998,1.4737295525140996,22.823000552598387
4-medium,con,0.1,epsf,epsf,0.1007998959192748,1.0079989591927478,22.823000552598387
4-medium,con,0.3,gauss,gauss,0.29946529361921337,0.9982176453973779,22.823000552598387
4-medium,con,0.3,gauss,epsf,0.2511024030578486,0.8370080101928287,22.823000552598387
4-medium,con,0.3,epsf,gauss,0.3415545401297239,1.1385151337657464,22.823000552598387
4-medium,con,0.3,epsf,epsf,0.29875973295079916,0.995865776502664,22.823000552598387
4-short,con,0.01,gauss,gauss,0.009703036591992276,0.9703036591992276,19.527000778820366
4-short,con,0.01,gauss,epsf,-0.005981077235122356,-0.5981077235122356,19.527000778820366
4-short,con,0.01,epsf,gauss,0.022669140027628074,2.266914002762807,19.527000778820366
4-short,con,0.01,epsf,epsf,0.010525063545591407,1.0525063545591407,19.527000778820366
4-short,con,0.02,gauss,gauss,0.019398498930252504,0.9699249465126252,19.527000778820366
4-short,con,0.02,gauss,epsf,0.00402870638192991,0.2014353190964955,19.527000778820366
4-short,con,0.02,epsf,gauss,0.03101140177467717,1.5505700887338585,19.527000778820366
4-short,con,0.02,epsf,epsf,0.01931455895495819,0.9657279477479096,19.527000778820366
4-short,con,0.05,gauss,gauss,0.04988694434630026,0.9977388869260052,19.527000778820366
4-short,con,0.05,gauss,epsf,0.034524128288513964,0.6904825657702792,19.527000778820366
4-short,con,0.05,epsf,gauss,0.061697732568301,1.23395465136602,19.527000778820366
4-short,con,0.05,epsf,epsf,0.04978734077169514,0.9957468154339028,19.527000778820366
4-short,con,0.1,gauss,gauss,0.10002095076628939,1.0002095076628938,19.527000778820366
4-short,con,0.1,gauss,epsf,0.08464403201222209,0.8464403201222209,19.527000778820366
4-short,con,0.1,epsf,gauss,0.11337707224861947,1.1337707224861946,19.527000778820366
4-short,con,0.1,epsf,epsf,0.10145950112472675,1.0145950112472675,19.527000778820366
4-short,con,0.3,gauss,gauss,0.29950433748950267,0.9983477916316756,19.527000778820366
4-short,con,0.3,gauss,epsf,0.284955435390583,0.9498514513019434,19.527000778820366
4-short,con,0.3,epsf,gauss,0.3116026794394971,1.038675598131657,19.527000778820366
4-short,con,0.3,epsf,epsf,0.3004028607907824,1.001342869302608,19.527000778820366
