lam_um,bw_um,flux_jy,err_jy,npix,center_flag,band,mjd,uri
4.417836849405227,0.0349375817311016,0.0009112102524764349,0.00017438823276578658,13,2097152,SPHEREx-D6,61205.54296,ibe/data/spherex/qr2/level2/2026W24_2B/l2b-v25-2026-166/6/level2_2026W24_2B_0550_2D6_spx_l2b-v25-2026-166.fits
1.381528872478233,0.033396195078457966,0.001730173584237269,7.96675596538485e-05,11,2097152,SPHEREx-D2,61202.213988,ibe/data/spherex/qr2/level2/2026W24_1A/l2b-v25-2026-163/2/level2_2026W24_1A_0673_1D2_spx_l2b-v25-2026-163.fits
4.148036803115644,0.03678457492529148,0.0007157185858149586,0.0001240476405033738,11,2097152,SPHEREx-D5,61202.213988,ibe/data/spherex/qr2/level2/2026W24_1A/l2b-v25-2026-163/5/level2_2026W24_1A_0673_1D5_spx_l2b-v25-2026-163.fits
1.414416904835555,0.03446829634345139,0.0017484098896606043,8.422847305342108e-05,14,2097152,SPHEREx-D2,61202.21548,ibe/data/spherex/qr2/level2/2026W24_1A/l2b-v25-2026-163/2/level2_2026W24_1A_0673_2D2_spx_l2b-v25-2026-163.fits
4.183945981154171,0.03681167701531432,0.0009689471115798099,0.00014050812895097651,14,2097152,SPHEREx-D5,61202.21548,ibe/data/spherex/qr2/level2/2026W24_1A/l2b-v25-2026-163/5/level2_2026W24_1A_0673_2D5_spx_l2b-v25-2026-163.fits
1.1908306413570715,0.028862458654596086,0.0017665868237118105,8.50070703793269e-05,14,2097152,SPHEREx-D2,61203.440142,ibe/data/spherex/qr2/level2/2026W24_2B/l2b-v25-2026-166/2/level2_2026W24_2B_0165_4D2_spx_l2b-v25-2026-166.fits
3.9610856690589573,0.036257299832800946,0.0010006497354969545,0.00012145751674667999,13,2097152,SPHEREx-D5,61204.043475,ibe/data/spherex/qr2/level2/2026W24_2B/l2b-v25-2026-166/5/level2_2026W24_2B_0277_1D5_spx_l2b-v25-2026-166.fits
3.9956658689110762,0.036433841135688205,0.0007889948366515984,0.00012116814656600971,13,2097152,SPHEREx-D5,61204.044967,ibe/data/spherex/qr2/level2/2026W24_2B/l2b-v25-2026-166/5/level2_2026W24_2B_0277_2D5_spx_l2b-v25-2026-166.fits
4.030566283800808,0.03669824910715131,0.0007997151925852316,0.00011577693611807887,11,2097152,SPHEREx-D5,61204.046459,ibe/data/spherex/qr2/level2/2026W24_2B/l2b-v25-2026-166/5/level2_2026W24_2B_0277_3D5_spx_l2b-v25-2026-166.fits
4.065718081168356,0.03673006300600028,0.0008060122334680041,0.0001225632540781961,13,2097152,SPHEREx-D5,61204.047952,ibe/data/spherex/qr2/level2/2026W24_2B/l2b-v25-2026-166/5/level2_2026W24_2B_0277_4D5_spx_l2b-v25-2026-166.fits
1.3085176121912259,0.03143186730214919,0.001861619940591873,7.932873163452148e-05,11,2097152,SPHEREx-D2,61204.047952,ibe/data/spherex/qr2/level2/2026W24_2B/l2b-v25-2026-166/2/level2_2026W24_2B_0277_4D2_spx_l2b-v25-2026-166.fits
2.072770658071614,0.05162913677752096,0.0015939555949849808,6.884876498047476e-05,12,2097152,SPHEREx-D3,61204.790651,ibe/data/spherex/qr2/level2/2026W24_2B/l2b-v25-2026-166/3/level2_2026W24_2B_0417_1D3_spx_l2b-v25-2026-166.fits
2.1216267303754344,0.05282657625915492,0.0015980821268487635,6.66974304621152e-05,12,2097152,SPHEREx-D3,61204.792143,ibe/data/spherex/qr2/level2/2026W24_2B/l2b-v25-2026-166/3/level2_2026W24_2B_0417_2D3_spx_l2b-v25-2026-166.fits
2.1705185283694957,0.054022960734819415,0.0015547513849331418,6.576805962591115e-05,12,2097152,SPHEREx-D3,61205.133514,ibe/data/spherex/qr2/level2/2026W24_2B/l2b-v25-2026-166/3/level2_2026W24_2B_0478_1D3_spx_l2b-v25-2026-166.fits
4.862336778396969,0.036351600971183874,0.0007542852760527416,0.0002419226389404593,13,2097152,SPHEREx-D6,61205.135006,ibe/data/spherex/qr2/level2/2026W24_2B/l2b-v25-2026-166/6/level2_2026W24_2B_0478_2D6_spx_l2b-v25-2026-166.fits
2.2211864317927823,0.055132704800164405,0.0015423075748153003,6.433707580728145e-05,11,2097152,SPHEREx-D3,61205.135006,ibe/data/spherex/qr2/level2/2026W24_2B/l2b-v25-2026-166/3/level2_2026W24_2B_0478_2D3_spx_l2b-v25-2026-166.fits
4.970494559116907,0.03713233623479778,0.0011568076067959472,0.00028035405985855964,14,2097152,SPHEREx-D6,61205.812437,ibe/data/spherex/qr2/level2/2026W24_2B/l2b-v25-2026-166/6/level2_2026W24_2B_0596_1D6_spx_l2b-v25-2026-166.fits
2.3765102249837193,0.05855673454313113,0.0014409243876880927,6.82094471897507e-05,13,2097152,SPHEREx-D3,61205.812437,ibe/data/spherex/qr2/level2/2026W24_2B/l2b-v25-2026-166/3/level2_2026W24_2B_0596_1D3_spx_l2b-v25-2026-166.fits
5.007016224321776,0.03808787037623477,0.0004989176915478926,0.0002857531840869248,13,2097152,SPHEREx-D6,61205.813947,ibe/data/spherex/qr2/level2/2026W24_2B/l2b-v25-2026-166/6/level2_2026W24_2B_0596_2D6_spx_l2b-v25-2026-166.fits
3.826590941377127,0.035729262104861555,0.0008498321863997698,0.0001144278064588568,13,2097152,SPHEREx-D5,61203.435665,ibe/data/spherex/qr2/level2/2026W24_2B/l2b-v25-2026-166/5/level2_2026W24_2B_0165_1D5_spx_l2b-v25-2026-166.fits
1.1099058805885533,0.025635513795879576,0.0013680913669669725,8.083025456576423e-05,13,2097152,SPHEREx-D2,61203.435665,ibe/data/spherex/qr2/level2/2026W24_2B/l2b-v25-2026-166/2/level2_2026W24_2B_0165_1D2_spx_l2b-v25-2026-166.fits
1.1357778902345275,0.026958417077842394,0.0015096807129312984,8.430139203055668e-05,13,2097152,SPHEREx-D2,61203.437157,ibe/data/spherex/qr2/level2/2026W24_2B/l2b-v25-2026-166/2/level2_2026W24_2B_0165_2D2_spx_l2b-v25-2026-166.fits
3.8595011724918296,0.03556564450155848,0.0010132674642931922,0.00023746447596526032,11,270532608,SPHEREx-D5,61203.437157,ibe/data/spherex/qr2/level2/2026W24_2B/l2b-v25-2026-166/5/level2_2026W24_2B_0165_2D5_spx_l2b-v25-2026-166.fits
1.1631568640198888,0.027940117979512763,0.0016997407125103313,8.398349547538487e-05,13,2097152,SPHEREx-D2,61203.43865,ibe/data/spherex/qr2/level2/2026W24_2B/l2b-v25-2026-166/2/level2_2026W24_2B_0165_3D2_spx_l2b-v25-2026-166.fits
1.638066165617006,0.03844410476899475,0.0019294300055793059,8.057729575958617e-05,12,2097152,SPHEREx-D3,61205.54296,ibe/data/spherex/qr2/level2/2026W24_2B/l2b-v25-2026-166/3/level2_2026W24_2B_0550_2D3_spx_l2b-v25-2026-166.fits
4.449108633460696,0.03517373586254723,0.0010821771690549234,0.0002028340960708582,14,2097152,SPHEREx-D6,61205.544453,ibe/data/spherex/qr2/level2/2026W24_2B/l2b-v25-2026-166/6/level2_2026W24_2B_0550_3D6_spx_l2b-v25-2026-166.fits
1.675963239716444,0.03966423543715435,0.0019394713495023551,7.62254034179609e-05,11,2097152,SPHEREx-D3,61205.544453,ibe/data/spherex/qr2/level2/2026W24_2B/l2b-v25-2026-166/3/level2_2026W24_2B_0550_3D3_spx_l2b-v25-2026-166.fits
4.220035099905021,0.03672671640414449,0.0009259293706639118,0.00013496389293003326,12,2097152,SPHEREx-D5,61202.216973,ibe/data/spherex/qr2/level2/2026W24_1A/l2b-v25-2026-163/5/level2_2026W24_1A_0673_3D5_spx_l2b-v25-2026-163.fits
1.4483811304659082,0.03547492643231414,0.0016733199458974812,7.551144655086518e-05,11,2097152,SPHEREx-D2,61202.216973,ibe/data/spherex/qr2/level2/2026W24_1A/l2b-v25-2026-163/2/level2_2026W24_1A_0673_3D2_spx_l2b-v25-2026-163.fits
1.4834836281830408,0.036439511734722596,0.001832431977095214,8.17568572594475e-05,13,2097152,SPHEREx-D2,61202.756334,ibe/data/spherex/qr2/level2/2026W24_2B/l2b-v25-2026-166/2/level2_2026W24_2B_0045_1D2_spx_l2b-v25-2026-166.fits
4.2562125243133995,0.03705938822606686,0.0008249919161290379,0.000144313886676126,13,2097152,SPHEREx-D5,61202.756334,ibe/data/spherex/qr2/level2/2026W24_2B/l2b-v25-2026-166/5/level2_2026W24_2B_0045_1D5_spx_l2b-v25-2026-166.fits
4.292504793178251,0.03758723598381933,0.001160738802915808,0.00014138870944824898,10,2097152,SPHEREx-D5,61202.757826,ibe/data/spherex/qr2/level2/2026W24_2B/l2b-v25-2026-166/5/level2_2026W24_2B_0045_2D5_spx_l2b-v25-2026-166.fits
1.519379686270874,0.03737471800353753,0.0016967668013995053,8.301841462351289e-05,13,2097152,SPHEREx-D2,61202.757826,ibe/data/spherex/qr2/level2/2026W24_2B/l2b-v25-2026-166/2/level2_2026W24_2B_0045_2D2_spx_l2b-v25-2026-166.fits
4.329395912596562,0.03773883411757918,0.000620058567712315,0.00014956085115247744,13,2097152,SPHEREx-D5,61202.759318,ibe/data/spherex/qr2/level2/2026W24_2B/l2b-v25-2026-166/5/level2_2026W24_2B_0045_3D5_spx_l2b-v25-2026-166.fits
1.5565006531325853,0.03803223368885368,0.001956696203686915,8.289891749089518e-05,13,2097152,SPHEREx-D2,61202.759318,ibe/data/spherex/qr2/level2/2026W24_2B/l2b-v25-2026-166/2/level2_2026W24_2B_0045_3D2_spx_l2b-v25-2026-166.fits
1.5939238784935101,0.03864986534687379,0.0017683258151528984,0.00012018758294318337,14,2097152,SPHEREx-D2,61202.760828,ibe/data/spherex/qr2/level2/2026W24_2B/l2b-v25-2026-166/2/level2_2026W24_2B_0045_4D2_spx_l2b-v25-2026-166.fits
4.366401767226136,0.037839229498561555,0.0009611954173052822,0.00014911062643199104,13,2097152,SPHEREx-D5,61202.760828,ibe/data/spherex/qr2/level2/2026W24_2B/l2b-v25-2026-166/5/level2_2026W24_2B_0045_4D5_spx_l2b-v25-2026-166.fits
3.116415956367384,0.09122067075419678,0.0009540521016242168,5.0574977127217254e-05,13,2097152,SPHEREx-D4,61202.825351,ibe/data/spherex/qr2/level2/2026W24_2B/l2b-v25-2026-166/4/level2_2026W24_2B_0058_1D4_spx_l2b-v25-2026-166.fits
0.9300854272825952,0.023746238835313675,0.0011087533558616133,8.094164121447283e-05,13,2097152,SPHEREx-D1,61202.825351,ibe/data/spherex/qr2/level2/2026W24_2B/l2b-v25-2026-166/1/level2_2026W24_2B_0058_1D1_spx_l2b-v25-2026-166.fits
3.2016740496450335,0.09279608590437441,-0.0016810764538424334,0.00018315331267590803,12,2097152,SPHEREx-D4,61202.826843,ibe/data/spherex/qr2/level2/2026W24_2B/l2b-v25-2026-166/4/level2_2026W24_2B_0058_2D4_spx_l2b-v25-2026-166.fits
0.9519933540906803,0.024383180606679728,0.0011828293274323972,8.063698319598207e-05,13,2097152,SPHEREx-D1,61202.826843,ibe/data/spherex/qr2/level2/2026W24_2B/l2b-v25-2026-166/1/level2_2026W24_2B_0058_2D1_spx_l2b-v25-2026-166.fits
0.9749382051638914,0.025300872090206074,0.0013714686756663857,7.966808446151148e-05,12,2097152,SPHEREx-D1,61202.828335,ibe/data/spherex/qr2/level2/2026W24_2B/l2b-v25-2026-166/1/level2_2026W24_2B_0058_3D1_spx_l2b-v25-2026-166.fits
3.2894583228916847,0.09522874407058939,0.0009578217389159199,5.170105990613509e-05,13,2097152,SPHEREx-D4,61202.828335,ibe/data/spherex/qr2/level2/2026W24_2B/l2b-v25-2026-166/4/level2_2026W24_2B_0058_3D4_spx_l2b-v25-2026-166.fits
0.9980212073825393,0.026238306490516394,0.0015854040555573433,0.00013606297852469297,11,2097152,SPHEREx-D1,61202.829827,ibe/data/spherex/qr2/level2/2026W24_2B/l2b-v25-2026-166/1/level2_2026W24_2B_0058_4D1_spx_l2b-v25-2026-166.fits
3.3786097913412663,0.09655586696222462,0.0017494662648958905,0.00015769335044296304,13,2097152,SPHEREx-D4,61202.829827,ibe/data/spherex/qr2/level2/2026W24_2B/l2b-v25-2026-166/4/level2_2026W24_2B_0058_4D4_spx_l2b-v25-2026-166.fits
1.6320735691518542,0.039298804976722494,0.0019010337595462279,7.368642636409056e-05,11,2097152,SPHEREx-D2,61203.096248,ibe/data/spherex/qr2/level2/2026W24_2B/l2b-v25-2026-166/2/level2_2026W24_2B_0106_1D2_spx_l2b-v25-2026-166.fits
4.403623825197796,0.03785014304291187,0.0005585231391963826,0.00013516830472739598,10,2097152,SPHEREx-D5,61203.096248,ibe/data/spherex/qr2/level2/2026W24_2B/l2b-v25-2026-166/5/level2_2026W24_2B_0106_1D5_spx_l2b-v25-2026-166.fits
3.46940115801736,0.09721818055292211,0.0009834411641754352,4.955890776609646e-05,12,2097152,SPHEREx-D4,61203.232399,ibe/data/spherex/qr2/level2/2026W24_2B/l2b-v25-2026-166/4/level2_2026W24_2B_0130_1D4_spx_l2b-v25-2026-166.fits
1.0218803392238465,0.027137807800805804,0.0014033037276078328,8.236025538445836e-05,13,2097152,SPHEREx-D1,61203.232399,ibe/data/spherex/qr2/level2/2026W24_2B/l2b-v25-2026-166/1/level2_2026W24_2B_0130_1D1_spx_l2b-v25-2026-166.fits
1.0461931856487465,0.028026055893620387,0.0014326920869607769,7.806311962697746e-05,11,2097152,SPHEREx-D1,61203.233891,ibe/data/spherex/qr2/level2/2026W24_2B/l2b-v25-2026-166/1/level2_2026W24_2B_0130_2D1_spx_l2b-v25-2026-166.fits
3.5635654977092504,0.0988483904639615,0.0009437430021034214,4.8909548964032397e-05,11,2097152,SPHEREx-D4,61203.233891,ibe/data/spherex/qr2/level2/2026W24_2B/l2b-v25-2026-166/4/level2_2026W24_2B_0130_2D4_spx_l2b-v25-2026-166.fits
3.6600046141489884,0.10037965886412281,0.0008387405795880928,4.993340291864595e-05,12,2097152,SPHEREx-D4,61203.235383,ibe/data/spherex/qr2/level2/2026W24_2B/l2b-v25-2026-166/4/level2_2026W24_2B_0130_3D4_spx_l2b-v25-2026-166.fits
1.0711287242265288,0.028826838417656542,0.0017973686796733414,0.00010154130835008823,11,2097152,SPHEREx-D1,61203.235383,ibe/data/spherex/qr2/level2/2026W24_2B/l2b-v25-2026-166/1/level2_2026W24_2B_0130_3D1_spx_l2b-v25-2026-166.fits
3.759164010418356,0.10179951278821361,0.0007665027679442292,5.299446416519686e-05,13,2097152,SPHEREx-D4,61203.236876,ibe/data/spherex/qr2/level2/2026W24_2B/l2b-v25-2026-166/4/level2_2026W24_2B_0130_4D4_spx_l2b-v25-2026-166.fits
1.0968144491323109,0.02952385450918153,0.0017379884753358594,8.821038579135341e-05,12,2097152,SPHEREx-D1,61203.236876,ibe/data/spherex/qr2/level2/2026W24_2B/l2b-v25-2026-166/1/level2_2026W24_2B_0130_4D1_spx_l2b-v25-2026-166.fits
3.893095510586286,0.03587942374904841,0.0007753263527912058,0.00012152160299283321,14,2097152,SPHEREx-D5,61203.43865,ibe/data/spherex/qr2/level2/2026W24_2B/l2b-v25-2026-166/5/level2_2026W24_2B_0165_3D5_spx_l2b-v25-2026-166.fits
3.9268566455040337,0.03615121560492962,0.0006818027853861087,0.00012067156258065961,13,2097152,SPHEREx-D5,61203.440142,ibe/data/spherex/qr2/level2/2026W24_2B/l2b-v25-2026-166/5/level2_2026W24_2B_0165_4D5_spx_l2b-v25-2026-166.fits
1.2193705687319707,0.029622509353387762,0.0017037620961944178,7.87649221312041e-05,11,2097152,SPHEREx-D2,61204.043475,ibe/data/spherex/qr2/level2/2026W24_2B/l2b-v25-2026-166/2/level2_2026W24_2B_0277_1D2_spx_l2b-v25-2026-166.fits
1.2484010574655504,0.03030422406340285,0.001794205011063093,7.941930026313233e-05,11,2097152,SPHEREx-D2,61204.044967,ibe/data/spherex/qr2/level2/2026W24_2B/l2b-v25-2026-166/2/level2_2026W24_2B_0277_2D2_spx_l2b-v25-2026-166.fits
1.278125536267181,0.030859285787027207,0.001635158258584457,7.710400088205704e-05,11,2097152,SPHEREx-D2,61204.046459,ibe/data/spherex/qr2/level2/2026W24_2B/l2b-v25-2026-166/2/level2_2026W24_2B_0277_3D2_spx_l2b-v25-2026-166.fits
4.758464423303304,0.037324800586373906,0.0003549244555053316,0.00020529080728458367,11,2097152,SPHEREx-D6,61204.790651,ibe/data/spherex/qr2/level2/2026W24_2B/l2b-v25-2026-166/6/level2_2026W24_2B_0417_1D6_spx_l2b-v25-2026-166.fits
4.792712598878508,0.03724645361140984,0.00029438824975621075,0.00020371580481781242,11,2097152,SPHEREx-D6,61204.792143,ibe/data/spherex/qr2/level2/2026W24_2B/l2b-v25-2026-166/6/level2_2026W24_2B_0417_2D6_spx_l2b-v25-2026-166.fits
4.827444838457616,0.03677679144403851,0.0014936149062081175,0.0005230703501024916,13,270532608,SPHEREx-D6,61205.133514,ibe/data/spherex/qr2/level2/2026W24_2B/l2b-v25-2026-166/6/level2_2026W24_2B_0478_1D6_spx_l2b-v25-2026-166.fits
4.89820534448987,0.036311121594966037,0.00027776677581637104,0.00025727334233978345,14,2097152,SPHEREx-D6,61205.136498,ibe/data/spherex/qr2/level2/2026W24_2B/l2b-v25-2026-166/6/level2_2026W24_2B_0478_3D6_spx_l2b-v25-2026-166.fits
2.2719853177335616,0.056243300252311,0.0016569777989733103,6.983574559360317e-05,14,2097152,SPHEREx-D3,61205.136498,ibe/data/spherex/qr2/level2/2026W24_2B/l2b-v25-2026-166/3/level2_2026W24_2B_0478_3D3_spx_l2b-v25-2026-166.fits
2.324224978904204,0.05739844870210268,0.0014703218206444588,6.547238270630984e-05,13,2097152,SPHEREx-D3,61205.137991,ibe/data/spherex/qr2/level2/2026W24_2B/l2b-v25-2026-166/3/level2_2026W24_2B_0478_4D3_spx_l2b-v25-2026-166.fits
4.9340746763174,0.036272316035566896,0.0006751788731327881,0.0002679174824138782,14,2097152,SPHEREx-D6,61205.137991,ibe/data/spherex/qr2/level2/2026W24_2B/l2b-v25-2026-166/6/level2_2026W24_2B_0478_4D6_spx_l2b-v25-2026-166.fits
2.4216259522461963,0.04138914848004171,0.001272510714690119,0.00011598952212813233,13,2097280,SPHEREx-D3,61205.813947,ibe/data/spherex/qr2/level2/2026W24_2B/l2b-v25-2026-166/3/level2_2026W24_2B_0596_2D3_spx_l2b-v25-2026-166.fits
2.098313426459337,0.05233413485335045,0.0014876880472068819,6.686648104961851e-05,14,2097152,SPHEREx-D3,61212.939908,ibe/data/spherex/qr2/level2/2026W25_2A/l2b-v25-2026-174/3/level2_2026W25_2A_0725_1D3_spx_l2b-v25-2026-174.fits
4.512648858026135,0.03560208613403343,0.0004535458375684614,0.00019923355441314804,14,2097152,SPHEREx-D6,61206.219201,ibe/data/spherex/qr2/level2/2026W25_1A/l2b-v25-2026-172/6/level2_2026W25_1A_0042_1D6_spx_l2b-v25-2026-172.fits
4.545133601528627,0.035789170992694984,0.0008949828463674464,0.00018423913448796644,14,2097152,SPHEREx-D6,61206.220693,ibe/data/spherex/qr2/level2/2026W25_1A/l2b-v25-2026-172/6/level2_2026W25_1A_0042_2D6_spx_l2b-v25-2026-172.fits
4.578334152944314,0.03647684733111955,0.0006731995234897168,0.00017804383029831395,13,2097152,SPHEREx-D6,61206.222185,ibe/data/spherex/qr2/level2/2026W25_1A/l2b-v25-2026-172/6/level2_2026W25_1A_0042_3D6_spx_l2b-v25-2026-172.fits
1.8361971651059978,0.04505874509738302,0.0015044794647183363,7.044170718575405e-05,13,2097152,SPHEREx-D3,61206.222185,ibe/data/spherex/qr2/level2/2026W25_1A/l2b-v25-2026-172/3/level2_2026W25_1A_0042_3D3_spx_l2b-v25-2026-172.fits
2.4903968067411806,0.07316776872768632,0.0011995703320809468,5.697718508308159e-05,14,2097152,SPHEREx-D4,61206.898017,ibe/data/spherex/qr2/level2/2026W25_1A/l2b-v25-2026-172/4/level2_2026W25_1A_0169_1D4_spx_l2b-v25-2026-172.fits
0.7653557335839876,0.018615817104743238,0.0007255834019940767,7.456772603013905e-05,12,2097152,SPHEREx-D1,61206.898017,ibe/data/spherex/qr2/level2/2026W25_1A/l2b-v25-2026-172/1/level2_2026W25_1A_0169_1D1_spx_l2b-v25-2026-172.fits
0.7833385614018575,0.01929279647723109,0.000627388544478085,7.75874451893114e-05,14,2097152,SPHEREx-D1,61206.899509,ibe/data/spherex/qr2/level2/2026W25_1A/l2b-v25-2026-172/1/level2_2026W25_1A_0169_2D1_spx_l2b-v25-2026-172.fits
2.558499223595276,0.07399745784944191,0.0010831052150906619,5.144214538159609e-05,11,2097152,SPHEREx-D4,61206.899509,ibe/data/spherex/qr2/level2/2026W25_1A/l2b-v25-2026-172/4/level2_2026W25_1A_0169_2D4_spx_l2b-v25-2026-172.fits
2.4364985959827394,0.048728926692188014,0.001147949584481755,6.338913356355162e-05,10,2097152,SPHEREx-D4,61210.767398,ibe/data/spherex/qr2/level2/2026W25_2A/l2b-v25-2026-174/4/level2_2026W25_2A_0273_1D4_spx_l2b-v25-2026-174.fits
1.7137745841234908,0.04088572623120723,0.0018485378330375525,7.709241824116293e-05,13,2097152,SPHEREx-D3,61206.082339,ibe/data/spherex/qr2/level2/2026W25_1A/l2b-v25-2026-172/3/level2_2026W25_1A_0016_1D3_spx_l2b-v25-2026-172.fits
4.480277941120152,0.03541191031570443,0.0009874362394189334,0.00018632512011336288,13,2097152,SPHEREx-D6,61206.082339,ibe/data/spherex/qr2/level2/2026W25_1A/l2b-v25-2026-172/6/level2_2026W25_1A_0016_1D6_spx_l2b-v25-2026-172.fits
1.7538663329052098,0.04243194419707113,0.0017595655539902203,6.814786166217691e-05,10,2097152,SPHEREx-D3,61206.219201,ibe/data/spherex/qr2/level2/2026W25_1A/l2b-v25-2026-172/3/level2_2026W25_1A_0042_1D3_spx_l2b-v25-2026-172.fits
1.7941172448584326,0.04399814653712056,0.001518460383920847,7.021311608053266e-05,11,2097152,SPHEREx-D3,61206.220693,ibe/data/spherex/qr2/level2/2026W25_1A/l2b-v25-2026-172/3/level2_2026W25_1A_0042_2D3_spx_l2b-v25-2026-172.fits
1.8784953226646917,0.04604607849632712,0.0013859992412252307,6.992210435628944e-05,12,2097152,SPHEREx-D3,61206.423089,ibe/data/spherex/qr2/level2/2026W25_1A/l2b-v25-2026-172/3/level2_2026W25_1A_0078_1D3_spx_l2b-v25-2026-172.fits
4.611806867857484,0.03741324406759815,0.0005553085869495304,0.00017638617748066927,12,2097152,SPHEREx-D6,61206.423089,ibe/data/spherex/qr2/level2/2026W25_1A/l2b-v25-2026-172/6/level2_2026W25_1A_0078_1D6_spx_l2b-v25-2026-172.fits
1.9222533882974824,0.047059826902908365,0.0015624051166068886,7.167570107291002e-05,13,2097152,SPHEREx-D3,61206.424581,ibe/data/spherex/qr2/level2/2026W25_1A/l2b-v25-2026-172/3/level2_2026W25_1A_0078_2D3_spx_l2b-v25-2026-172.fits
4.645603548753123,0.03777818479158749,0.000528985851084768,0.00019567975828564002,14,2097152,SPHEREx-D6,61206.424581,ibe/data/spherex/qr2/level2/2026W25_1A/l2b-v25-2026-172/6/level2_2026W25_1A_0078_2D6_spx_l2b-v25-2026-172.fits
0.8807691941847775,0.022107428169819792,0.0010566946109998277,7.654206311996477e-05,13,2097152,SPHEREx-D1,61208.122341,ibe/data/spherex/qr2/level2/2026W25_1A/l2b-v25-2026-172/1/level2_2026W25_1A_0424_3D1_spx_l2b-v25-2026-172.fits
2.9256772205232204,0.08451175622303365,0.0009730175657119288,5.135419091432512e-05,13,2097152,SPHEREx-D4,61208.122341,ibe/data/spherex/qr2/level2/2026W25_1A/l2b-v25-2026-172/4/level2_2026W25_1A_0424_3D4_spx_l2b-v25-2026-172.fits
0.9015167161959032,0.022896656103206837,0.0011619304812312498,0.0002367511635853484,12,270532613,SPHEREx-D1,61208.123833,ibe/data/spherex/qr2/level2/2026W25_1A/l2b-v25-2026-172/1/level2_2026W25_1A_0424_4D1_spx_l2b-v25-2026-172.fits
2.2464626131768286,0.055428698141921806,0.0016477055583419208,6.662066504172855e-05,13,2097152,SPHEREx-D3,61208.392972,ibe/data/spherex/qr2/level2/2026W25_1A/l2b-v25-2026-172/3/level2_2026W25_1A_0482_4D3_spx_l2b-v25-2026-172.fits
2.297587293609975,0.056415035844608524,0.0014796975331347224,6.425096217091327e-05,14,2097152,SPHEREx-D3,61208.864684,ibe/data/spherex/qr2/level2/2026W25_1A/l2b-v25-2026-172/3/level2_2026W25_1A_0578_1D3_spx_l2b-v25-2026-172.fits
4.915916943493446,0.03722974543472517,0.00022460183370417067,0.00025245472502685246,14,2097152,SPHEREx-D6,61208.864684,ibe/data/spherex/qr2/level2/2026W25_1A/l2b-v25-2026-172/6/level2_2026W25_1A_0578_1D6_spx_l2b-v25-2026-172.fits
2.350058911527595,0.05794202658659403,0.0014447606208538824,5.947561833598108e-05,10,2097152,SPHEREx-D3,61208.870352,ibe/data/spherex/qr2/level2/2026W25_1A/l2b-v25-2026-172/3/level2_2026W25_1A_0581_1D3_spx_l2b-v25-2026-172.fits
2.402026059851268,0.05627165975050735,0.0015644155185335735,8.015949357524748e-05,11,2097152,SPHEREx-D3,61208.871844,ibe/data/spherex/qr2/level2/2026W25_1A/l2b-v25-2026-172/3/level2_2026W25_1A_0581_2D3_spx_l2b-v25-2026-172.fits
4.987854580351583,0.03792149119774127,0.0003558184857373955,0.0002616523256828311,13,2097152,SPHEREx-D6,61208.871844,ibe/data/spherex/qr2/level2/2026W25_1A/l2b-v25-2026-172/6/level2_2026W25_1A_0581_2D6_spx_l2b-v25-2026-172.fits
3.0894932256003895,0.09022683921839791,0.0009239145228420022,4.628721219842419e-05,11,2097152,SPHEREx-D4,61210.631656,ibe/data/spherex/qr2/level2/2026W25_2A/l2b-v25-2026-174/4/level2_2026W25_2A_0239_1D4_spx_l2b-v25-2026-174.fits
0.9231212742460266,0.023548422098494157,0.0013583668761074567,7.404498378697492e-05,11,2097152,SPHEREx-D1,61210.631656,ibe/data/spherex/qr2/level2/2026W25_2A/l2b-v25-2026-174/1/level2_2026W25_2A_0239_1D1_spx_l2b-v25-2026-174.fits
1.3713419298333887,0.033039780296056045,0.0015256285230649332,7.821319261875167e-05,13,2097152,SPHEREx-D2,61210.905254,ibe/data/spherex/qr2/level2/2026W25_2A/l2b-v25-2026-174/2/level2_2026W25_2A_0306_1D2_spx_l2b-v25-2026-174.fits
4.136729533848179,0.03674684037618009,0.000639628470384269,0.0005442976888438873,13,270532608,SPHEREx-D5,61210.905254,ibe/data/spherex/qr2/level2/2026W25_2A/l2b-v25-2026-174/5/level2_2026W25_2A_0306_1D5_spx_l2b-v25-2026-174.fits
1.3393462239410332,0.03201023708960575,0.001736071628678674,7.856774838490988e-05,13,2097152,SPHEREx-D2,61210.972921,ibe/data/spherex/qr2/level2/2026W25_2A/l2b-v25-2026-174/2/level2_2026W25_2A_0326_1D2_spx_l2b-v25-2026-174.fits
4.101004609233049,0.03664540809305231,0.0009463689434192989,0.00012168796589845512,14,2097152,SPHEREx-D5,61210.972921,ibe/data/spherex/qr2/level2/2026W25_2A/l2b-v25-2026-174/5/level2_2026W25_2A_0326_1D5_spx_l2b-v25-2026-174.fits
4.764934015564922,0.03651376976095491,0.0003800738893495723,0.00021592585570291345,14,2097152,SPHEREx-D6,61211.856567,ibe/data/spherex/qr2/level2/2026W25_2A/l2b-v25-2026-174/6/level2_2026W25_2A_0509_3D6_spx_l2b-v25-2026-174.fits
2.0827823489829447,0.05184774580236666,0.0015704119098396718,6.322130201696064e-05,11,2097152,SPHEREx-D3,61211.856567,ibe/data/spherex/qr2/level2/2026W25_2A/l2b-v25-2026-174/3/level2_2026W25_2A_0509_3D3_spx_l2b-v25-2026-174.fits
4.775908300654487,0.03645244581133112,0.0007676930186598099,0.0002137897609692324,14,2097152,SPHEREx-D6,61212.939908,ibe/data/spherex/qr2/level2/2026W25_2A/l2b-v25-2026-174/6/level2_2026W25_2A_0725_1D6_spx_l2b-v25-2026-174.fits
4.435055414457935,0.03529220868118682,0.0008468504970516162,0.000174538865974562,13,2097152,SPHEREx-D6,61208.936526,ibe/data/spherex/qr2/level2/2026W25_1A/l2b-v25-2026-172/6/level2_2026W25_1A_0595_3D6_spx_l2b-v25-2026-172.fits
1.659821180591927,0.03969487506090033,0.0018234893609406575,8.075671518526261e-05,13,2097152,SPHEREx-D3,61208.936526,ibe/data/spherex/qr2/level2/2026W25_1A/l2b-v25-2026-172/3/level2_2026W25_1A_0595_3D3_spx_l2b-v25-2026-172.fits
1.6975553482172738,0.04085064831553156,0.0018726459081536808,7.948227032646097e-05,13,2097152,SPHEREx-D3,61209.273704,ibe/data/spherex/qr2/level2/2026W25_1A/l2b-v25-2026-172/3/level2_2026W25_1A_0665_1D3_spx_l2b-v25-2026-172.fits
4.466155777961876,0.035716563044984294,0.0006725967455269408,0.00018274485010030816,13,2097152,SPHEREx-D6,61209.273704,ibe/data/spherex/qr2/level2/2026W25_1A/l2b-v25-2026-172/6/level2_2026W25_1A_0665_1D6_spx_l2b-v25-2026-172.fits
1.736486403096623,0.042086831577796496,0.001909975056896784,8.024956027953796e-05,14,2097152,SPHEREx-D3,61209.275197,ibe/data/spherex/qr2/level2/2026W25_1A/l2b-v25-2026-172/3/level2_2026W25_1A_0665_2D3_spx_l2b-v25-2026-172.fits
4.497883049393911,0.03593692506626306,0.0008360035046799715,0.00017056689431975945,12,2097152,SPHEREx-D6,61209.275197,ibe/data/spherex/qr2/level2/2026W25_1A/l2b-v25-2026-172/6/level2_2026W25_1A_0665_2D6_spx_l2b-v25-2026-172.fits
1.7762915576117004,0.04338343149107488,0.0017852708491255867,7.549443309438127e-05,13,2097152,SPHEREx-D3,61209.276689,ibe/data/spherex/qr2/level2/2026W25_1A/l2b-v25-2026-172/3/level2_2026W25_1A_0665_3D3_spx_l2b-v25-2026-172.fits
4.530121418867457,0.03598363435397745,0.0006962276852692991,0.00018157380821840283,14,2097152,SPHEREx-D6,61209.276689,ibe/data/spherex/qr2/level2/2026W25_1A/l2b-v25-2026-172/6/level2_2026W25_1A_0665_3D6_spx_l2b-v25-2026-172.fits
1.8172717488559038,0.04466759811363894,0.0016411644258909576,7.106127434966023e-05,13,2097152,SPHEREx-D3,61209.278181,ibe/data/spherex/qr2/level2/2026W25_1A/l2b-v25-2026-172/3/level2_2026W25_1A_0665_4D3_spx_l2b-v25-2026-172.fits
4.562719957189124,0.036095110217227985,0.0006980147673968047,0.00018213800877289507,13,2097152,SPHEREx-D6,61209.278181,ibe/data/spherex/qr2/level2/2026W25_1A/l2b-v25-2026-172/6/level2_2026W25_1A_0665_4D6_spx_l2b-v25-2026-172.fits
1.859410247618602,0.045934812345842874,-0.0017421311354596486,0.0002675614246983555,14,2097152,SPHEREx-D3,61210.76937,ibe/data/spherex/qr2/level2/2026W25_2A/l2b-v25-2026-174/3/level2_2026W25_2A_0274_1D3_spx_l2b-v25-2026-174.fits
4.595940984026896,0.03635561549385165,0.0007295455650695304,0.00017775909986218072,13,2097152,SPHEREx-D6,61210.76937,ibe/data/spherex/qr2/level2/2026W25_2A/l2b-v25-2026-174/6/level2_2026W25_2A_0274_1D6_spx_l2b-v25-2026-174.fits
4.629325610441825,0.036606234548825924,0.04639572420880783,0.00046705087844373295,13,2097152,SPHEREx-D6,61210.770862,ibe/data/spherex/qr2/level2/2026W25_2A/l2b-v25-2026-174/6/level2_2026W25_2A_0274_2D6_spx_l2b-v25-2026-174.fits
1.9022795674414583,0.04686091918658379,0.0015889864887898822,7.111856774329475e-05,13,2097152,SPHEREx-D3,61210.770862,ibe/data/spherex/qr2/level2/2026W25_2A/l2b-v25-2026-174/3/level2_2026W25_2A_0274_2D3_spx_l2b-v25-2026-174.fits
1.94603138241779,0.04725706872502858,0.17556293102461207,0.0019023034736244564,13,2097152,SPHEREx-D3,61210.772355,ibe/data/spherex/qr2/level2/2026W25_2A/l2b-v25-2026-174/3/level2_2026W25_2A_0274_3D3_spx_l2b-v25-2026-174.fits
4.6632563251953565,0.03671481952411513,0.0006521027580707631,0.00017513563463677608,11,2097152,SPHEREx-D6,61210.772355,ibe/data/spherex/qr2/level2/2026W25_2A/l2b-v25-2026-174/6/level2_2026W25_2A_0274_3D6_spx_l2b-v25-2026-174.fits
1.9903392037897962,0.048158807185979716,0.00146633939228166,6.639074512168105e-05,13,2097152,SPHEREx-D3,61211.853582,ibe/data/spherex/qr2/level2/2026W25_2A/l2b-v25-2026-174/3/level2_2026W25_2A_0509_1D3_spx_l2b-v25-2026-174.fits
4.697094550797563,0.036823394122649046,0.0007702783785893726,0.0001878610134963453,12,2097152,SPHEREx-D6,61211.853582,ibe/data/spherex/qr2/level2/2026W25_2A/l2b-v25-2026-174/6/level2_2026W25_2A_0509_1D6_spx_l2b-v25-2026-174.fits
4.731040863432728,0.03668974848364874,0.000927512773213728,0.00020645855065213846,13,2097152,SPHEREx-D6,61211.855075,ibe/data/spherex/qr2/level2/2026W25_2A/l2b-v25-2026-174/6/level2_2026W25_2A_0509_2D6_spx_l2b-v25-2026-174.fits
2.036197235936305,0.05005619946053506,0.0015106186057641294,6.350891093630955e-05,11,2097152,SPHEREx-D3,61211.855075,ibe/data/spherex/qr2/level2/2026W25_2A/l2b-v25-2026-174/3/level2_2026W25_2A_0509_2D3_spx_l2b-v25-2026-174.fits
4.679691923903707,0.03742088241061538,0.00029673725921412937,0.000205563809187872,14,2097152,SPHEREx-D6,61206.426091,ibe/data/spherex/qr2/level2/2026W25_1A/l2b-v25-2026-172/6/level2_2026W25_1A_0078_3D6_spx_l2b-v25-2026-172.fits
1.9663651023477688,0.04807864354613028,0.0016893644673624264,0.00012144456249731865,13,2097152,SPHEREx-D3,61206.426091,ibe/data/spherex/qr2/level2/2026W25_1A/l2b-v25-2026-172/3/level2_2026W25_1A_0078_3D3_spx_l2b-v25-2026-172.fits
4.713742604236197,0.03717328975658917,0.00029588902657568325,0.00020597566751248187,13,2097152,SPHEREx-D6,61206.427583,ibe/data/spherex/qr2/level2/2026W25_1A/l2b-v25-2026-172/6/level2_2026W25_1A_0078_4D6_spx_l2b-v25-2026-172.fits
2.012028628865659,0.04953930390290033,0.0015038163639520647,6.832904438804175e-05,13,2097152,SPHEREx-D3,61206.427583,ibe/data/spherex/qr2/level2/2026W25_1A/l2b-v25-2026-172/3/level2_2026W25_1A_0078_4D3_spx_l2b-v25-2026-172.fits
2.0580216724527904,0.05113095404076642,0.0016145425533897555,7.115149071514572e-05,14,2097152,SPHEREx-D3,61207.642386,ibe/data/spherex/qr2/level2/2026W25_1A/l2b-v25-2026-172/3/level2_2026W25_1A_0316_1D3_spx_l2b-v25-2026-172.fits
4.747641152842155,0.0372915047620663,0.0005863643811099669,0.00022812465060591903,14,2097152,SPHEREx-D6,61207.642386,ibe/data/spherex/qr2/level2/2026W25_1A/l2b-v25-2026-172/6/level2_2026W25_1A_0316_1D6_spx_l2b-v25-2026-172.fits
0.8019785287584481,0.019955494520327632,0.0007930584552364343,7.068665552386388e-05,11,2097152,SPHEREx-D1,61206.901001,ibe/data/spherex/qr2/level2/2026W25_1A/l2b-v25-2026-172/1/level2_2026W25_1A_0169_3D1_spx_l2b-v25-2026-172.fits
2.627884730889991,0.07536089818031064,0.0009465578656875188,5.56109551050261e-05,13,2097152,SPHEREx-D4,61206.901001,ibe/data/spherex/qr2/level2/2026W25_1A/l2b-v25-2026-172/4/level2_2026W25_1A_0169_3D4_spx_l2b-v25-2026-172.fits
0.8208540197096063,0.02056029898248822,0.0007687273884649853,7.719460722100549e-05,13,2097152,SPHEREx-D1,61206.902493,ibe/data/spherex/qr2/level2/2026W25_1A/l2b-v25-2026-172/1/level2_2026W25_1A_0169_4D1_spx_l2b-v25-2026-172.fits
2.6993451231311285,0.07663941906239588,0.0010841505692651737,5.023437413791324e-05,11,2097152,SPHEREx-D4,61206.902493,ibe/data/spherex/qr2/level2/2026W25_1A/l2b-v25-2026-172/4/level2_2026W25_1A_0169_4D4_spx_l2b-v25-2026-172.fits
0.8404148960976946,0.02093652765244756,0.0007528440378582814,6.900880400255599e-05,11,2097152,SPHEREx-D1,61208.119356,ibe/data/spherex/qr2/level2/2026W25_1A/l2b-v25-2026-172/1/level2_2026W25_1A_0424_1D1_spx_l2b-v25-2026-172.fits
2.7727654431494924,0.0775340269394924,0.0010042221821320264,5.259763158289955e-05,13,2097152,SPHEREx-D4,61208.119356,ibe/data/spherex/qr2/level2/2026W25_1A/l2b-v25-2026-172/4/level2_2026W25_1A_0424_1D4_spx_l2b-v25-2026-172.fits
0.8600192592587212,0.021314142052445487,0.0008871395650625748,7.423387973959367e-05,13,2097152,SPHEREx-D1,61208.120849,ibe/data/spherex/qr2/level2/2026W25_1A/l2b-v25-2026-172/1/level2_2026W25_1A_0424_2D1_spx_l2b-v25-2026-172.fits
2.848175687500594,0.0815683817107733,0.0009931007849465724,5.13371839319657e-05,12,2097152,SPHEREx-D4,61208.120849,ibe/data/spherex/qr2/level2/2026W25_1A/l2b-v25-2026-172/4/level2_2026W25_1A_0424_2D4_spx_l2b-v25-2026-172.fits
3.0056647042346976,0.08551223715746104,0.0009447104879150423,9.156182019716393e-05,13,2097152,SPHEREx-D4,61208.123833,ibe/data/spherex/qr2/level2/2026W25_1A/l2b-v25-2026-172/4/level2_2026W25_1A_0424_4D4_spx_l2b-v25-2026-172.fits
4.8103124196706375,0.0365900677085276,0.0003014333221525434,0.00022355843809025052,14,2097152,SPHEREx-D6,61208.38997,ibe/data/spherex/qr2/level2/2026W25_1A/l2b-v25-2026-172/6/level2_2026W25_1A_0482_2D6_spx_l2b-v25-2026-172.fits
2.14665530281147,0.053847825886714946,0.001578116226779382,6.668549298128974e-05,13,2097152,SPHEREx-D3,61208.38997,ibe/data/spherex/qr2/level2/2026W25_1A/l2b-v25-2026-172/3/level2_2026W25_1A_0482_2D3_spx_l2b-v25-2026-172.fits
2.1960619428389476,0.05486589299834453,0.0015595362480765131,6.469811949019436e-05,12,2097152,SPHEREx-D3,61208.391462,ibe/data/spherex/qr2/level2/2026W25_1A/l2b-v25-2026-172/3/level2_2026W25_1A_0482_3D3_spx_l2b-v25-2026-172.fits
4.844787210114547,0.03674772450996916,0.0005831955216153136,0.0002306440197628467,14,2097152,SPHEREx-D6,61208.391462,ibe/data/spherex/qr2/level2/2026W25_1A/l2b-v25-2026-172/6/level2_2026W25_1A_0482_3D6_spx_l2b-v25-2026-172.fits
4.880202676516905,0.03697388234788253,0.0005670715062076786,0.00021665708832370104,11,2097152,SPHEREx-D6,61208.392972,ibe/data/spherex/qr2/level2/2026W25_1A/l2b-v25-2026-172/6/level2_2026W25_1A_0482_4D6_spx_l2b-v25-2026-172.fits
4.951866231198767,0.03754556599066798,0.0005720333330179984,0.00026282820679831827,13,2097152,SPHEREx-D6,61208.870352,ibe/data/spherex/qr2/level2/2026W25_1A/l2b-v25-2026-172/6/level2_2026W25_1A_0581_1D6_spx_l2b-v25-2026-172.fits
0.7479343763981752,0.017918677323127713,0.003721979734558186,0.0003192749924293543,12,2097152,SPHEREx-D1,61210.767398,ibe/data/spherex/qr2/level2/2026W25_2A/l2b-v25-2026-174/1/level2_2026W25_2A_0273_1D1_spx_l2b-v25-2026-174.fits
0.8218320381404096,0.02066971296279212,0.000915121637414322,7.907435852708769e-05,13,2097152,SPHEREx-D1,61025.997571,ibe/data/spherex/qr2/level2/2025W51_1A/l2b-v21-2025-354/1/level2_2025W51_1A_0431_1D1_spx_l2b-v21-2025-354.fits
0.8414166212577547,0.02112868856224713,0.0010718604216626664,7.745757234133986e-05,12,2097152,SPHEREx-D1,61025.999063,ibe/data/spherex/qr2/level2/2025W51_1A/l2b-v21-2025-354/1/level2_2025W51_1A_0431_2D1_spx_l2b-v21-2025-354.fits
0.8610317069484902,0.021571269741530202,0.0007037071840548842,7.369070292553621e-05,12,2097152,SPHEREx-D1,61026.000555,ibe/data/spherex/qr2/level2/2025W51_1A/l2b-v21-2025-354/1/level2_2025W51_1A_0431_3D1_spx_l2b-v21-2025-354.fits
0.8815498215014015,0.022400417138625072,0.0010031157189346795,7.371991890411136e-05,11,2097152,SPHEREx-D1,61026.002048,ibe/data/spherex/qr2/level2/2025W51_1A/l2b-v21-2025-354/1/level2_2025W51_1A_0431_4D1_spx_l2b-v21-2025-354.fits
0.9023481651816458,0.023369286110264658,0.0011722065986855732,7.79626660647139e-05,12,2097152,SPHEREx-D1,61027.490821,ibe/data/spherex/qr2/level2/2025W51_1A/l2b-v21-2025-354/1/level2_2025W51_1A_0745_1D1_spx_l2b-v21-2025-354.fits
2.7032382718389005,0.07869695086458207,0.0010600094072660163,5.2743379143879086e-05,12,2097152,SPHEREx-D4,61025.997571,ibe/data/spherex/qr2/level2/2025W51_1A/l2b-v21-2025-354/4/level2_2025W51_1A_0431_1D4_spx_l2b-v21-2025-354.fits
2.776829034728621,0.0791916891071206,0.0009830004531232919,5.372025102345228e-05,13,2097152,SPHEREx-D4,61025.999063,ibe/data/spherex/qr2/level2/2025W51_1A/l2b-v21-2025-354/4/level2_2025W51_1A_0431_2D4_spx_l2b-v21-2025-354.fits
2.8526337668591877,0.08225344964107459,0.001022202361910768,5.2972503260615656e-05,13,2097152,SPHEREx-D4,61026.000555,ibe/data/spherex/qr2/level2/2025W51_1A/l2b-v21-2025-354/4/level2_2025W51_1A_0431_3D4_spx_l2b-v21-2025-354.fits
2.930372232333734,0.08743175350404185,0.0009220626887844588,5.083660559141851e-05,13,2097152,SPHEREx-D4,61026.002048,ibe/data/spherex/qr2/level2/2025W51_1A/l2b-v21-2025-354/4/level2_2025W51_1A_0431_4D4_spx_l2b-v21-2025-354.fits
3.009619267424229,0.08701850484245233,0.0009428278317125529,5.3474951541010174e-05,14,2097152,SPHEREx-D4,61027.490821,ibe/data/spherex/qr2/level2/2025W51_1A/l2b-v21-2025-354/4/level2_2025W51_1A_0745_1D4_spx_l2b-v21-2025-354.fits
2.115733666759142,0.052695367098996804,0.0015644628247143515,6.329628205235985e-05,12,2097152,SPHEREx-D3,60848.086554,ibe/data/spherex/qr2/level2/2025W25_2A/l2b-v20-2025-254/3/level2_2025W25_2A_0515_1D3_spx_l2b-v20-2025-254.fits
2.1643226128806248,0.05398591875223041,0.0015827716354204844,6.319921744348042e-05,11,2097152,SPHEREx-D3,60848.088046,ibe/data/spherex/qr2/level2/2025W25_2A/l2b-v20-2025-254/3/level2_2025W25_2A_0515_2D3_spx_l2b-v20-2025-254.fits
1.8323050445618803,0.045161644567376064,0.001475316798732573,6.632286350256683e-05,12,2097152,SPHEREx-D3,60849.925188,ibe/data/spherex/qr2/level2/2025W26_1A/l2b-v20-2025-257/3/level2_2025W26_1A_0225_4D3_spx_l2b-v20-2025-257.fits
1.874222410152788,0.04632852045485241,0.001478648106037298,6.757034196937922e-05,12,2097152,SPHEREx-D3,60850.056364,ibe/data/spherex/qr2/level2/2025W26_1A/l2b-v20-2025-257/3/level2_2025W26_1A_0248_1D3_spx_l2b-v20-2025-257.fits
1.9178092389362302,0.04695148693832198,0.0016843188171390144,7.162164685745627e-05,14,2097152,SPHEREx-D3,60850.057856,ibe/data/spherex/qr2/level2/2025W26_1A/l2b-v20-2025-257/3/level2_2025W26_1A_0248_2D3_spx_l2b-v20-2025-257.fits
1.961556517315845,0.04747506818338476,0.0015406578837833117,6.509096364239777e-05,13,2097152,SPHEREx-D3,60850.059348,ibe/data/spherex/qr2/level2/2025W26_1A/l2b-v20-2025-257/3/level2_2025W26_1A_0248_3D3_spx_l2b-v20-2025-257.fits
2.007066113341208,0.049046898224339386,0.001608960626298865,6.55021914616949e-05,12,2097152,SPHEREx-D3,60850.060841,ibe/data/spherex/qr2/level2/2025W26_1A/l2b-v20-2025-257/3/level2_2025W26_1A_0248_4D3_spx_l2b-v20-2025-257.fits
2.052575682967575,0.05086414202382688,0.0014070282240276235,6.049417352423669e-05,11,2097152,SPHEREx-D3,60855.083642,ibe/data/spherex/qr2/level2/2025W26_2A/l2b-v20-2025-257/3/level2_2025W26_2A_0516_1D3_spx_l2b-v20-2025-257.fits
4.788280264672141,0.0368902544959304,0.0003521701352853362,0.00020157598436958986,13,2097152,SPHEREx-D6,60848.086554,ibe/data/spherex/qr2/level2/2025W25_2A/l2b-v20-2025-254/6/level2_2025W25_2A_0515_1D6_spx_l2b-v20-2025-254.fits
4.8934394848679545,0.03697383895731855,0.0005619362386587587,0.00022737772561942649,14,2097152,SPHEREx-D6,60848.09103,ibe/data/spherex/qr2/level2/2025W25_2A/l2b-v20-2025-254/6/level2_2025W25_2A_0515_4D6_spx_l2b-v20-2025-254.fits
4.928959629601693,0.03745092005915388,0.0006639584850281712,0.00023822264044378002,13,2097152,SPHEREx-D6,60848.222633,ibe/data/spherex/qr2/level2/2025W25_2A/l2b-v20-2025-254/6/level2_2025W25_2A_0546_1D6_spx_l2b-v20-2025-254.fits
5.001260940769216,0.03756650316249137,7.961742768338688e-05,0.0002589894090204779,13,2097152,SPHEREx-D6,60848.225617,ibe/data/spherex/qr2/level2/2025W25_2A/l2b-v20-2025-254/6/level2_2025W25_2A_0546_3D6_spx_l2b-v20-2025-254.fits
4.414666097484047,0.03557222268837616,0.00013862155054780647,0.0001551253028323815,13,2097152,SPHEREx-D6,60849.51544,ibe/data/spherex/qr2/level2/2025W26_1A/l2b-v20-2025-257/6/level2_2025W26_1A_0140_3D6_spx_l2b-v20-2025-257.fits
4.445894090488808,0.03567485769852643,0.0012123825867989791,0.0005023485263372327,14,2097157,SPHEREx-D6,60849.516932,ibe/data/spherex/qr2/level2/2025W26_1A/l2b-v20-2025-257/6/level2_2025W26_1A_0140_4D6_spx_l2b-v20-2025-257.fits
4.476840683741564,0.03577488788584456,0.0009224109931060365,0.00017225608060929186,13,2097152,SPHEREx-D6,60849.920711,ibe/data/spherex/qr2/level2/2025W26_1A/l2b-v20-2025-257/6/level2_2025W26_1A_0225_1D6_spx_l2b-v20-2025-257.fits
4.675590291932899,0.03644941820407801,0.0006532798878399329,0.00018504211180992553,13,2097152,SPHEREx-D6,60850.059348,ibe/data/spherex/qr2/level2/2025W26_1A/l2b-v20-2025-257/6/level2_2025W26_1A_0248_3D6_spx_l2b-v20-2025-257.fits
4.743344909577888,0.03677659446685604,0.0007180422067840428,0.00019676203244233708,14,2097152,SPHEREx-D6,60855.083642,ibe/data/spherex/qr2/level2/2025W26_2A/l2b-v20-2025-258/6/level2_2025W26_2A_0516_1D6_spx_l2b-v20-2025-258.fits
4.965130639200122,0.03752026595120989,0.0002567987108941386,0.00025521758171936947,13,2097152,SPHEREx-D6,60848.224125,ibe/data/spherex/qr2/level2/2025W25_2A/l2b-v20-2025-254/6/level2_2025W25_2A_0546_2D6_spx_l2b-v20-2025-254.fits
4.754121286700327,0.036851396225956234,0.0007642431419554743,0.00019030175442195007,13,2097152,SPHEREx-D6,60857.257198,ibe/data/spherex/qr2/level2/2025W27_1A/l2b-v20-2025-258/6/level2_2025W27_1A_0250_1D6_spx_l2b-v20-2025-258.fits
4.541643446084776,0.035767562905963404,0.00031683239599144056,0.0001624065272010142,13,2097152,SPHEREx-D6,60849.923695,ibe/data/spherex/qr2/level2/2025W26_1A/l2b-v20-2025-257/6/level2_2025W26_1A_0225_3D6_spx_l2b-v20-2025-257.fits
4.509234833775743,0.035771607083728896,0.0004907804901794461,0.0001755755053113111,14,2097152,SPHEREx-D6,60849.922203,ibe/data/spherex/qr2/level2/2025W26_1A/l2b-v20-2025-257/6/level2_2025W26_1A_0225_2D6_spx_l2b-v20-2025-257.fits
4.6076812265594755,0.03623996986100435,0.0006586782462395275,0.00016798411766458422,13,2097152,SPHEREx-D6,60850.056364,ibe/data/spherex/qr2/level2/2025W26_1A/l2b-v20-2025-257/6/level2_2025W26_1A_0248_1D6_spx_l2b-v20-2025-257.fits
4.70966626759277,0.036551783984089176,0.0009049907672111584,0.00019316943708764544,13,2097152,SPHEREx-D6,60850.060841,ibe/data/spherex/qr2/level2/2025W26_1A/l2b-v20-2025-257/6/level2_2025W26_1A_0248_4D6_spx_l2b-v20-2025-257.fits
1.6351925987962803,0.03892219474539283,0.0018441716835706265,7.72678397938167e-05,12,2097152,SPHEREx-D3,60849.51544,ibe/data/spherex/qr2/level2/2025W26_1A/l2b-v20-2025-257/3/level2_2025W26_1A_0140_3D3_spx_l2b-v20-2025-257.fits
1.672981163138838,0.040070767961566986,0.001989373297893852,8.12331097153262e-05,14,2097152,SPHEREx-D3,60849.516932,ibe/data/spherex/qr2/level2/2025W26_1A/l2b-v20-2025-257/3/level2_2025W26_1A_0140_4D3_spx_l2b-v20-2025-257.fits
1.7104492893718881,0.04121209891627214,0.0019180514133802019,7.677518897625657e-05,13,2097152,SPHEREx-D3,60849.920711,ibe/data/spherex/qr2/level2/2025W26_1A/l2b-v20-2025-257/3/level2_2025W26_1A_0225_1D3_spx_l2b-v20-2025-257.fits
1.7502755933922693,0.04259154023189355,0.0017998374310467474,0.00037578612231638545,12,2097152,SPHEREx-D3,60849.922203,ibe/data/spherex/qr2/level2/2025W26_1A/l2b-v20-2025-257/3/level2_2025W26_1A_0225_2D3_spx_l2b-v20-2025-257.fits
1.790081107875517,0.04396896747720772,0.001774331275859473,6.798325120945831e-05,11,2097152,SPHEREx-D3,60849.923695,ibe/data/spherex/qr2/level2/2025W26_1A/l2b-v20-2025-257/3/level2_2025W26_1A_0225_3D3_spx_l2b-v20-2025-257.fits
4.822810452813776,0.03662822369784671,0.0010046069975627357,0.0002212443430805732,14,2097152,SPHEREx-D6,60848.088046,ibe/data/spherex/qr2/level2/2025W25_2A/l2b-v20-2025-254/6/level2_2025W25_2A_0515_2D6_spx_l2b-v20-2025-254.fits
4.574729516278011,0.03597530289245442,0.0004923205516851563,0.00014892466404365916,11,2097152,SPHEREx-D6,60849.925188,ibe/data/spherex/qr2/level2/2025W26_1A/l2b-v20-2025-257/6/level2_2025W26_1A_0225_4D6_spx_l2b-v20-2025-257.fits
4.641454969565628,0.03639877640105241,0.00022192081827833267,0.00017461774244685062,14,2097152,SPHEREx-D6,60850.057856,ibe/data/spherex/qr2/level2/2025W26_1A/l2b-v20-2025-257/6/level2_2025W26_1A_0248_2D6_spx_l2b-v20-2025-257.fits
2.2147116416328663,0.054981299362103137,0.001530557768510063,6.474714469025238e-05,13,2097152,SPHEREx-D3,60848.089538,ibe/data/spherex/qr2/level2/2025W25_2A/l2b-v20-2025-254/3/level2_2025W25_2A_0515_3D3_spx_l2b-v20-2025-254.fits
2.2651413315891396,0.0559676236723425,0.0015391367339863103,6.123017742790763e-05,11,2097152,SPHEREx-D3,60848.09103,ibe/data/spherex/qr2/level2/2025W25_2A/l2b-v20-2025-254/3/level2_2025W25_2A_0515_4D3_spx_l2b-v20-2025-254.fits
2.3168223128384797,0.05715660487622374,0.0014049540932587648,5.828779916785412e-05,11,2097152,SPHEREx-D3,60848.222633,ibe/data/spherex/qr2/level2/2025W25_2A/l2b-v20-2025-254/3/level2_2025W25_2A_0546_1D3_spx_l2b-v20-2025-254.fits
2.3692911020910583,0.05837001020122249,0.0014178038261002765,6.257129320590368e-05,11,2097152,SPHEREx-D3,60848.224125,ibe/data/spherex/qr2/level2/2025W25_2A/l2b-v20-2025-254/3/level2_2025W25_2A_0546_2D3_spx_l2b-v20-2025-254.fits
2.4173318656497456,0.047785616367149834,0.0011489808602946855,0.0001010142754190048,12,2097280,SPHEREx-D3,60848.225617,ibe/data/spherex/qr2/level2/2025W25_2A/l2b-v20-2025-254/3/level2_2025W25_2A_0546_3D3_spx_l2b-v20-2025-254.fits
2.0672739015315633,0.05141314185268995,0.0016070557665466077,6.475622896341569e-05,13,2097152,SPHEREx-D3,60857.257198,ibe/data/spherex/qr2/level2/2025W27_1A/l2b-v20-2025-258/3/level2_2025W27_1A_0250_1D3_spx_l2b-v20-2025-258.fits
4.857560576468488,0.03649561747338842,0.0007020508308774598,0.00021629549332289182,13,2097152,SPHEREx-D6,60848.089538,ibe/data/spherex/qr2/level2/2025W25_2A/l2b-v20-2025-254/6/level2_2025W25_2A_0515_3D6_spx_l2b-v20-2025-254.fits
2.597104778516987,0.07434427952010042,0.0010926603330599356,5.640821653899151e-05,14,2097152,SPHEREx-D4,60836.129695,ibe/data/spherex/qr2/level2/2025W24_1A/l2b-v20-2025-252/4/level2_2025W24_1A_0235_1D4_spx_l2b-v20-2025-252.fits
3.845970221675707,0.03565588079337935,0.0009747155222639321,0.00011559131326333878,12,2097152,SPHEREx-D5,60840.001755,ibe/data/spherex/qr2/level2/2025W24_2D/l2b-v20-2025-253/5/level2_2025W24_2D_0278_1D5_spx_l2b-v20-2025-253.fits
3.521867099830723,0.09868542855303333,0.0008951227844345151,5.3602459001623716e-05,14,2097152,SPHEREx-D4,60833.88833,ibe/data/spherex/qr2/level2/2025W23_2B/l2b-v20-2025-252/4/level2_2025W23_2B_0510_1D4_spx_l2b-v20-2025-252.fits
3.714839827698602,0.1019533423181875,0.0009391368584778508,5.5060473002008944e-05,13,2097152,SPHEREx-D4,60833.891333,ibe/data/spherex/qr2/level2/2025W23_2B/l2b-v20-2025-252/4/level2_2025W23_2B_0510_3D4_spx_l2b-v20-2025-252.fits
3.814400989978287,0.1030179748201354,0.0009260236581786249,5.499613323670793e-05,12,2097152,SPHEREx-D4,60833.892825,ibe/data/spherex/qr2/level2/2025W23_2B/l2b-v20-2025-252/4/level2_2025W23_2B_0510_4D4_spx_l2b-v20-2025-252.fits
3.164289154344866,0.09205548552419872,0.000992593764473779,5.279176390596723e-05,14,2097152,SPHEREx-D4,60836.402724,ibe/data/spherex/qr2/level2/2025W24_1A/l2b-v20-2025-252/4/level2_2025W24_1A_0286_2D4_spx_l2b-v20-2025-252.fits
3.250297532683385,0.09378284154420155,0.0008508133638281454,5.1158933611075554e-05,13,2097152,SPHEREx-D4,60836.404216,ibe/data/spherex/qr2/level2/2025W24_1A/l2b-v20-2025-252/4/level2_2025W24_1A_0286_3D4_spx_l2b-v20-2025-252.fits
4.1329303524217895,0.03679647203795983,0.000834062696933972,0.00013835756705598466,14,2097152,SPHEREx-D5,60838.031821,ibe/data/spherex/qr2/level2/2025W24_1A/l2b-v20-2025-252/5/level2_2025W24_1A_0591_1D5_spx_l2b-v20-2025-252.fits
4.240839795578671,0.0369517043659106,0.0005717423046224922,0.00014442133074112767,14,2097152,SPHEREx-D5,60838.036298,ibe/data/spherex/qr2/level2/2025W24_1A/l2b-v20-2025-252/5/level2_2025W24_1A_0591_4D5_spx_l2b-v20-2025-252.fits
4.276746903408559,0.03730911698705856,0.0006627318336208211,0.0001314332688428563,11,2097152,SPHEREx-D5,60838.439561,ibe/data/spherex/qr2/level2/2025W24_1A/l2b-v20-2025-252/5/level2_2025W24_1A_0669_1D5_spx_l2b-v20-2025-252.fits
4.313263448731477,0.037581035072610465,0.0010297237049057097,0.00015791596755145766,14,2097152,SPHEREx-D5,60838.441054,ibe/data/spherex/qr2/level2/2025W24_1A/l2b-v20-2025-252/5/level2_2025W24_1A_0669_2D5_spx_l2b-v20-2025-252.fits
4.3875300232941115,0.037622168801206814,0.0005656345062737087,0.00015065850264381076,13,2097152,SPHEREx-D5,60838.444038,ibe/data/spherex/qr2/level2/2025W24_1A/l2b-v20-2025-252/5/level2_2025W24_1A_0669_4D5_spx_l2b-v20-2025-252.fits
3.981090715172325,0.03643614321633019,0.0010048557527260152,0.0001255484230511152,14,2097152,SPHEREx-D5,60840.748948,ibe/data/spherex/qr2/level2/2025W24_2D/l2b-v20-2025-253/5/level2_2025W24_2D_0411_1D5_spx_l2b-v20-2025-253.fits
4.050798844969272,0.03686739324586274,0.0007806714372347889,0.00023007370136366432,13,2097157,SPHEREx-D5,60840.751932,ibe/data/spherex/qr2/level2/2025W24_2D/l2b-v20-2025-253/5/level2_2025W24_2D_0411_3D5_spx_l2b-v20-2025-253.fits
4.121448400810393,0.03679050482997509,0.0008732497903859038,0.00012770126841020634,13,2097152,SPHEREx-D5,60841.903153,ibe/data/spherex/qr2/level2/2025W24_2D/l2b-v20-2025-253/5/level2_2025W24_2D_0623_1D5_spx_l2b-v20-2025-253.fits
0.7402742661795674,0.0171354108351865,0.0006708037020782806,8.378978544989311e-05,13,2097152,SPHEREx-D1,60836.744965,ibe/data/spherex/qr2/level2/2025W24_1A/l2b-v20-2025-252/1/level2_2025W24_1A_0355_4D1_spx_l2b-v20-2025-252.fits
1.099249149197377,0.025459380524214814,0.0013785444086168014,8.192566181060289e-05,13,2097152,SPHEREx-D2,60838.647482,ibe/data/spherex/qr2/level2/2025W24_2D/l2b-v20-2025-252/2/level2_2025W24_2D_0030_4D2_spx_l2b-v20-2025-252.fits
1.1251233534894185,0.026574714951936994,0.001470666695414221,7.995210196786491e-05,13,2097152,SPHEREx-D2,60840.001755,ibe/data/spherex/qr2/level2/2025W24_2D/l2b-v20-2025-252/2/level2_2025W24_2D_0278_1D2_spx_l2b-v20-2025-252.fits
2.4180411154811976,0.043648404036863216,0.0012809912340452359,0.00011158670970555653,11,2097280,SPHEREx-D4,60836.744965,ibe/data/spherex/qr2/level2/2025W24_1A/l2b-v20-2025-252/4/level2_2025W24_1A_0355_4D4_spx_l2b-v20-2025-252.fits
3.8131064795683063,0.03563115277267262,0.0008905805139722328,0.00011762392703350002,14,2097152,SPHEREx-D5,60838.647482,ibe/data/spherex/qr2/level2/2025W24_2D/l2b-v20-2025-253/5/level2_2025W24_2D_0030_4D5_spx_l2b-v20-2025-253.fits
0.85132418752302,0.021107000438384024,0.000958513485837974,7.466329771162235e-05,11,2097152,SPHEREx-D1,60836.134172,ibe/data/spherex/qr2/level2/2025W24_1A/l2b-v20-2025-252/1/level2_2025W24_1A_0235_4D1_spx_l2b-v20-2025-252.fits
0.9202510493888529,0.023454202524762637,0.001292255570569081,8.151429984708914e-05,13,2097152,SPHEREx-D1,60836.401232,ibe/data/spherex/qr2/level2/2025W24_1A/l2b-v20-2025-252/1/level2_2025W24_1A_0286_1D1_spx_l2b-v20-2025-252.fits
0.9421388829575242,0.024430542572571174,0.0012681536809422563,8.193646010953663e-05,13,2097152,SPHEREx-D1,60836.402724,ibe/data/spherex/qr2/level2/2025W24_1A/l2b-v20-2025-252/1/level2_2025W24_1A_0286_2D1_spx_l2b-v20-2025-252.fits
0.9645054312641312,0.02530269034360177,0.0013355039531065067,8.212116821182715e-05,13,2097152,SPHEREx-D1,60836.404216,ibe/data/spherex/qr2/level2/2025W24_1A/l2b-v20-2025-252/1/level2_2025W24_1A_0286_3D1_spx_l2b-v20-2025-252.fits
0.9875941774210164,0.02599910416967571,0.0012909347136382972,8.266459552784951e-05,13,2097152,SPHEREx-D1,60836.405709,ibe/data/spherex/qr2/level2/2025W24_1A/l2b-v20-2025-252/1/level2_2025W24_1A_0286_4D1_spx_l2b-v20-2025-252.fits
0.8714551794782472,0.021637367044863565,0.0009556454070348029,7.589100163878941e-05,12,2097152,SPHEREx-D1,60836.944874,ibe/data/spherex/qr2/level2/2025W24_1A/l2b-v20-2025-252/1/level2_2025W24_1A_0395_1D1_spx_l2b-v20-2025-252.fits
0.8921988235917602,0.02235802606577489,0.0011932135332092164,8.244735533237974e-05,14,2097152,SPHEREx-D1,60836.946366,ibe/data/spherex/qr2/level2/2025W24_1A/l2b-v20-2025-252/1/level2_2025W24_1A_0395_2D1_spx_l2b-v20-2025-252.fits
0.9132947884620333,0.023149030263790848,0.0011001544690746015,7.171746151032565e-05,10,2097152,SPHEREx-D1,60836.947876,ibe/data/spherex/qr2/level2/2025W24_1A/l2b-v20-2025-252/1/level2_2025W24_1A_0395_3D1_spx_l2b-v20-2025-252.fits
1.010886251332355,0.02672059586903434,0.0015461888608695531,8.815399585726789e-05,13,2097152,SPHEREx-D1,60837.964101,ibe/data/spherex/qr2/level2/2025W24_1A/l2b-v20-2025-252/1/level2_2025W24_1A_0578_1D1_spx_l2b-v20-2025-252.fits
1.400155589790561,0.03376202189997415,0.0015893002567120163,7.905045307977606e-05,13,2097152,SPHEREx-D2,60838.033313,ibe/data/spherex/qr2/level2/2025W24_1A/l2b-v20-2025-252/2/level2_2025W24_1A_0591_2D2_spx_l2b-v20-2025-252.fits
1.4682095520219467,0.0360355043738583,0.0016108328103097691,7.835734335732555e-05,13,2097152,SPHEREx-D2,60838.036298,ibe/data/spherex/qr2/level2/2025W24_1A/l2b-v20-2025-252/2/level2_2025W24_1A_0591_4D2_spx_l2b-v20-2025-252.fits
1.1792695565803835,0.028379385492718814,0.0018590979896517391,8.536210339424713e-05,14,2097152,SPHEREx-D2,60840.00474,ibe/data/spherex/qr2/level2/2025W24_2D/l2b-v20-2025-252/2/level2_2025W24_2D_0278_3D2_spx_l2b-v20-2025-252.fits
1.2075049326086755,0.029130720368696118,0.0016069459467886631,8.324112455355806e-05,14,2097152,SPHEREx-D2,60840.006232,ibe/data/spherex/qr2/level2/2025W24_2D/l2b-v20-2025-252/2/level2_2025W24_2D_0278_4D2_spx_l2b-v20-2025-252.fits
1.265694681196982,0.030565823603278607,0.0018710815558189466,8.428231730753672e-05,13,2097152,SPHEREx-D2,60840.75044,ibe/data/spherex/qr2/level2/2025W24_2D/l2b-v20-2025-252/2/level2_2025W24_2D_0411_2D2_spx_l2b-v20-2025-252.fits
1.2956216274113717,0.03127586800996247,0.0018759475045651139,7.922615669670558e-05,12,2097152,SPHEREx-D2,60840.751932,ibe/data/spherex/qr2/level2/2025W24_2D/l2b-v20-2025-252/2/level2_2025W24_2D_0411_3D2_spx_l2b-v20-2025-252.fits
2.6676494057798052,0.07590251826018038,0.0010702630819889017,5.420106326308642e-05,13,2097152,SPHEREx-D4,60836.131187,ibe/data/spherex/qr2/level2/2025W24_1A/l2b-v20-2025-252/4/level2_2025W24_1A_0235_2D4_spx_l2b-v20-2025-252.fits
3.0797377664614474,0.08990922635714967,0.0009033592034056161,4.869196177974674e-05,12,2097152,SPHEREx-D4,60836.401232,ibe/data/spherex/qr2/level2/2025W24_1A/l2b-v20-2025-252/4/level2_2025W24_1A_0286_1D4_spx_l2b-v20-2025-252.fits
3.3384666902973854,0.09578535360154687,0.0009875728368447967,5.334527283372344e-05,14,2097152,SPHEREx-D4,60836.405709,ibe/data/spherex/qr2/level2/2025W24_1A/l2b-v20-2025-252/4/level2_2025W24_1A_0286_4D4_spx_l2b-v20-2025-252.fits
2.9706340869162,0.08595694523887322,0.0009553246816979129,4.969664010853173e-05,11,2097152,SPHEREx-D4,60836.946366,ibe/data/spherex/qr2/level2/2025W24_1A/l2b-v20-2025-252/4/level2_2025W24_1A_0395_2D4_spx_l2b-v20-2025-252.fits
3.0530657783238286,0.08881287996682102,0.0009738783660349186,5.0074707976939344e-05,12,2097152,SPHEREx-D4,60836.947876,ibe/data/spherex/qr2/level2/2025W24_1A/l2b-v20-2025-252/4/level2_2025W24_1A_0395_3D4_spx_l2b-v20-2025-252.fits
2.52875888432982,0.073304086671723,0.0012116781427643987,5.562485158691446e-05,13,2097152,SPHEREx-D4,60837.489653,ibe/data/spherex/qr2/level2/2025W24_1A/l2b-v20-2025-252/4/level2_2025W24_1A_0492_2D4_spx_l2b-v20-2025-252.fits
4.168642361170576,0.03681362311265827,0.0009648967473424221,0.00013518237625347184,13,2097152,SPHEREx-D5,60838.033313,ibe/data/spherex/qr2/level2/2025W24_1A/l2b-v20-2025-252/5/level2_2025W24_1A_0591_2D5_spx_l2b-v20-2025-252.fits
4.204704470681845,0.03685291312687682,0.0006002413674201214,0.0004817032527042018,11,2097152,SPHEREx-D5,60838.034805,ibe/data/spherex/qr2/level2/2025W24_1A/l2b-v20-2025-252/5/level2_2025W24_1A_0591_3D5_spx_l2b-v20-2025-252.fits
3.912790340427572,0.036120624474483574,0.0007367983969451798,0.00012005922869362859,14,2097152,SPHEREx-D5,60840.00474,ibe/data/spherex/qr2/level2/2025W24_2D/l2b-v20-2025-253/5/level2_2025W24_2D_0278_3D5_spx_l2b-v20-2025-253.fits
4.086148087285708,0.03681170460938681,0.0011992860863364598,0.00013769363099439688,14,2097152,SPHEREx-D5,60840.753425,ibe/data/spherex/qr2/level2/2025W24_2D/l2b-v20-2025-253/5/level2_2025W24_2D_0411_4D5_spx_l2b-v20-2025-253.fits
1.0350430067297396,0.02759507357534704,0.0013814665392515284,8.423047803461661e-05,13,2097152,SPHEREx-D1,60833.88833,ibe/data/spherex/qr2/level2/2025W23_2B/l2b-v20-2025-252/1/level2_2025W23_2B_0510_1D1_spx_l2b-v20-2025-252.fits
1.059357995410448,0.028475135592134923,0.0016547914269974574,8.503230939782378e-05,12,2097152,SPHEREx-D1,60833.88984,ibe/data/spherex/qr2/level2/2025W23_2B/l2b-v20-2025-252/1/level2_2025W23_2B_0510_2D1_spx_l2b-v20-2025-252.fits
1.0850114710707481,0.02912274712404171,0.0014759317963631217,0.00011393963082805213,12,2097152,SPHEREx-D1,60833.891333,ibe/data/spherex/qr2/level2/2025W23_2B/l2b-v20-2025-252/1/level2_2025W23_2B_0510_3D1_spx_l2b-v20-2025-252.fits
1.1107158500744396,0.02975965220520921,0.0015055229413412363,8.310936569933592e-05,12,2097152,SPHEREx-D1,60833.892825,ibe/data/spherex/qr2/level2/2025W23_2B/l2b-v20-2025-252/1/level2_2025W23_2B_0510_4D1_spx_l2b-v20-2025-252.fits
1.6156093502741835,0.039167911186276515,0.0017456611956574498,7.595220464322512e-05,13,2097152,SPHEREx-D2,60838.444038,ibe/data/spherex/qr2/level2/2025W24_1A/l2b-v20-2025-252/2/level2_2025W24_1A_0669_4D2_spx_l2b-v20-2025-252.fits
1.6537346123116639,0.03988956288932166,0.001969664884092521,7.41379992500249e-05,12,2097152,SPHEREx-D2,60839.798436,ibe/data/spherex/qr2/level2/2025W24_2D/l2b-v20-2025-252/2/level2_2025W24_2D_0238_1D2_spx_l2b-v20-2025-252.fits
3.6173375660825693,0.10039140193746064,0.0008931282842582708,5.339882722385573e-05,13,2097152,SPHEREx-D4,60833.88984,ibe/data/spherex/qr2/level2/2025W23_2B/l2b-v20-2025-252/4/level2_2025W23_2B_0510_2D4_spx_l2b-v20-2025-252.fits
4.350353716926864,0.03772933721495686,0.0004799307029054593,0.0001385218828409355,12,2097152,SPHEREx-D5,60838.442546,ibe/data/spherex/qr2/level2/2025W24_1A/l2b-v20-2025-252/5/level2_2025W24_1A_0669_3D5_spx_l2b-v20-2025-252.fits
4.424628718549052,0.03734389112549163,0.00025122709186466477,0.00015255897120342008,13,2097152,SPHEREx-D5,60839.798436,ibe/data/spherex/qr2/level2/2025W24_2D/l2b-v20-2025-253/5/level2_2025W24_2D_0238_1D5_spx_l2b-v20-2025-253.fits
0.7937087535147221,0.019430602643105088,0.0008431601231353531,7.690292080258277e-05,12,2097152,SPHEREx-D1,60836.129695,ibe/data/spherex/qr2/level2/2025W24_1A/l2b-v20-2025-252/1/level2_2025W24_1A_0235_1D1_spx_l2b-v20-2025-252.fits
0.8123720900873604,0.020299994943858073,0.0008520810714047358,7.880563153748702e-05,12,2097152,SPHEREx-D1,60836.131187,ibe/data/spherex/qr2/level2/2025W24_1A/l2b-v20-2025-252/1/level2_2025W24_1A_0235_2D1_spx_l2b-v20-2025-252.fits
0.8317324725404701,0.02077378968960628,0.0011084084911467589,8.064376053067344e-05,13,2097152,SPHEREx-D1,60836.13268,ibe/data/spherex/qr2/level2/2025W24_1A/l2b-v20-2025-252/1/level2_2025W24_1A_0235_3D1_spx_l2b-v20-2025-252.fits
0.7576985894752752,0.01784916785565201,-0.0009205361319016561,0.00019122046809742795,13,2097152,SPHEREx-D1,60837.488161,ibe/data/spherex/qr2/level2/2025W24_1A/l2b-v20-2025-252/1/level2_2025W24_1A_0492_1D1_spx_l2b-v20-2025-252.fits
0.7751638151617173,0.018584382865989686,0.000569800990707885,7.148132644224284e-05,11,2097152,SPHEREx-D1,60837.489653,ibe/data/spherex/qr2/level2/2025W24_1A/l2b-v20-2025-252/1/level2_2025W24_1A_0492_2D1_spx_l2b-v20-2025-252.fits
1.3679203927263346,0.032742363585272,0.001602103044922137,8.08640046334379e-05,13,2097152,SPHEREx-D2,60838.031821,ibe/data/spherex/qr2/level2/2025W24_1A/l2b-v20-2025-252/2/level2_2025W24_1A_0591_1D2_spx_l2b-v20-2025-252.fits
1.4339528260672205,0.034909458804035544,0.0016853688763253628,7.98149757735726e-05,13,2097152,SPHEREx-D2,60838.034805,ibe/data/spherex/qr2/level2/2025W24_1A/l2b-v20-2025-252/2/level2_2025W24_1A_0591_3D2_spx_l2b-v20-2025-252.fits
1.503920073301328,0.036835774288428394,0.001780000066870164,8.114985725427556e-05,13,2097152,SPHEREx-D2,60838.439561,ibe/data/spherex/qr2/level2/2025W24_1A/l2b-v20-2025-252/2/level2_2025W24_1A_0669_1D2_spx_l2b-v20-2025-252.fits
1.5403512413294158,0.0376334446235956,0.0017886740435557765,7.54627124264651e-05,11,2097152,SPHEREx-D2,60838.441054,ibe/data/spherex/qr2/level2/2025W24_1A/l2b-v20-2025-252/2/level2_2025W24_1A_0669_2D2_spx_l2b-v20-2025-252.fits
1.5777144472706934,0.038420430320645384,0.0017253882200854627,7.485096165287082e-05,12,2097152,SPHEREx-D2,60838.442546,ibe/data/spherex/qr2/level2/2025W24_1A/l2b-v20-2025-252/2/level2_2025W24_1A_0669_3D2_spx_l2b-v20-2025-252.fits
1.151727752141325,0.0275578343677223,0.0016718088589787751,8.522342843077434e-05,14,2097152,SPHEREx-D2,60840.003248,ibe/data/spherex/qr2/level2/2025W24_2D/l2b-v20-2025-252/2/level2_2025W24_2D_0278_2D2_spx_l2b-v20-2025-252.fits
1.23602654810846,0.029835920454981076,0.0017111293005247306,8.14206983794971e-05,12,2097152,SPHEREx-D2,60840.748948,ibe/data/spherex/qr2/level2/2025W24_2D/l2b-v20-2025-252/2/level2_2025W24_2D_0411_1D2_spx_l2b-v20-2025-252.fits
1.3264405359566427,0.0317595919046084,0.0018214839670682172,8.773963015504004e-05,13,2097152,SPHEREx-D2,60840.753425,ibe/data/spherex/qr2/level2/2025W24_2D/l2b-v20-2025-252/2/level2_2025W24_2D_0411_4D2_spx_l2b-v20-2025-252.fits
1.3575603407904973,0.032414532421623024,0.0014492709640842106,8.094905547095286e-05,14,2097152,SPHEREx-D2,60841.903153,ibe/data/spherex/qr2/level2/2025W24_2D/l2b-v20-2025-252/2/level2_2025W24_2D_0623_1D2_spx_l2b-v20-2025-252.fits
2.740095893062989,0.0774098881280173,0.0009963135107074169,5.4786997534735987e-05,13,2097152,SPHEREx-D4,60836.13268,ibe/data/spherex/qr2/level2/2025W24_1A/l2b-v20-2025-252/4/level2_2025W24_1A_0235_3D4_spx_l2b-v20-2025-252.fits
2.814544131623828,0.07966840505291235,0.0009213232892492873,9.392373852324915e-05,11,2097152,SPHEREx-D4,60836.134172,ibe/data/spherex/qr2/level2/2025W24_1A/l2b-v20-2025-252/4/level2_2025W24_1A_0235_4D4_spx_l2b-v20-2025-252.fits
2.8909369913084655,0.08413035650508821,0.0007447274539468498,4.8698960501284134e-05,12,2097152,SPHEREx-D4,60836.944874,ibe/data/spherex/qr2/level2/2025W24_1A/l2b-v20-2025-252/4/level2_2025W24_1A_0395_1D4_spx_l2b-v20-2025-252.fits
2.4632935673778134,0.0685525521154868,0.0012156901387582134,5.667168000211008e-05,11,2097152,SPHEREx-D4,60837.488161,ibe/data/spherex/qr2/level2/2025W24_1A/l2b-v20-2025-252/4/level2_2025W24_1A_0492_1D4_spx_l2b-v20-2025-252.fits
3.4291432809377014,0.09704669697685099,0.0009307446181651555,5.19974970190668e-05,14,2097152,SPHEREx-D4,60837.964101,ibe/data/spherex/qr2/level2/2025W24_1A/l2b-v20-2025-252/4/level2_2025W24_1A_0578_1D4_spx_l2b-v20-2025-252.fits
3.8792084384690457,0.035819746515440426,0.0008914133915118706,0.0001172150960229115,13,2097152,SPHEREx-D5,60840.003248,ibe/data/spherex/qr2/level2/2025W24_2D/l2b-v20-2025-253/5/level2_2025W24_2D_0278_2D5_spx_l2b-v20-2025-253.fits
3.946890615175248,0.036301360621816124,0.0007013921275540868,0.00010909414823174259,12,2097152,SPHEREx-D5,60840.006232,ibe/data/spherex/qr2/level2/2025W24_2D/l2b-v20-2025-253/5/level2_2025W24_2D_0278_4D5_spx_l2b-v20-2025-253.fits
4.015884624206406,0.03667135240062744,0.0007956815581417237,0.00011250533636866222,11,2097152,SPHEREx-D5,60840.75044,ibe/data/spherex/qr2/level2/2025W24_2D/l2b-v20-2025-253/5/level2_2025W24_2D_0411_2D5_spx_l2b-v20-2025-253.fits
0.9089578868373593,0.02367891196139776,0.0011914729142308315,7.819682677421793e-05,13,2097152,SPHEREx-D1,61019.274341,ibe/data/spherex/qr2/level2/2025W50_1A/l2b-v20-2025-345/1/level2_2025W50_1A_0509_1D1_spx_l2b-v20-2025-345.fits
0.9306969741452764,0.02422661674126273,0.0011172168763930869,7.519210497065204e-05,12,2097152,SPHEREx-D1,61019.275851,ibe/data/spherex/qr2/level2/2025W50_1A/l2b-v20-2025-345/1/level2_2025W50_1A_0509_2D1_spx_l2b-v20-2025-345.fits
0.9526279173745682,0.024696146015378107,0.0012554513562250443,7.913315735841646e-05,13,2097152,SPHEREx-D1,61019.277343,ibe/data/spherex/qr2/level2/2025W50_1A/l2b-v20-2025-345/1/level2_2025W50_1A_0509_3D1_spx_l2b-v20-2025-345.fits
0.975326578393351,0.025449424666585903,0.0014826841593809992,7.785427905716713e-05,12,2097152,SPHEREx-D1,61019.278836,ibe/data/spherex/qr2/level2/2025W50_1A/l2b-v20-2025-345/1/level2_2025W50_1A_0509_4D1_spx_l2b-v20-2025-345.fits
0.9984556281864441,0.0263703163230459,0.0013549877114309356,8.340953041700946e-05,14,2097152,SPHEREx-D1,61021.787423,ibe/data/spherex/qr2/level2/2025W50_2A/l2b-v20-2025-349/1/level2_2025W50_2A_0365_1D1_spx_l2b-v20-2025-349.fits
1.022164308839709,0.027160227694832617,0.001226302169504991,8.100769656836314e-05,13,2097152,SPHEREx-D1,61021.788915,ibe/data/spherex/qr2/level2/2025W50_2A/l2b-v20-2025-349/1/level2_2025W50_2A_0365_2D1_spx_l2b-v20-2025-349.fits
1.0466124305505573,0.027750873150757284,0.001485216979403575,8.067299815389002e-05,12,2097152,SPHEREx-D1,61021.790407,ibe/data/spherex/qr2/level2/2025W50_2A/l2b-v20-2025-349/1/level2_2025W50_2A_0365_3D1_spx_l2b-v20-2025-349.fits
0.7490003277000434,0.017571203724350837,0.0006408645357701216,7.709250095437306e-05,12,2097152,SPHEREx-D1,61023.416272,ibe/data/spherex/qr2/level2/2025W50_2A/l2b-v20-2025-349/1/level2_2025W50_2A_0731_1D1_spx_l2b-v20-2025-349.fits
0.7665391542304456,0.018148216119405126,0.0007767181807470607,7.911600801123454e-05,13,2097152,SPHEREx-D1,61023.417765,ibe/data/spherex/qr2/level2/2025W50_2A/l2b-v20-2025-349/1/level2_2025W50_2A_0731_2D1_spx_l2b-v20-2025-349.fits
0.784324703810161,0.018803259741239135,0.0005541889845217067,0.00011444157181734874,14,2097152,SPHEREx-D1,61023.419257,ibe/data/spherex/qr2/level2/2025W50_2A/l2b-v20-2025-349/1/level2_2025W50_2A_0731_3D1_spx_l2b-v20-2025-349.fits
0.8030821642868606,0.019742237755683525,0.0008196213630513932,7.176463419641678e-05,11,2097152,SPHEREx-D1,61023.420749,ibe/data/spherex/qr2/level2/2025W50_2A/l2b-v20-2025-349/1/level2_2025W50_2A_0731_4D1_spx_l2b-v20-2025-349.fits
1.0712515744468483,0.028313426671399702,0.0015830266725966454,0.00016146966703457693,14,2097152,SPHEREx-D1,61023.484827,ibe/data/spherex/qr2/level2/2025W50_2A/l2b-v20-2025-349/1/level2_2025W50_2A_0745_1D1_spx_l2b-v20-2025-349.fits
1.096879737501413,0.028754822989844234,0.0013870104905653782,9.275387198096115e-05,14,2097152,SPHEREx-D1,61023.486319,ibe/data/spherex/qr2/level2/2025W50_2A/l2b-v20-2025-349/1/level2_2025W50_2A_0745_2D1_spx_l2b-v20-2025-349.fits
1.6536785113393322,0.03949189316174728,0.0022828615695671024,7.934937624302351e-05,14,2097152,SPHEREx-D2,61017.239776,ibe/data/spherex/qr2/level2/2025W50_1A/l2b-v20-2025-342/2/level2_2025W50_1A_0060_2D2_spx_l2b-v20-2025-342.fits
2.4071668780294395,0.0555730820826841,0.0014382179721517817,8.754002380832309e-05,12,2097152,SPHEREx-D3,61014.589816,ibe/data/spherex/qr2/level2/2025W49_2A/l2b-v20-2025-342/3/level2_2025W49_2A_0233_1D3_spx_l2b-v20-2025-342.fits
3.0356482813951278,0.08781849803419414,0.0009745409867501708,5.0603371824190195e-05,13,2097152,SPHEREx-D4,61019.274341,ibe/data/spherex/qr2/level2/2025W50_1A/l2b-v20-2025-345/4/level2_2025W50_1A_0509_1D4_spx_l2b-v20-2025-345.fits
3.119673194194528,0.092505412258973,0.0009270257453111298,4.9689785373475785e-05,14,2097152,SPHEREx-D4,61019.275851,ibe/data/spherex/qr2/level2/2025W50_1A/l2b-v20-2025-345/4/level2_2025W50_1A_0509_2D4_spx_l2b-v20-2025-345.fits
3.3806704102383707,0.09759755669170297,0.0009364713863572166,4.980811941003239e-05,13,2097152,SPHEREx-D4,61021.787423,ibe/data/spherex/qr2/level2/2025W50_2A/l2b-v20-2025-349/4/level2_2025W50_2A_0365_1D4_spx_l2b-v20-2025-349.fits
3.564376344656605,0.10135999085456832,0.0009449462318400147,4.905508900661075e-05,12,2097152,SPHEREx-D4,61021.790407,ibe/data/spherex/qr2/level2/2025W50_2A/l2b-v20-2025-349/4/level2_2025W50_2A_0365_3D4_spx_l2b-v20-2025-349.fits
2.4396677505940625,0.05324154055189165,0.0012712774915632453,7.710405923574498e-05,13,2097152,SPHEREx-D4,61023.416272,ibe/data/spherex/qr2/level2/2025W50_2A/l2b-v20-2025-349/4/level2_2025W50_2A_0731_1D4_spx_l2b-v20-2025-349.fits
2.4956674472812197,0.07236666913711085,0.0011358450818702633,5.702483963382246e-05,13,2097152,SPHEREx-D4,61023.417765,ibe/data/spherex/qr2/level2/2025W50_2A/l2b-v20-2025-349/4/level2_2025W50_2A_0731_2D4_spx_l2b-v20-2025-349.fits
2.5637249531154773,0.07538284136288229,0.0010362161873800704,5.3369483831617596e-05,13,2097152,SPHEREx-D4,61023.419257,ibe/data/spherex/qr2/level2/2025W50_2A/l2b-v20-2025-349/4/level2_2025W50_2A_0731_3D4_spx_l2b-v20-2025-349.fits
2.6324896564162157,0.07593545481965389,0.0010551043969957224,5.072698875713322e-05,11,2097152,SPHEREx-D4,61023.420749,ibe/data/spherex/qr2/level2/2025W50_2A/l2b-v20-2025-349/4/level2_2025W50_2A_0731_4D4_spx_l2b-v20-2025-349.fits
3.6608686692896266,0.10174656875252885,0.0009870345314100049,5.066009061389305e-05,12,2097152,SPHEREx-D4,61023.484827,ibe/data/spherex/qr2/level2/2025W50_2A/l2b-v20-2025-349/4/level2_2025W50_2A_0745_1D4_spx_l2b-v20-2025-349.fits
4.424668070370255,0.03840610833918945,0.0009099147426932785,0.00014032187171611292,10,2097152,SPHEREx-D5,61017.239776,ibe/data/spherex/qr2/level2/2025W50_1A/l2b-v20-2025-342/5/level2_2025W50_1A_0060_2D5_spx_l2b-v20-2025-342.fits
4.991085290110618,0.036756112706160804,0.0009462571411503692,0.00027336069959118815,13,2097152,SPHEREx-D6,61014.589816,ibe/data/spherex/qr2/level2/2025W49_2A/l2b-v20-2025-342/6/level2_2025W49_2A_0233_1D6_spx_l2b-v20-2025-342.fits
1.1225077301334558,0.029188891194685904,0.0015483260661812016,8.677736704044278e-05,13,2097152,SPHEREx-D1,61023.487812,ibe/data/spherex/qr2/level2/2025W50_2A/l2b-v20-2025-349/1/level2_2025W50_2A_0745_3D1_spx_l2b-v20-2025-349.fits
3.2052570884896934,0.09415656788661803,0.0009692749645307655,4.841935625532127e-05,13,2097152,SPHEREx-D4,61019.277343,ibe/data/spherex/qr2/level2/2025W50_1A/l2b-v20-2025-345/4/level2_2025W50_1A_0509_3D4_spx_l2b-v20-2025-345.fits
3.2923357320577087,0.09575829269648675,0.000964346289065305,4.8863155052380294e-05,12,2097152,SPHEREx-D4,61019.278836,ibe/data/spherex/qr2/level2/2025W50_1A/l2b-v20-2025-345/4/level2_2025W50_1A_0509_4D4_spx_l2b-v20-2025-345.fits
3.4705664930666535,0.09904707990850155,0.0009262624756983246,5.001824840794539e-05,13,2097152,SPHEREx-D4,61021.788915,ibe/data/spherex/qr2/level2/2025W50_2A/l2b-v20-2025-349/4/level2_2025W50_2A_0365_2D4_spx_l2b-v20-2025-349.fits
3.7597060680780823,0.10147338976281113,0.0008260068539707912,5.29530459191402e-05,13,2097152,SPHEREx-D4,61023.486319,ibe/data/spherex/qr2/level2/2025W50_2A/l2b-v20-2025-349/4/level2_2025W50_2A_0745_2D4_spx_l2b-v20-2025-349.fits
1.3367749291125044,0.031875190187741737,0.0017980890210922088,7.782477716908472e-05,12,2097152,SPHEREx-D2,61013.502922,ibe/data/spherex/qr2/level2/2025W49_2A/l2b-v20-2025-342/2/level2_2025W49_2A_0001_1D2_spx_l2b-v20-2025-342.fits
1.1002468997091475,0.02552033692917358,0.0014416444967542679,7.894046752110005e-05,13,2097152,SPHEREx-D2,61017.374044,ibe/data/spherex/qr2/level2/2025W50_1A/l2b-v20-2025-342/2/level2_2025W50_1A_0095_1D2_spx_l2b-v20-2025-342.fits
1.1259806832293082,0.02678328276218077,0.001459984209297813,7.982960080166517e-05,13,2097152,SPHEREx-D2,61017.375536,ibe/data/spherex/qr2/level2/2025W50_1A/l2b-v20-2025-342/2/level2_2025W50_1A_0095_2D2_spx_l2b-v20-2025-342.fits
1.1525134006190887,0.02779054543897662,0.0015446214022096384,7.391798107551761e-05,10,2097152,SPHEREx-D2,61017.377028,ibe/data/spherex/qr2/level2/2025W50_1A/l2b-v20-2025-342/2/level2_2025W50_1A_0095_3D2_spx_l2b-v20-2025-342.fits
1.1799623767607386,0.028499311155477613,0.001690259217803238,7.705336376798027e-05,11,2097152,SPHEREx-D2,61017.378521,ibe/data/spherex/qr2/level2/2025W50_1A/l2b-v20-2025-342/2/level2_2025W50_1A_0095_4D2_spx_l2b-v20-2025-342.fits
1.2081037660373004,0.029036157831158947,0.0016564564502440436,8.261771112156147e-05,13,2097152,SPHEREx-D2,61019.61454,ibe/data/spherex/qr2/level2/2025W50_1A/l2b-v20-2025-345/2/level2_2025W50_1A_0595_1D2_spx_l2b-v20-2025-345.fits
1.2367411007478977,0.029503523599613758,0.0016993469366013258,8.259972621789634e-05,13,2097152,SPHEREx-D2,61019.616032,ibe/data/spherex/qr2/level2/2025W50_1A/l2b-v20-2025-345/2/level2_2025W50_1A_0595_2D2_spx_l2b-v20-2025-345.fits
1.2663636648426089,0.030206241747980256,0.0016144486665217932,8.067830077135627e-05,13,2097152,SPHEREx-D2,61019.617524,ibe/data/spherex/qr2/level2/2025W50_1A/l2b-v20-2025-345/2/level2_2025W50_1A_0595_3D2_spx_l2b-v20-2025-345.fits
1.2962198217864844,0.030930510824065505,0.0017707711308779918,8.382670908566702e-05,14,2097152,SPHEREx-D2,61019.619017,ibe/data/spherex/qr2/level2/2025W50_1A/l2b-v20-2025-345/2/level2_2025W50_1A_0595_4D2_spx_l2b-v20-2025-345.fits
1.326865151636417,0.031645711266245206,0.0016676757938363345,8.038682648068443e-05,13,2097152,SPHEREx-D2,61022.263292,ibe/data/spherex/qr2/level2/2025W50_2A/l2b-v20-2025-349/2/level2_2025W50_2A_0487_1D2_spx_l2b-v20-2025-349.fits
1.6224181184041593,0.038688581080094854,0.0019157976756799078,8.230992076982467e-05,13,2097152,SPHEREx-D3,61013.776449,ibe/data/spherex/qr2/level2/2025W49_2A/l2b-v20-2025-342/3/level2_2025W49_2A_0064_2D3_spx_l2b-v20-2025-342.fits
1.6601167251860902,0.0397685611096845,0.0018565734826105078,8.17012117640896e-05,14,2097152,SPHEREx-D3,61013.777941,ibe/data/spherex/qr2/level2/2025W49_2A/l2b-v20-2025-342/3/level2_2025W49_2A_0064_3D3_spx_l2b-v20-2025-342.fits
1.6977301844039305,0.04084514338266448,0.0021097975180225364,8.104582914533668e-05,13,2097152,SPHEREx-D3,61015.201801,ibe/data/spherex/qr2/level2/2025W49_2A/l2b-v20-2025-342/3/level2_2025W49_2A_0351_1D3_spx_l2b-v20-2025-342.fits
1.7373546935869906,0.04219372226964449,0.001673835155678422,7.650996496602551e-05,13,2097152,SPHEREx-D3,61015.203293,ibe/data/spherex/qr2/level2/2025W49_2A/l2b-v20-2025-342/3/level2_2025W49_2A_0351_2D3_spx_l2b-v20-2025-342.fits
1.7770452062929232,0.043551620881921785,0.0017788314166361778,7.202308729965044e-05,11,2097152,SPHEREx-D3,61015.204785,ibe/data/spherex/qr2/level2/2025W49_2A/l2b-v20-2025-342/3/level2_2025W49_2A_0351_3D3_spx_l2b-v20-2025-342.fits
1.8189646488036688,0.04460612148775965,0.0017221807614429168,7.243411562633403e-05,13,2097152,SPHEREx-D3,61015.206277,ibe/data/spherex/qr2/level2/2025W49_2A/l2b-v20-2025-342/3/level2_2025W49_2A_0351_4D3_spx_l2b-v20-2025-342.fits
1.861078789027815,0.04562002569378897,0.0016110151462558034,7.402648593679559e-05,12,2097152,SPHEREx-D3,61017.10256,ibe/data/spherex/qr2/level2/2025W50_1A/l2b-v20-2025-342/3/level2_2025W50_1A_0027_1D3_spx_l2b-v20-2025-342.fits
1.9045019591622239,0.04656843537216187,0.0017714523986290713,7.196333996123489e-05,12,2097152,SPHEREx-D3,61017.104052,ibe/data/spherex/qr2/level2/2025W50_1A/l2b-v20-2025-342/3/level2_2025W50_1A_0027_2D3_spx_l2b-v20-2025-342.fits
1.9482360469217122,0.047501702214083105,0.0016083374558579235,6.933786284327875e-05,12,2097152,SPHEREx-D3,61017.105545,ibe/data/spherex/qr2/level2/2025W50_1A/l2b-v20-2025-342/3/level2_2025W50_1A_0027_3D3_spx_l2b-v20-2025-342.fits
1.9934198471385258,0.04898712830151829,0.0014674638992612152,6.77417350848504e-05,13,2097152,SPHEREx-D3,61017.107037,ibe/data/spherex/qr2/level2/2025W50_1A/l2b-v20-2025-342/3/level2_2025W50_1A_0027_4D3_spx_l2b-v20-2025-342.fits
4.097825270389488,0.036548819447598135,0.0007491652094332507,0.0001246617632016882,14,2097152,SPHEREx-D5,61013.502922,ibe/data/spherex/qr2/level2/2025W49_2A/l2b-v20-2025-342/5/level2_2025W49_2A_0001_1D5_spx_l2b-v20-2025-342.fits
3.814045812757911,0.03571027050519308,0.0010056274939427995,0.00011572760322070228,14,2097152,SPHEREx-D5,61017.374044,ibe/data/spherex/qr2/level2/2025W50_1A/l2b-v20-2025-342/5/level2_2025W50_1A_0095_1D5_spx_l2b-v20-2025-342.fits
3.8469564728569505,0.035719842177195774,0.0006668514697786098,0.00010814511294332697,13,2097152,SPHEREx-D5,61017.375536,ibe/data/spherex/qr2/level2/2025W50_1A/l2b-v20-2025-342/5/level2_2025W50_1A_0095_2D5_spx_l2b-v20-2025-342.fits
3.880198171125027,0.03589225768897751,0.0010845775476454919,0.0002507552794894013,14,2097152,SPHEREx-D5,61017.377028,ibe/data/spherex/qr2/level2/2025W50_1A/l2b-v20-2025-342/5/level2_2025W50_1A_0095_3D5_spx_l2b-v20-2025-342.fits
3.913659927768713,0.03617660979177073,0.0009718640257800345,0.00011376251232855485,13,2097152,SPHEREx-D5,61017.378521,ibe/data/spherex/qr2/level2/2025W50_1A/l2b-v20-2025-342/5/level2_2025W50_1A_0095_4D5_spx_l2b-v20-2025-342.fits
3.9475684735733525,0.036329449462954355,0.0009332868280057155,0.00011839916051815788,13,2097152,SPHEREx-D5,61019.61454,ibe/data/spherex/qr2/level2/2025W50_1A/l2b-v20-2025-345/5/level2_2025W50_1A_0595_1D5_spx_l2b-v20-2025-345.fits
3.9817916108247466,0.036457754851317414,0.0010753197367499236,0.0001243479778431532,13,2097152,SPHEREx-D5,61019.616032,ibe/data/spherex/qr2/level2/2025W50_1A/l2b-v20-2025-345/5/level2_2025W50_1A_0595_2D5_spx_l2b-v20-2025-345.fits
4.01656488977547,0.036710645232726116,0.0007570824873584637,0.00011895595938232006,12,2097152,SPHEREx-D5,61019.617524,ibe/data/spherex/qr2/level2/2025W50_1A/l2b-v20-2025-345/5/level2_2025W50_1A_0595_3D5_spx_l2b-v20-2025-345.fits
4.051445389040918,0.03684239893729905,0.0008971180163281217,0.00012568945872221146,13,2097152,SPHEREx-D5,61019.619017,ibe/data/spherex/qr2/level2/2025W50_1A/l2b-v20-2025-345/5/level2_2025W50_1A_0595_4D5_spx_l2b-v20-2025-345.fits
4.086493126615908,0.03662050760985949,0.0008159822568966482,0.00012316719524146084,12,2097152,SPHEREx-D5,61022.263292,ibe/data/spherex/qr2/level2/2025W50_2A/l2b-v20-2025-349/5/level2_2025W50_2A_0487_1D5_spx_l2b-v20-2025-349.fits
4.40393725640147,0.03740167396196102,0.0007953108676197961,0.0001686013249305505,14,2097152,SPHEREx-D6,61013.776449,ibe/data/spherex/qr2/level2/2025W49_2A/l2b-v20-2025-342/6/level2_2025W49_2A_0064_2D6_spx_l2b-v20-2025-342.fits
4.4353893781205995,0.03682443369876043,0.0007038507958675148,0.0001725705324011603,13,2097152,SPHEREx-D6,61013.777941,ibe/data/spherex/qr2/level2/2025W49_2A/l2b-v20-2025-342/6/level2_2025W49_2A_0064_3D6_spx_l2b-v20-2025-342.fits
4.466766879185132,0.03624653250730489,0.0006144516841805966,0.000172110489366905,12,2097152,SPHEREx-D6,61015.201801,ibe/data/spherex/qr2/level2/2025W49_2A/l2b-v20-2025-342/6/level2_2025W49_2A_0351_1D6_spx_l2b-v20-2025-342.fits
4.4991786597788295,0.03629006738203354,0.00048775024698587995,0.00016926561469588145,13,2097152,SPHEREx-D6,61015.203293,ibe/data/spherex/qr2/level2/2025W49_2A/l2b-v20-2025-342/6/level2_2025W49_2A_0351_2D6_spx_l2b-v20-2025-342.fits
4.531650659619994,0.03637890710620124,0.0006165805459851703,0.0001604085763570359,11,2097152,SPHEREx-D6,61015.204785,ibe/data/spherex/qr2/level2/2025W49_2A/l2b-v20-2025-342/6/level2_2025W49_2A_0351_3D6_spx_l2b-v20-2025-342.fits
4.564718277697634,0.03659652463934483,0.0005801068907075069,0.00017084173950049833,13,2097152,SPHEREx-D6,61015.206277,ibe/data/spherex/qr2/level2/2025W49_2A/l2b-v20-2025-342/6/level2_2025W49_2A_0351_4D6_spx_l2b-v20-2025-342.fits
4.597968027952412,0.036865305719463566,0.0005151214483049901,0.0001789010932179583,13,2097152,SPHEREx-D6,61017.10256,ibe/data/spherex/qr2/level2/2025W50_1A/l2b-v20-2025-342/6/level2_2025W50_1A_0027_1D6_spx_l2b-v20-2025-342.fits
4.631574629644591,0.03691928813969948,0.0005773526782327083,0.00019424935852601196,14,2097152,SPHEREx-D6,61017.104052,ibe/data/spherex/qr2/level2/2025W50_1A/l2b-v20-2025-342/6/level2_2025W50_1A_0027_2D6_spx_l2b-v20-2025-342.fits
4.665452783170011,0.03673342512810528,0.0008675265240124345,0.00018727818858442206,12,2097152,SPHEREx-D6,61017.105545,ibe/data/spherex/qr2/level2/2025W50_1A/l2b-v20-2025-342/6/level2_2025W50_1A_0027_3D6_spx_l2b-v20-2025-342.fits
4.699451250605439,0.03652899810957569,0.0003546155109205945,0.00019640561043318873,13,2097152,SPHEREx-D6,61017.107037,ibe/data/spherex/qr2/level2/2025W50_1A/l2b-v20-2025-342/6/level2_2025W50_1A_0027_4D6_spx_l2b-v20-2025-342.fits
1.3684421261401893,0.032817361322070124,0.0016753805063169287,7.988608214938284e-05,14,2097152,SPHEREx-D2,61013.504414,ibe/data/spherex/qr2/level2/2025W49_2A/l2b-v20-2025-342/2/level2_2025W49_2A_0001_2D2_spx_l2b-v20-2025-342.fits
1.4005456146572357,0.03385469529618921,0.0017056503470934147,7.831269770585065e-05,13,2097152,SPHEREx-D2,61013.505906,ibe/data/spherex/qr2/level2/2025W49_2A/l2b-v20-2025-342/2/level2_2025W49_2A_0001_3D2_spx_l2b-v20-2025-342.fits
1.4343360838926127,0.03499292780385219,0.0016734352274092965,7.467340532314195e-05,12,2097152,SPHEREx-D2,61013.507416,ibe/data/spherex/qr2/level2/2025W49_2A/l2b-v20-2025-342/2/level2_2025W49_2A_0001_4D2_spx_l2b-v20-2025-342.fits
1.468486592101796,0.03608357246479464,0.0017019245824308662,7.45657167094569e-05,11,2097152,SPHEREx-D2,61015.676142,ibe/data/spherex/qr2/level2/2025W49_2A/l2b-v20-2025-342/2/level2_2025W49_2A_0461_1D2_spx_l2b-v20-2025-342.fits
1.5042132339295824,0.03685693842880725,0.0017854314072125305,8.001343152612715e-05,14,2097152,SPHEREx-D2,61015.677634,ibe/data/spherex/qr2/level2/2025W49_2A/l2b-v20-2025-342/2/level2_2025W49_2A_0461_2D2_spx_l2b-v20-2025-342.fits
1.5405205900595909,0.03757897885210303,0.0016803262617836976,8.049060030269153e-05,14,2097152,SPHEREx-D2,61015.679127,ibe/data/spherex/qr2/level2/2025W49_2A/l2b-v20-2025-342/2/level2_2025W49_2A_0461_3D2_spx_l2b-v20-2025-342.fits
1.5777873752595875,0.038226005441942434,0.0020767844204231437,7.719093242067748e-05,13,2097152,SPHEREx-D2,61015.680619,ibe/data/spherex/qr2/level2/2025W49_2A/l2b-v20-2025-342/2/level2_2025W49_2A_0461_4D2_spx_l2b-v20-2025-342.fits
1.6155293488147278,0.03886450527046082,0.0017988838424972072,7.646563896353338e-05,13,2097152,SPHEREx-D2,61017.238284,ibe/data/spherex/qr2/level2/2025W50_1A/l2b-v20-2025-342/2/level2_2025W50_1A_0060_1D2_spx_l2b-v20-2025-342.fits
4.133371512718539,0.036699136666008256,0.0007452642697021939,0.00011598227735681292,11,2097152,SPHEREx-D5,61013.504414,ibe/data/spherex/qr2/level2/2025W49_2A/l2b-v20-2025-342/5/level2_2025W49_2A_0001_2D5_spx_l2b-v20-2025-342.fits
4.169053082910489,0.03692109657416055,0.0008250112985326088,0.00012342479010008458,11,2097152,SPHEREx-D5,61013.505906,ibe/data/spherex/qr2/level2/2025W49_2A/l2b-v20-2025-342/5/level2_2025W49_2A_0001_3D5_spx_l2b-v20-2025-342.fits
4.20492159753363,0.03677675015982757,0.000977014708307343,0.0001294048164000485,13,2097152,SPHEREx-D5,61013.507416,ibe/data/spherex/qr2/level2/2025W49_2A/l2b-v20-2025-342/5/level2_2025W49_2A_0001_4D5_spx_l2b-v20-2025-342.fits
4.240838411521349,0.03675318368896258,0.0007473850617838755,0.00018160197640654455,14,2097152,SPHEREx-D5,61015.676142,ibe/data/spherex/qr2/level2/2025W49_2A/l2b-v20-2025-342/5/level2_2025W49_2A_0461_1D5_spx_l2b-v20-2025-342.fits
4.277124434756292,0.03706223405759172,0.0005216167840778735,0.00013024810000393126,12,2097152,SPHEREx-D5,61015.677634,ibe/data/spherex/qr2/level2/2025W49_2A/l2b-v20-2025-342/5/level2_2025W49_2A_0461_2D5_spx_l2b-v20-2025-342.fits
4.313620804909359,0.03746229339492416,0.0008112197392492517,0.0001391729044176517,13,2097152,SPHEREx-D5,61015.679127,ibe/data/spherex/qr2/level2/2025W49_2A/l2b-v20-2025-342/5/level2_2025W49_2A_0461_3D5_spx_l2b-v20-2025-342.fits
4.350348357269825,0.0379605469563663,0.0005937041063286408,0.0001295838520470502,11,2097152,SPHEREx-D5,61015.680619,ibe/data/spherex/qr2/level2/2025W49_2A/l2b-v20-2025-342/5/level2_2025W49_2A_0461_4D5_spx_l2b-v20-2025-342.fits
4.387402006869541,0.038222006819135075,0.0005374330880227248,0.00014707139329280718,13,2097152,SPHEREx-D5,61017.238284,ibe/data/spherex/qr2/level2/2025W50_1A/l2b-v20-2025-342/5/level2_2025W50_1A_0060_1D5_spx_l2b-v20-2025-342.fits
2.200713157162699,0.05488937887680102,0.0015845619004444865,6.832536390311219e-05,14,2097152,SPHEREx-D3,61012.009157,ibe/data/spherex/qr2/level2/2025W49_1A/l2b-v20-2025-339/3/level2_2025W49_1A_0443_1D3_spx_l2b-v20-2025-339.fits
4.848163750569568,0.03687368273139256,0.0011368928599251305,0.00022402254204471648,13,2097152,SPHEREx-D6,61012.009157,ibe/data/spherex/qr2/level2/2025W49_1A/l2b-v20-2025-339/6/level2_2025W49_1A_0443_1D6_spx_l2b-v20-2025-339.fits
2.2510345663712763,0.056080545707267934,0.0016027216583552465,6.796961990479152e-05,14,2097152,SPHEREx-D3,61012.010649,ibe/data/spherex/qr2/level2/2025W49_1A/l2b-v20-2025-339/3/level2_2025W49_1A_0443_2D3_spx_l2b-v20-2025-339.fits
4.883793630402251,0.03699010559251799,0.0007146519701934505,0.00020671564499969995,11,2097152,SPHEREx-D6,61012.010649,ibe/data/spherex/qr2/level2/2025W49_1A/l2b-v20-2025-339/6/level2_2025W49_1A_0443_2D6_spx_l2b-v20-2025-339.fits
2.3031672667304286,0.05740378340895029,0.001562567618900191,6.459169579540058e-05,13,2097152,SPHEREx-D3,61012.012142,ibe/data/spherex/qr2/level2/2025W49_1A/l2b-v20-2025-339/3/level2_2025W49_1A_0443_3D3_spx_l2b-v20-2025-339.fits
4.919473021353072,0.037108038440073765,0.000775493391894894,0.00022911543448989315,12,2097152,SPHEREx-D6,61012.012142,ibe/data/spherex/qr2/level2/2025W49_1A/l2b-v20-2025-339/6/level2_2025W49_1A_0443_3D6_spx_l2b-v20-2025-339.fits
2.355591489188902,0.0587486742124483,0.0013966333126438964,6.276808301657802e-05,13,2097152,SPHEREx-D3,61012.013634,ibe/data/spherex/qr2/level2/2025W49_1A/l2b-v20-2025-339/3/level2_2025W49_1A_0443_4D3_spx_l2b-v20-2025-339.fits
4.955342012104084,0.03694618706136455,-0.027383513498019117,0.0003131303422655536,13,2097152,SPHEREx-D6,61012.013634,ibe/data/spherex/qr2/level2/2025W49_1A/l2b-v20-2025-339/6/level2_2025W49_1A_0443_4D6_spx_l2b-v20-2025-339.fits
2.008015499547303,0.04951640492902546,0.001435895140148246,6.496545165766786e-05,13,2097152,SPHEREx-D3,61005.693704,ibe/data/spherex/qr2/level2/2025W48_1A/l2b-v20-2025-335/3/level2_2025W48_1A_0575_1D3_spx_l2b-v20-2025-335.fits
4.710412295720173,0.036441431400971794,0.0005011086743863974,0.00018445623937185483,13,2097152,SPHEREx-D6,61005.693704,ibe/data/spherex/qr2/level2/2025W48_1A/l2b-v20-2025-335/6/level2_2025W48_1A_0575_1D6_spx_l2b-v20-2025-335.fits
2.0537559222030004,0.05117357933157908,0.0016529613696911881,6.438798527776323e-05,11,2097152,SPHEREx-D3,61005.695196,ibe/data/spherex/qr2/level2/2025W48_1A/l2b-v20-2025-335/3/level2_2025W48_1A_0575_2D3_spx_l2b-v20-2025-335.fits
4.744735126844849,0.03617427772334321,0.0007837572487692548,0.00018529354832075377,11,2097152,SPHEREx-D6,61005.695196,ibe/data/spherex/qr2/level2/2025W48_1A/l2b-v20-2025-335/6/level2_2025W48_1A_0575_2D6_spx_l2b-v20-2025-335.fits
2.1021281984678235,0.052428628014206946,0.0015816844703958417,6.112906570384692e-05,11,2097152,SPHEREx-D3,61005.696688,ibe/data/spherex/qr2/level2/2025W48_1A/l2b-v20-2025-335/3/level2_2025W48_1A_0575_3D3_spx_l2b-v20-2025-335.fits
4.779083502470003,0.036134047340202397,0.0005136634070891011,0.0002039543253258364,14,2097152,SPHEREx-D6,61005.696688,ibe/data/spherex/qr2/level2/2025W48_1A/l2b-v20-2025-335/6/level2_2025W48_1A_0575_3D6_spx_l2b-v20-2025-335.fits
2.150560606090951,0.053686349656360995,0.0016961974511745714,6.573782238689785e-05,13,2097152,SPHEREx-D3,61005.698181,ibe/data/spherex/qr2/level2/2025W48_1A/l2b-v20-2025-335/3/level2_2025W48_1A_0575_4D3_spx_l2b-v20-2025-335.fits
4.813567766740126,0.036519787688946294,0.0006479632605292431,0.0001936019527583822,12,2097152,SPHEREx-D6,61005.698181,ibe/data/spherex/qr2/level2/2025W48_1A/l2b-v20-2025-335/6/level2_2025W48_1A_0575_4D6_spx_l2b-v20-2025-335.fits
